question_id,q_fail_rate,n_fail_total,n_total,category,f_question_length_chars,f_question_length_chars__status,f_question_length_chars__reason,f_question_length_words,f_question_length_words__status,f_question_length_words__reason,f_context_token_count,f_context_token_count__status,f_context_token_count__reason,f_n_sentences,f_n_sentences__status,f_n_sentences__reason,f_n_lines,f_n_lines__status,f_n_lines__reason,f_n_clauses,f_n_clauses__status,f_n_clauses__reason,f_avg_words_per_sentence,f_avg_words_per_sentence__status,f_avg_words_per_sentence__reason,f_avg_chars_per_word,f_avg_chars_per_word__status,f_avg_chars_per_word__reason,f_max_word_len,f_max_word_len__status,f_max_word_len__reason,f_long_word_ratio,f_long_word_ratio__status,f_long_word_ratio__reason,f_tokens_per_word,f_tokens_per_word__status,f_tokens_per_word__reason,f_punctuation_density,f_punctuation_density__status,f_punctuation_density__reason,f_whitespace_ratio,f_whitespace_ratio__status,f_whitespace_ratio__reason,f_uppercase_char_ratio,f_uppercase_char_ratio__status,f_uppercase_char_ratio__reason,f_digit_char_ratio,f_digit_char_ratio__status,f_digit_char_ratio__reason,f_question_complexity_score,f_question_complexity_score__status,f_question_complexity_score__reason,f_is_readability_reliable,f_is_readability_reliable__status,f_is_readability_reliable__reason,f_flesch_reading_ease,f_flesch_reading_ease__status,f_flesch_reading_ease__reason,f_gunning_fog,f_gunning_fog__status,f_gunning_fog__reason,f_coleman_liau_index,f_coleman_liau_index__status,f_coleman_liau_index__reason,f_dale_chall_score,f_dale_chall_score__status,f_dale_chall_score__reason,f_difficult_word_count,f_difficult_word_count__status,f_difficult_word_count__reason,f_difficult_word_ratio,f_difficult_word_ratio__status,f_difficult_word_ratio__reason,f_avg_syllables_per_word,f_avg_syllables_per_word__status,f_avg_syllables_per_word__reason,f_polysyllable_count,f_polysyllable_count__status,f_polysyllable_count__reason,f_type_token_ratio,f_type_token_ratio__status,f_type_token_ratio__reason,f_root_type_token_ratio,f_root_type_token_ratio__status,f_root_type_token_ratio__reason,f_mtld,f_mtld__status,f_mtld__reason,f_word_entropy,f_word_entropy__status,f_word_entropy__reason,f_char_entropy,f_char_entropy__status,f_char_entropy__reason,f_stopword_ratio,f_stopword_ratio__status,f_stopword_ratio__reason,f_content_word_count,f_content_word_count__status,f_content_word_count__reason,f_mean_word_zipf,f_mean_word_zipf__status,f_mean_word_zipf__reason,f_min_word_zipf,f_min_word_zipf__status,f_min_word_zipf__reason,f_rare_word_count,f_rare_word_count__status,f_rare_word_count__reason,f_rare_word_ratio,f_rare_word_ratio__status,f_rare_word_ratio__reason,f_jargon_ratio,f_jargon_ratio__status,f_jargon_ratio__reason,f_oov_like_count,f_oov_like_count__status,f_oov_like_count__reason,f_max_bpe_fertility,f_max_bpe_fertility__status,f_max_bpe_fertility__reason,f_question_type,f_question_type__status,f_question_type__reason,f_question_type_secondary,f_question_type_secondary__status,f_question_type_secondary__reason,f_wh_word_count,f_wh_word_count__status,f_wh_word_count__reason,f_distinct_wh_count,f_distinct_wh_count__status,f_distinct_wh_count__reason,f_question_mark_count,f_question_mark_count__status,f_question_mark_count__reason,f_ends_with_question_mark,f_ends_with_question_mark__status,f_ends_with_question_mark__reason,f_is_wh_question,f_is_wh_question__status,f_is_wh_question__reason,f_is_yes_no_question,f_is_yes_no_question__status,f_is_yes_no_question__reason,f_is_imperative,f_is_imperative__status,f_is_imperative__reason,f_primary_task_verb,f_primary_task_verb__status,f_primary_task_verb__reason,f_sub_question_count,f_sub_question_count__status,f_sub_question_count__reason,f_is_multi_part,f_is_multi_part__status,f_is_multi_part__reason,f_has_enumeration_request,f_has_enumeration_request__status,f_has_enumeration_request__reason,f_requested_item_count,f_requested_item_count__status,f_requested_item_count__reason,f_max_parse_depth,f_max_parse_depth__status,f_max_parse_depth__reason,f_named_entity_hint,f_named_entity_hint__status,f_named_entity_hint__reason,f_entity_count,f_entity_count__status,f_entity_count__reason,f_distinct_entity_types,f_distinct_entity_types__status,f_distinct_entity_types__reason,f_entity_person_count,f_entity_person_count__status,f_entity_person_count__reason,f_entity_org_count,f_entity_org_count__status,f_entity_org_count__reason,f_entity_place_count,f_entity_place_count__status,f_entity_place_count__reason,f_entity_work_count,f_entity_work_count__status,f_entity_work_count__reason,f_proper_noun_token_count,f_proper_noun_token_count__status,f_proper_noun_token_count__reason,f_acronym_count,f_acronym_count__status,f_acronym_count__reason,f_quoted_span_count,f_quoted_span_count__status,f_quoted_span_count__reason,f_quoted_span_word_count,f_quoted_span_word_count__status,f_quoted_span_word_count__reason,f_has_url,f_has_url__status,f_has_url__reason,f_has_email,f_has_email__status,f_has_email__reason,f_has_file_path,f_has_file_path__status,f_has_file_path__reason,f_has_code_span,f_has_code_span__status,f_has_code_span__reason,f_has_math_expression,f_has_math_expression__status,f_has_math_expression__reason,f_id_like_token_count,f_id_like_token_count__status,f_id_like_token_count__reason,f_numeral_count,f_numeral_count__status,f_numeral_count__reason,f_percent_count,f_percent_count__status,f_percent_count__reason,f_currency_count,f_currency_count__status,f_currency_count__reason,f_unit_count,f_unit_count__status,f_unit_count__reason,f_anchor_count,f_anchor_count__status,f_anchor_count__reason,f_anchor_density,f_anchor_density__status,f_anchor_density__reason,f_has_temporal_constraint,f_has_temporal_constraint__status,f_has_temporal_constraint__reason,f_temporal_expression_count,f_temporal_expression_count__status,f_temporal_expression_count__reason,f_temporal_type,f_temporal_type__status,f_temporal_type__reason,f_has_relative_recency,f_has_relative_recency__status,f_has_relative_recency__reason,f_year_count,f_year_count__status,f_year_count__reason,f_year_min,f_year_min__status,f_year_min__reason,f_year_max,f_year_max__status,f_year_max__reason,f_year_span,f_year_span__status,f_year_span__reason,f_has_date_like,f_has_date_like__status,f_has_date_like__reason,f_contains_negation,f_contains_negation__status,f_contains_negation__reason,f_negation_count,f_negation_count__status,f_negation_count__reason,f_has_exclusion,f_has_exclusion__status,f_has_exclusion__reason,f_is_comparison,f_is_comparison__status,f_is_comparison__reason,f_comparison_target_count,f_comparison_target_count__status,f_comparison_target_count__reason,f_causal_flag,f_causal_flag__status,f_causal_flag__reason,f_aggregation_flag,f_aggregation_flag__status,f_aggregation_flag__reason,f_conditional_flag,f_conditional_flag__status,f_conditional_flag__reason,f_requires_synthesis_flag,f_requires_synthesis_flag__status,f_requires_synthesis_flag__reason,f_boolean_operator_count,f_boolean_operator_count__status,f_boolean_operator_count__reason,f_nested_modifier_depth,f_nested_modifier_depth__status,f_nested_modifier_depth__reason,f_hop_estimate,f_hop_estimate__status,f_hop_estimate__reason,f_constraint_count,f_constraint_count__status,f_constraint_count__reason,f_question_category,f_question_category__status,f_question_category__reason,f_question_category_score,f_question_category_score__status,f_question_category_score__reason,f_domain_hint,f_domain_hint__status,f_domain_hint__reason,f_language_code,f_language_code__status,f_language_code__reason,f_language_confidence,f_language_confidence__status,f_language_confidence__reason,f_is_english,f_is_english__status,f_is_english__reason,f_non_ascii_ratio,f_non_ascii_ratio__status,f_non_ascii_ratio__reason,f_emoji_count,f_emoji_count__status,f_emoji_count__reason,f_politeness_filler_count,f_politeness_filler_count__status,f_politeness_filler_count__reason,f_has_few_shot_examples,f_has_few_shot_examples__status,f_has_few_shot_examples__reason,f_few_shot_example_count,f_few_shot_example_count__status,f_few_shot_example_count__reason,f_template_repetition_score,f_template_repetition_score__status,f_template_repetition_score__reason,f_prompt_contains_system_instructions,f_prompt_contains_system_instructions__status,f_prompt_contains_system_instructions__reason,f_instruction_line_count,f_instruction_line_count__status,f_instruction_line_count__reason,f_instruction_char_ratio,f_instruction_char_ratio__status,f_instruction_char_ratio__reason,f_has_role_prompt,f_has_role_prompt__status,f_has_role_prompt__reason,f_has_output_format_request,f_has_output_format_request__status,f_has_output_format_request__reason,f_output_format,f_output_format__status,f_output_format__reason,f_has_length_limit,f_has_length_limit__status,f_has_length_limit__reason,f_has_context_block,f_has_context_block__status,f_has_context_block__reason,f_context_block_char_ratio,f_context_block_char_ratio__status,f_context_block_char_ratio__reason,f_has_citation_request,f_has_citation_request__status,f_has_citation_request__reason,f_has_chain_of_thought_cue,f_has_chain_of_thought_cue__status,f_has_chain_of_thought_cue__reason,f_core_question_ratio,f_core_question_ratio__status,f_core_question_ratio__reason,f_unresolved_pronoun_count,f_unresolved_pronoun_count__status,f_unresolved_pronoun_count__reason,f_has_dangling_reference,f_has_dangling_reference__status,f_has_dangling_reference__reason,f_vague_term_count,f_vague_term_count__status,f_vague_term_count__reason,f_vague_quantifiers_count,f_vague_quantifiers_count__status,f_vague_quantifiers_count__reason,f_hedge_word_count,f_hedge_word_count__status,f_hedge_word_count__reason,f_definite_np_without_entity_count,f_definite_np_without_entity_count__status,f_definite_np_without_entity_count__reason,f_missing_subject_flag,f_missing_subject_flag__status,f_missing_subject_flag__reason,f_anchor_free_flag,f_anchor_free_flag__status,f_anchor_free_flag__reason,f_is_ambiguous,f_is_ambiguous__status,f_is_ambiguous__reason,f_underspecification_score,f_underspecification_score__status,f_underspecification_score__reason,f_retrieval_anchor_score,f_retrieval_anchor_score__status,f_retrieval_anchor_score__reason,f_multi_need_score,f_multi_need_score__status,f_multi_need_score__reason,f_lexical_rarity_score,f_lexical_rarity_score__status,f_lexical_rarity_score__reason,f_temporal_risk_score,f_temporal_risk_score__status,f_temporal_risk_score__reason,f_retrieval_difficulty_score,f_retrieval_difficulty_score__status,f_retrieval_difficulty_score__reason,f_n_options,f_is_except_ask,f_is_best_answer_judgment,f_is_hypothetical_scenario,f_is_definition_ask,f_is_formula_setup,f_stem_word_count,f_is_long_scenario,f_mc_option_count,f_option_mean_chars,f_option_length_spread,f_has_escape_option
109,0.3666666666666667,11,30,business,575,ok,,119,ok,,191,ok,,6,ok,,11,ok,,10,ok,,19.83,ok,,3.93,ok,,11,ok,,0.085,ok,,1.61,ok,,0.073,ok,,0.207,ok,,0.062,ok,,0.106,ok,,3.11,ok,,True,ok,,84.12,ok,,5.69,ok,,0.45,ok,,13.15,ok,,11,ok,,0.092,ok,,1.41,ok,,8,ok,,0.628,ok,,6.085,ok,,23.0,ok,,5.5,ok,,4.78,ok,,0.415,ok,,54,ok,,5.71,ok,,0.0,ok,,2,ok,,0.021,ok,,0.148,ok,,1,ok,,5,ok,,which,ok,,,not_applicable,"the prompt has 1 distinct wh-word(s), so there is no second one",1,ok,,1,ok,,0,ok,,False,ok,,True,ok,,False,ok,,True,ok,,find,ok,,0,ok,,False,ok,,False,ok,,,not_applicable,the prompt does not state how many items it wants,7,ok,,1,ok,,16,ok,,6,ok,,1,ok,,0,ok,,0,ok,,0,ok,,18,ok,,2,ok,,0,ok,,0,ok,,False,ok,,False,ok,,False,ok,,False,ok,,True,ok,,1,ok,,25,ok,,3,ok,,2,ok,,10,ok,,34,ok,,0.63,ok,,False,ok,,0,ok,,none,not_applicable,the prompt contains no time expression at all,False,ok,,0,ok,,,not_applicable,"the prompt names no year, so there is no earliest year",,not_applicable,"the prompt names no year, so there is no latest year",,not_applicable,"the prompt names no year, so the window has no width; reporting 0 here would look like a single-year constraint",False,ok,,False,ok,,0,ok,,False,ok,,True,ok,,2.0,ok,,False,ok,,True,ok,,True,ok,,False,ok,,0,ok,,2,ok,,5,ok,,3,ok,,Math,ok,,2.0,ok,,finance,ok,,en,ok,,1.0,ok,,True,ok,,0.0,ok,,0,ok,,0,ok,,False,ok,,0,ok,,0.764,ok,,False,ok,,0,ok,,0.0,ok,,False,ok,,False,ok,,,not_applicable,the prompt does not ask for a particular output format,False,ok,,False,ok,,0.0,ok,,False,ok,,False,ok,,0.997,ok,,0,ok,,True,ok,,0,ok,,0,ok,,0,ok,,4,ok,,False,ok,,False,ok,,False,ok,,0.15,ok,,1.0,ok,,0.5,ok,,0.143,ok,,0.0,ok,,0.418,ok,,10.0,False,False,False,False,True,80,True,10,11.4,3.864367132317184,False
138,0.0,0,30,business,275,ok,,50,ok,,114,ok,,1,ok,,11,ok,,4,ok,,50.0,ok,,3.61,ok,,10,ok,,0.132,ok,,2.28,ok,,0.087,ok,,0.182,ok,,0.087,ok,,0.269,ok,,18.31,ok,,True,ok,,52.87,ok,,20.8,ok,,6.92,ok,,14.01,ok,,3,ok,,0.06,ok,,1.29,ok,,3,ok,,0.947,ok,,5.84,ok,,202.16,unreliable,MTLD needs about 50 tokens to stabilise; this prompt has 38,5.14,ok,,4.57,ok,,0.5,ok,,19,ok,,5.94,ok,,3.35,ok,,0,ok,,0.0,ok,,0.053,ok,,0,ok,,2,ok,,what,ok,,,not_applicable,"the prompt has 1 distinct wh-word(s), so there is no second one",1,ok,,1,ok,,1,ok,,False,ok,,True,ok,,False,ok,,False,ok,,,not_applicable,"the prompt gives no command, so there is no task verb (a content verb inside a question does not count)",1,ok,,False,ok,,False,ok,,,not_applicable,the prompt does not state how many items it wants,7,ok,,0,ok,,10,ok,,4,ok,,0,ok,,0,ok,,0,ok,,0,ok,,14,ok,,0,ok,,0,ok,,0,ok,,False,ok,,False,ok,,False,ok,,False,ok,,False,ok,,0,ok,,12,ok,,1,ok,,1,ok,,0,ok,,14,ok,,0.737,ok,,True,ok,,1,ok,,relative,ok,,False,ok,,0,ok,,,not_applicable,"the prompt names no year, so there is no earliest year",,not_applicable,"the prompt names no year, so there is no latest year",,not_applicable,"the prompt names no year, so the window has no width; reporting 0 here would look like a single-year constraint",False,ok,,False,ok,,0,ok,,False,ok,,False,ok,,,not_applicable,the prompt is not phrased as a comparison,False,ok,,False,ok,,True,ok,,False,ok,,0,ok,,1,ok,,2,ok,,3,ok,,Reasoning,ok,,0.5,ok,,,not_applicable,no domain lexicon matched this prompt,en,ok,,1.0,ok,,True,ok,,0.0,ok,,0,ok,,0,ok,,False,ok,,0,ok,,0.715,ok,,False,ok,,0,ok,,0.0,ok,,False,ok,,False,ok,,,not_applicable,the prompt does not ask for a particular output format,False,ok,,False,ok,,0.0,ok,,False,ok,,False,ok,,0.996,ok,,0,ok,,False,ok,,0,ok,,0,ok,,0,ok,,1,ok,,False,ok,,False,ok,,False,ok,,0.0,ok,,1.0,ok,,0.083,ok,,0.187,ok,,0.25,ok,,0.255,ok,,10.0,False,False,True,False,True,30,False,10,8.0,0.0,False
208,0.0,0,30,business,451,ok,,91,ok,,177,ok,,8,ok,,11,ok,,11,ok,,11.38,ok,,3.73,ok,,12,ok,,0.108,ok,,1.95,ok,,0.113,ok,,0.202,ok,,0.075,ok,,0.095,ok,,3.45,ok,,True,ok,,89.92,ok,,6.67,ok,,1.88,ok,,12.97,ok,,11,ok,,0.121,ok,,1.27,ok,,5,ok,,0.703,ok,,6.045,ok,,60.19,ok,,5.41,ok,,4.84,ok,,0.392,ok,,41,ok,,5.74,ok,,2.92,ok,,2,ok,,0.027,ok,,0.073,ok,,0,ok,,2,ok,,what,ok,,,not_applicable,"the prompt has 1 distinct wh-word(s), so there is no second one",1,ok,,1,ok,,1,ok,,False,ok,,True,ok,,False,ok,,False,ok,,,not_applicable,"the prompt gives no command, so there is no task verb (a content verb inside a question does not count)",1,ok,,False,ok,,False,ok,,,not_applicable,the prompt does not state how many items it wants,6,ok,,2,ok,,14,ok,,5,ok,,0,ok,,2,ok,,0,ok,,0,ok,,16,ok,,0,ok,,0,ok,,0,ok,,False,ok,,False,ok,,False,ok,,False,ok,,True,ok,,0,ok,,16,ok,,0,ok,,2,ok,,1,ok,,20,ok,,0.488,ok,,False,ok,,0,ok,,none,not_applicable,the prompt contains no time expression at all,False,ok,,0,ok,,,not_applicable,"the prompt names no year, so there is no earliest year",,not_applicable,"the prompt names no year, so there is no latest year",,not_applicable,"the prompt names no year, so the window has no width; reporting 0 here would look like a single-year constraint",False,ok,,False,ok,,0,ok,,False,ok,,False,ok,,,not_applicable,the prompt is not phrased as a comparison,False,ok,,False,ok,,True,ok,,False,ok,,0,ok,,1,ok,,2,ok,,3,ok,,Math,ok,,2.0,ok,,finance,ok,,en,ok,,1.0,ok,,True,ok,,0.004,ok,,0,ok,,0,ok,,False,ok,,0,ok,,0.517,ok,,False,ok,,2,ok,,0.299,ok,,False,ok,,False,ok,,,not_applicable,the prompt does not ask for a particular output format,False,ok,,False,ok,,0.0,ok,,False,ok,,False,ok,,0.639,ok,,0,ok,,False,ok,,0,ok,,0,ok,,0,ok,,7,ok,,False,ok,,False,ok,,False,ok,,0.0,ok,,0.993,ok,,0.083,ok,,0.171,ok,,0.0,ok,,0.222,ok,,10.0,False,False,False,False,True,71,False,10,3.7,0.4830458915396479,False
240,0.8333333333333334,25,30,business,197,ok,,38,ok,,87,ok,,3,ok,,11,ok,,3,ok,,12.67,ok,,3.65,ok,,10,ok,,0.154,ok,,2.29,ok,,0.137,ok,,0.193,ok,,0.141,ok,,0.239,ok,,2.09,ok,,True,ok,,97.01,ok,,5.91,ok,,1.23,ok,,15.33,ok,,4,ok,,0.105,ok,,1.27,ok,,2,ok,,0.923,ok,,4.707,ok,,94.64,unreliable,MTLD needs about 50 tokens to stabilise; this prompt has 26,4.55,ok,,4.66,ok,,0.346,ok,,17,ok,,5.76,ok,,4.19,ok,,0,ok,,0.0,ok,,0.118,ok,,0,ok,,2,ok,,what,ok,,,not_applicable,"the prompt has 1 distinct wh-word(s), so there is no second one",1,ok,,1,ok,,1,ok,,False,ok,,True,ok,,False,ok,,False,ok,,,not_applicable,"the prompt gives no command, so there is no task verb (a content verb inside a question does not count)",1,ok,,False,ok,,False,ok,,,not_applicable,the prompt does not state how many items it wants,6,ok,,1,ok,,11,ok,,3,ok,,1,ok,,0,ok,,0,ok,,0,ok,,10,ok,,0,ok,,0,ok,,0,ok,,False,ok,,False,ok,,False,ok,,False,ok,,False,ok,,0,ok,,12,ok,,1,ok,,11,ok,,0,ok,,25,ok,,1.471,ok,,False,ok,,0,ok,,none,not_applicable,the prompt contains no time expression at all,False,ok,,0,ok,,,not_applicable,"the prompt names no year, so there is no earliest year",,not_applicable,"the prompt names no year, so there is no latest year",,not_applicable,"the prompt names no year, so the window has no width; reporting 0 here would look like a single-year constraint",False,ok,,False,ok,,0,ok,,False,ok,,False,ok,,,not_applicable,the prompt is not phrased as a comparison,False,ok,,False,ok,,True,ok,,False,ok,,0,ok,,1,ok,,2,ok,,2,ok,,Fact Retrieval,ok,,0.5,ok,,business,ok,,en,ok,,1.0,ok,,True,ok,,0.0,ok,,0,ok,,0,ok,,False,ok,,0,ok,,0.691,ok,,False,ok,,0,ok,,0.0,ok,,False,ok,,False,ok,,,not_applicable,the prompt does not ask for a particular output format,False,ok,,False,ok,,0.0,ok,,False,ok,,False,ok,,0.995,ok,,0,ok,,False,ok,,0,ok,,0,ok,,0,ok,,0,ok,,False,ok,,False,ok,,False,ok,,0.0,ok,,1.0,ok,,0.083,ok,,0.207,ok,,0.0,ok,,0.146,ok,,10.0,False,False,False,False,True,18,False,10,5.0,0.0,False
246,0.0,0,30,business,881,ok,,151,ok,,213,ok,,8,ok,,11,ok,,20,ok,,18.88,ok,,4.74,ok,,11,ok,,0.236,ok,,1.41,ok,,0.049,ok,,0.171,ok,,0.041,ok,,0.04,ok,,6.67,ok,,True,ok,,62.18,ok,,9.98,ok,,7.06,ok,,13.46,ok,,29,ok,,0.192,ok,,1.66,ok,,25,ok,,0.507,ok,,6.001,ok,,57.96,ok,,5.75,ok,,4.56,ok,,0.414,ok,,79,ok,,5.59,ok,,2.96,ok,,6,ok,,0.043,ok,,0.19,ok,,1,ok,,3,ok,,which,ok,,,not_applicable,"the prompt has 1 distinct wh-word(s), so there is no second one",1,ok,,1,ok,,1,ok,,False,ok,,True,ok,,False,ok,,False,ok,,,not_applicable,"the prompt gives no command, so there is no task verb (a content verb inside a question does not count)",1,ok,,False,ok,,False,ok,,,not_applicable,the prompt does not state how many items it wants,8,ok,,1,ok,,13,ok,,3,ok,,0,ok,,1,ok,,0,ok,,0,ok,,15,ok,,0,ok,,0,ok,,0,ok,,False,ok,,False,ok,,False,ok,,False,ok,,True,ok,,0,ok,,12,ok,,0,ok,,8,ok,,0,ok,,21,ok,,0.266,ok,,False,ok,,0,ok,,none,not_applicable,the prompt contains no time expression at all,False,ok,,0,ok,,,not_applicable,"the prompt names no year, so there is no earliest year",,not_applicable,"the prompt names no year, so there is no latest year",,not_applicable,"the prompt names no year, so the window has no width; reporting 0 here would look like a single-year constraint",False,ok,,False,ok,,0,ok,,False,ok,,False,ok,,,not_applicable,the prompt is not phrased as a comparison,False,ok,,True,ok,,False,ok,,False,ok,,0,ok,,2,ok,,4,ok,,2,ok,,Math,ok,,3.2,ok,,finance,ok,,en,ok,,1.0,ok,,True,ok,,0.0,ok,,0,ok,,0,ok,,False,ok,,0,ok,,0.445,ok,,False,ok,,2,ok,,0.4,ok,,False,ok,,False,ok,,,not_applicable,the prompt does not ask for a particular output format,True,ok,,False,ok,,0.0,ok,,False,ok,,False,ok,,0.871,ok,,0,ok,,True,ok,,0,ok,,1,ok,,0,ok,,8,ok,,False,ok,,False,ok,,False,ok,,0.15,ok,,0.86,ok,,0.25,ok,,0.147,ok,,0.0,ok,,0.336,ok,,10.0,False,False,False,False,True,55,False,10,50.5,20.430097623087583,False
271,0.43333333333333335,13,30,business,436,ok,,62,ok,,179,ok,,3,ok,,14,ok,,8,ok,,20.67,ok,,5.68,ok,,32,ok,,0.268,ok,,2.89,ok,,0.161,ok,,0.149,ok,,0.083,ok,,0.11,ok,,8.54,ok,,True,ok,,61.47,ok,,10.72,ok,,10.82,ok,,14.34,ok,,16,ok,,0.258,ok,,1.52,ok,,7,ok,,0.839,ok,,6.281,ok,,97.56,ok,,5.46,ok,,5.02,ok,,0.286,ok,,40,ok,,5.08,ok,,0.0,ok,,6,ok,,0.107,ok,,0.225,ok,,4,ok,,24,ok,,which,ok,,whose,ok,,4,ok,,4,ok,,1,ok,,False,ok,,True,ok,,False,ok,,True,ok,,,not_applicable,"the prompt gives no command, so there is no task verb (a content verb inside a question does not count)",1,ok,,False,ok,,False,ok,,,not_applicable,the prompt does not state how many items it wants,7,ok,,1,ok,,12,ok,,3,ok,,0,ok,,1,ok,,0,ok,,0,ok,,14,ok,,0,ok,,0,ok,,0,ok,,False,ok,,False,ok,,False,ok,,True,ok,,True,ok,,5,ok,,16,ok,,0,ok,,0,ok,,0,ok,,22,ok,,0.55,ok,,False,ok,,0,ok,,none,not_applicable,the prompt contains no time expression at all,False,ok,,0,ok,,,not_applicable,"the prompt names no year, so there is no earliest year",,not_applicable,"the prompt names no year, so there is no latest year",,not_applicable,"the prompt names no year, so the window has no width; reporting 0 here would look like a single-year constraint",False,ok,,False,ok,,0,ok,,False,ok,,False,ok,,,not_applicable,the prompt is not phrased as a comparison,False,ok,,False,ok,,False,ok,,False,ok,,0,ok,,2,ok,,3,ok,,1,ok,,Coding,ok,,2.0,ok,,finance,ok,,en,ok,,1.0,ok,,True,ok,,0.0,ok,,0,ok,,0,ok,,False,ok,,0,ok,,0.695,ok,,False,ok,,0,ok,,0.0,ok,,False,ok,,False,ok,,,not_applicable,the prompt does not ask for a particular output format,False,ok,,False,ok,,0.0,ok,,False,ok,,False,ok,,0.991,ok,,0,ok,,False,ok,,0,ok,,0,ok,,0,ok,,2,ok,,False,ok,,False,ok,,False,ok,,0.0,ok,,1.0,ok,,0.167,ok,,0.357,ok,,0.0,ok,,0.256,ok,,10.0,False,False,False,False,True,42,False,10,4.1,0.3162277660168379,False
283,0.03333333333333333,1,30,business,232,ok,,47,ok,,107,ok,,3,ok,,11,ok,,3,ok,,15.67,ok,,3.2,ok,,6,ok,,0.0,ok,,2.28,ok,,0.159,ok,,0.203,ok,,0.127,ok,,0.198,ok,,2.32,ok,,True,ok,,106.33,ok,,6.27,ok,,0.57,ok,,13.48,ok,,0,ok,,0.0,ok,,1.0,ok,,0,ok,,0.914,ok,,5.409,ok,,114.33,unreliable,MTLD needs about 50 tokens to stabilise; this prompt has 35,4.96,ok,,4.88,ok,,0.371,ok,,22,ok,,5.58,ok,,2.89,ok,,2,ok,,0.057,ok,,0.091,ok,,0,ok,,2,ok,,how,ok,,,not_applicable,"the prompt has 1 distinct wh-word(s), so there is no second one",1,ok,,1,ok,,1,ok,,False,ok,,True,ok,,False,ok,,False,ok,,,not_applicable,"the prompt gives no command, so there is no task verb (a content verb inside a question does not count)",1,ok,,False,ok,,False,ok,,,not_applicable,the prompt does not state how many items it wants,6,ok,,1,ok,,15,ok,,4,ok,,1,ok,,0,ok,,0,ok,,0,ok,,11,ok,,0,ok,,0,ok,,0,ok,,False,ok,,False,ok,,False,ok,,False,ok,,False,ok,,0,ok,,12,ok,,1,ok,,11,ok,,0,ok,,25,ok,,1.136,ok,,False,ok,,0,ok,,none,not_applicable,the prompt contains no time expression at all,False,ok,,0,ok,,,not_applicable,"the prompt names no year, so there is no earliest year",,not_applicable,"the prompt names no year, so there is no latest year",,not_applicable,"the prompt names no year, so the window has no width; reporting 0 here would look like a single-year constraint",False,ok,,False,ok,,0,ok,,False,ok,,False,ok,,,not_applicable,the prompt is not phrased as a comparison,False,ok,,True,ok,,False,ok,,False,ok,,0,ok,,1,ok,,3,ok,,1,ok,,Fact Retrieval,ok,,0.5,ok,,finance,ok,,en,ok,,1.0,ok,,True,ok,,0.0,ok,,0,ok,,0,ok,,False,ok,,0,ok,,0.621,ok,,False,ok,,0,ok,,0.0,ok,,False,ok,,False,ok,,,not_applicable,the prompt does not ask for a particular output format,False,ok,,False,ok,,0.0,ok,,False,ok,,False,ok,,0.996,ok,,0,ok,,False,ok,,0,ok,,1,ok,,0,ok,,1,ok,,False,ok,,False,ok,,False,ok,,0.0,ok,,1.0,ok,,0.167,ok,,0.245,ok,,0.0,ok,,0.204,ok,,10.0,False,False,False,False,True,27,False,10,6.0,0.0,False
287,0.03333333333333333,1,30,business,194,ok,,38,ok,,81,ok,,3,ok,,11,ok,,3,ok,,12.67,ok,,3.69,ok,,12,ok,,0.115,ok,,2.13,ok,,0.149,ok,,0.196,ok,,0.14,ok,,0.211,ok,,7.04,ok,,True,ok,,78.46,ok,,9.71,ok,,2.03,ok,,14.55,ok,,3,ok,,0.079,ok,,1.42,ok,,3,ok,,0.962,ok,,4.903,ok,,189.28,unreliable,MTLD needs about 50 tokens to stabilise; this prompt has 26,4.62,ok,,4.71,ok,,0.308,ok,,18,ok,,5.68,ok,,3.37,ok,,0,ok,,0.0,ok,,0.111,ok,,0,ok,,2,ok,,what,ok,,,not_applicable,"the prompt has 1 distinct wh-word(s), so there is no second one",1,ok,,1,ok,,1,ok,,False,ok,,True,ok,,False,ok,,False,ok,,,not_applicable,"the prompt gives no command, so there is no task verb (a content verb inside a question does not count)",1,ok,,False,ok,,False,ok,,,not_applicable,the prompt does not state how many items it wants,8,ok,,0,ok,,10,ok,,2,ok,,0,ok,,0,ok,,0,ok,,0,ok,,9,ok,,0,ok,,0,ok,,0,ok,,False,ok,,False,ok,,False,ok,,False,ok,,True,ok,,0,ok,,12,ok,,0,ok,,12,ok,,0,ok,,24,ok,,1.333,ok,,True,ok,,2,ok,,relative,ok,,True,ok,,0,ok,,,not_applicable,"the prompt names no year, so there is no earliest year",,not_applicable,"the prompt names no year, so there is no latest year",,not_applicable,"the prompt names no year, so the window has no width; reporting 0 here would look like a single-year constraint",False,ok,,False,ok,,0,ok,,False,ok,,False,ok,,,not_applicable,the prompt is not phrased as a comparison,False,ok,,True,ok,,False,ok,,False,ok,,0,ok,,1,ok,,3,ok,,2,ok,,Math,ok,,2.0,ok,,finance,ok,,en,ok,,1.0,ok,,True,ok,,0.0,ok,,0,ok,,0,ok,,False,ok,,0,ok,,0.678,ok,,False,ok,,0,ok,,0.0,ok,,False,ok,,False,ok,,,not_applicable,the prompt does not ask for a particular output format,False,ok,,False,ok,,0.0,ok,,False,ok,,False,ok,,0.995,ok,,0,ok,,False,ok,,0,ok,,0,ok,,0,ok,,1,ok,,False,ok,,False,ok,,False,ok,,0.0,ok,,0.917,ok,,0.167,ok,,0.184,ok,,0.75,ok,,0.516,ok,,10.0,False,False,False,False,True,18,False,10,4.6,0.966091783079296,False
290,0.4333333333333333,13,30,business,418,ok,,79,ok,,175,ok,,4,ok,,11,ok,,4,ok,,19.75,ok,,3.77,ok,,9,ok,,0.154,ok,,2.22,ok,,0.146,ok,,0.189,ok,,0.097,ok,,0.22,ok,,1.27,ok,,True,ok,,96.79,ok,,3.44,ok,,-0.26,ok,,13.73,ok,,10,ok,,0.127,ok,,1.35,ok,,4,ok,,0.769,ok,,5.547,ok,,39.23,ok,,4.83,ok,,4.74,ok,,0.423,ok,,30,ok,,5.92,ok,,3.37,ok,,0,ok,,0.0,ok,,0.033,ok,,0,ok,,2,ok,,other,not_applicable,"no interrogative wh-word appears in the prompt, so there is no question word to report",,not_applicable,"the prompt has 0 distinct wh-word(s), so there is no second one",0,ok,,0,ok,,0,ok,,False,ok,,False,ok,,False,ok,,True,ok,,find,ok,,1,ok,,False,ok,,False,ok,,,not_applicable,the prompt does not state how many items it wants,7,ok,,1,ok,,25,ok,,5,ok,,1,ok,,0,ok,,0,ok,,0,ok,,13,ok,,0,ok,,0,ok,,0,ok,,False,ok,,False,ok,,False,ok,,False,ok,,True,ok,,0,ok,,27,ok,,1,ok,,22,ok,,0,ok,,51,ok,,1.7,ok,,True,ok,,6,ok,,absolute,ok,,False,ok,,0,ok,,,not_applicable,"the prompt names no year, so there is no earliest year",,not_applicable,"the prompt names no year, so there is no latest year",,not_applicable,"the prompt names no year, so the window has no width; reporting 0 here would look like a single-year constraint",True,ok,,False,ok,,0,ok,,False,ok,,False,ok,,,not_applicable,the prompt is not phrased as a comparison,False,ok,,True,ok,,False,ok,,False,ok,,0,ok,,1,ok,,3,ok,,2,ok,,Math,ok,,2.0,ok,,finance,ok,,en,ok,,1.0,ok,,True,ok,,0.0,ok,,0,ok,,0,ok,,False,ok,,0,ok,,0.78,ok,,False,ok,,0,ok,,0.0,ok,,False,ok,,False,ok,,,not_applicable,the prompt does not ask for a particular output format,False,ok,,False,ok,,0.0,ok,,False,ok,,False,ok,,0.998,ok,,0,ok,,False,ok,,0,ok,,0,ok,,0,ok,,2,ok,,False,ok,,False,ok,,False,ok,,0.0,ok,,1.0,ok,,0.167,ok,,0.173,ok,,0.25,ok,,0.285,ok,,10.0,False,False,False,False,True,39,False,10,17.0,0.0,False
307,0.8666666666666667,26,30,business,841,ok,,113,ok,,162,ok,,2,ok,,11,ok,,12,ok,,56.5,ok,,6.16,ok,,12,ok,,0.445,ok,,1.43,ok,,0.071,ok,,0.134,ok,,0.061,ok,,0.0,ok,,13.06,ok,,True,ok,,19.72,ok,,13.67,ok,,16.99,ok,,15.05,ok,,20,ok,,0.177,ok,,2.12,ok,,28,ok,,0.455,ok,,4.767,ok,,19.08,ok,,4.99,ok,,4.51,ok,,0.191,ok,,89,ok,,5.15,ok,,0.0,ok,,4,ok,,0.036,ok,,0.191,ok,,4,ok,,2,ok,,other,not_applicable,"no interrogative wh-word appears in the prompt, so there is no question word to report",,not_applicable,"the prompt has 0 distinct wh-word(s), so there is no second one",0,ok,,0,ok,,0,ok,,False,ok,,False,ok,,False,ok,,False,ok,,,not_applicable,"the prompt gives no command, so there is no task verb (a content verb inside a question does not count)",0,ok,,False,ok,,False,ok,,,not_applicable,the prompt does not state how many items it wants,11,ok,,7,ok,,7,ok,,2,ok,,1,ok,,6,ok,,0,ok,,0,ok,,23,ok,,0,ok,,0,ok,,0,ok,,False,ok,,False,ok,,False,ok,,False,ok,,False,ok,,0,ok,,0,ok,,0,ok,,0,ok,,0,ok,,7,ok,,0.079,ok,,False,ok,,0,ok,,none,not_applicable,the prompt contains no time expression at all,False,ok,,0,ok,,,not_applicable,"the prompt names no year, so there is no earliest year",,not_applicable,"the prompt names no year, so there is no latest year",,not_applicable,"the prompt names no year, so the window has no width; reporting 0 here would look like a single-year constraint",False,ok,,False,ok,,0,ok,,False,ok,,False,ok,,,not_applicable,the prompt is not phrased as a comparison,True,ok,,True,ok,,False,ok,,False,ok,,0,ok,,2,ok,,4,ok,,0,ok,,Definition,ok,,1.0,ok,,business,ok,,en,ok,,1.0,ok,,True,ok,,0.0,ok,,0,ok,,0,ok,,False,ok,,0,ok,,0.843,ok,,False,ok,,0,ok,,0.0,ok,,False,ok,,False,ok,,,not_applicable,the prompt does not ask for a particular output format,False,ok,,False,ok,,0.0,ok,,False,ok,,False,ok,,0.999,ok,,0,ok,,False,ok,,0,ok,,2,ok,,1,ok,,2,ok,,False,ok,,False,ok,,False,ok,,0.0,ok,,0.664,ok,,0.25,ok,,0.145,ok,,0.0,ok,,0.2,ok,,10.0,False,False,False,False,False,42,False,10,53.4,4.526465385804788,False
373,0.16666666666666666,5,30,business,813,ok,,145,ok,,247,ok,,5,ok,,11,ok,,27,ok,,29.0,ok,,4.41,ok,,13,ok,,0.228,ok,,1.7,ok,,0.095,ok,,0.178,ok,,0.118,ok,,0.101,ok,,3.52,ok,,True,ok,,80.17,ok,,3.42,ok,,2.74,ok,,14.16,ok,,12,ok,,0.083,ok,,1.5,ok,,5,ok,,0.374,ok,,4.148,ok,,13.07,ok,,4.37,ok,,4.51,ok,,0.26,ok,,91,ok,,5.68,ok,,4.19,ok,,0,ok,,0.0,ok,,0.011,ok,,0,ok,,2,ok,,how,ok,,,not_applicable,"the prompt has 1 distinct wh-word(s), so there is no second one",1,ok,,1,ok,,1,ok,,False,ok,,True,ok,,False,ok,,False,ok,,,not_applicable,"the prompt gives no command, so there is no task verb (a content verb inside a question does not count)",1,ok,,False,ok,,False,ok,,,not_applicable,the prompt does not state how many items it wants,18,ok,,24,ok,,47,ok,,4,ok,,23,ok,,1,ok,,0,ok,,0,ok,,55,ok,,0,ok,,0,ok,,0,ok,,False,ok,,False,ok,,False,ok,,False,ok,,True,ok,,0,ok,,22,ok,,0,ok,,22,ok,,1,ok,,68,ok,,0.747,ok,,True,ok,,1,ok,,relative,ok,,False,ok,,0,ok,,,not_applicable,"the prompt names no year, so there is no earliest year",,not_applicable,"the prompt names no year, so there is no latest year",,not_applicable,"the prompt names no year, so the window has no width; reporting 0 here would look like a single-year constraint",False,ok,,False,ok,,0,ok,,False,ok,,False,ok,,,not_applicable,the prompt is not phrased as a comparison,False,ok,,True,ok,,False,ok,,False,ok,,0,ok,,1,ok,,3,ok,,3,ok,,Math,ok,,2.0,ok,,business,ok,,en,ok,,1.0,ok,,True,ok,,0.0,ok,,0,ok,,0,ok,,False,ok,,0,ok,,0.882,ok,,False,ok,,0,ok,,0.0,ok,,False,ok,,False,ok,,,not_applicable,the prompt does not ask for a particular output format,False,ok,,False,ok,,0.0,ok,,False,ok,,False,ok,,0.999,ok,,0,ok,,False,ok,,0,ok,,1,ok,,0,ok,,2,ok,,False,ok,,False,ok,,False,ok,,0.0,ok,,1.0,ok,,0.167,ok,,0.097,ok,,0.25,ok,,0.255,ok,,10.0,False,False,False,False,True,45,False,10,52.2,2.3944379994757297,False
425,0.0,0,30,business,173,ok,,43,ok,,76,ok,,3,ok,,11,ok,,2,ok,,14.33,ok,,3.25,ok,,8,ok,,0.031,ok,,1.77,ok,,0.069,ok,,0.249,ok,,0.234,ok,,0.139,ok,,0.36,ok,,True,ok,,100.16,ok,,2.65,ok,,-6.77,ok,,11.93,ok,,3,ok,,0.07,ok,,1.25,ok,,1,ok,,0.781,ok,,4.419,ok,,30.38,unreliable,MTLD needs about 50 tokens to stabilise; this prompt has 32,4.52,ok,,4.64,ok,,0.281,ok,,23,ok,,5.73,ok,,3.87,ok,,0,ok,,0.0,ok,,0.0,ok,,0,ok,,2,ok,,what,ok,,,not_applicable,"the prompt has 1 distinct wh-word(s), so there is no second one",1,ok,,1,ok,,1,ok,,False,ok,,True,ok,,False,ok,,False,ok,,,not_applicable,"the prompt gives no command, so there is no task verb (a content verb inside a question does not count)",1,ok,,False,ok,,False,ok,,,not_applicable,the prompt does not state how many items it wants,9,ok,,1,ok,,10,ok,,2,ok,,0,ok,,1,ok,,0,ok,,0,ok,,20,ok,,0,ok,,0,ok,,0,ok,,False,ok,,False,ok,,False,ok,,False,ok,,False,ok,,0,ok,,12,ok,,0,ok,,0,ok,,0,ok,,13,ok,,0.565,ok,,True,ok,,22,ok,,absolute,ok,,False,ok,,0,ok,,,not_applicable,"the prompt names no year, so there is no earliest year",,not_applicable,"the prompt names no year, so there is no latest year",,not_applicable,"the prompt names no year, so the window has no width; reporting 0 here would look like a single-year constraint",True,ok,,False,ok,,0,ok,,False,ok,,False,ok,,,not_applicable,the prompt is not phrased as a comparison,False,ok,,False,ok,,False,ok,,False,ok,,0,ok,,3,ok,,4,ok,,2,ok,,Definition,ok,,1.0,ok,,,not_applicable,no domain lexicon matched this prompt,en,ok,,1.0,ok,,True,ok,,0.0,ok,,0,ok,,0,ok,,False,ok,,0,ok,,0.719,ok,,False,ok,,0,ok,,0.0,ok,,False,ok,,False,ok,,,not_applicable,the prompt does not ask for a particular output format,False,ok,,False,ok,,0.0,ok,,False,ok,,False,ok,,0.994,ok,,0,ok,,False,ok,,0,ok,,0,ok,,0,ok,,1,ok,,False,ok,,False,ok,,False,ok,,0.0,ok,,0.917,ok,,0.25,ok,,0.103,ok,,0.25,ok,,0.296,ok,,10.0,False,False,False,True,False,13,False,10,7.1,0.8755950357709131,False
468,0.13333333333333333,4,30,business,331,ok,,60,ok,,131,ok,,5,ok,,11,ok,,3,ok,,12.0,ok,,4.21,ok,,19,ok,,0.19,ok,,2.18,ok,,0.13,ok,,0.181,ok,,0.114,ok,,0.184,ok,,5.8,ok,,True,ok,,80.22,ok,,8.0,ok,,4.27,ok,,13.85,ok,,6,ok,,0.1,ok,,1.45,ok,,6,ok,,0.857,ok,,5.555,ok,,82.32,unreliable,MTLD needs about 50 tokens to stabilise; this prompt has 42,5.09,ok,,4.97,ok,,0.381,ok,,26,ok,,5.7,ok,,0.0,ok,,1,ok,,0.024,ok,,0.115,ok,,1,ok,,5,ok,,other,not_applicable,"no interrogative wh-word appears in the prompt, so there is no question word to report",,not_applicable,"the prompt has 0 distinct wh-word(s), so there is no second one",0,ok,,0,ok,,0,ok,,False,ok,,False,ok,,False,ok,,True,ok,,find,ok,,1,ok,,False,ok,,False,ok,,,not_applicable,the prompt does not state how many items it wants,10,ok,,0,ok,,17,ok,,3,ok,,0,ok,,0,ok,,0,ok,,0,ok,,13,ok,,0,ok,,0,ok,,0,ok,,False,ok,,False,ok,,False,ok,,False,ok,,True,ok,,0,ok,,20,ok,,0,ok,,11,ok,,1,ok,,31,ok,,1.192,ok,,True,ok,,7,ok,,range,ok,,False,ok,,0,ok,,,not_applicable,"the prompt names no year, so there is no earliest year",,not_applicable,"the prompt names no year, so there is no latest year",,not_applicable,"the prompt names no year, so the window has no width; reporting 0 here would look like a single-year constraint",True,ok,,False,ok,,0,ok,,False,ok,,False,ok,,,not_applicable,the prompt is not phrased as a comparison,False,ok,,False,ok,,False,ok,,False,ok,,0,ok,,1,ok,,2,ok,,3,ok,,Math,ok,,2.0,ok,,,not_applicable,no domain lexicon matched this prompt,en,ok,,1.0,ok,,True,ok,,0.0,ok,,0,ok,,0,ok,,False,ok,,0,ok,,0.615,ok,,False,ok,,0,ok,,0.0,ok,,False,ok,,False,ok,,,not_applicable,the prompt does not ask for a particular output format,False,ok,,False,ok,,0.0,ok,,False,ok,,False,ok,,0.997,ok,,0,ok,,False,ok,,0,ok,,0,ok,,0,ok,,3,ok,,False,ok,,False,ok,,False,ok,,0.0,ok,,1.0,ok,,0.083,ok,,0.212,ok,,0.25,ok,,0.265,ok,,10.0,False,False,False,False,True,40,False,10,6.6,0.8432740427115678,False
507,0.09999999999999999,3,30,business,560,ok,,91,ok,,188,ok,,6,ok,,11,ok,,10,ok,,15.17,ok,,4.53,ok,,14,ok,,0.205,ok,,2.07,ok,,0.07,ok,,0.163,ok,,0.103,ok,,0.179,ok,,7.44,ok,,True,ok,,68.72,ok,,10.46,ok,,9.65,ok,,12.02,ok,,10,ok,,0.11,ok,,1.53,ok,,12,ok,,0.564,ok,,4.982,ok,,39.0,ok,,5.17,ok,,4.79,ok,,0.372,ok,,48,ok,,5.56,ok,,0.0,ok,,3,ok,,0.038,ok,,0.146,ok,,2,ok,,4,ok,,what,ok,,,not_applicable,"the prompt has 1 distinct wh-word(s), so there is no second one",1,ok,,1,ok,,1,ok,,False,ok,,True,ok,,False,ok,,True,ok,,,not_applicable,"the prompt gives no command, so there is no task verb (a content verb inside a question does not count)",1,ok,,False,ok,,False,ok,,,not_applicable,the prompt does not state how many items it wants,7,ok,,5,ok,,18,ok,,5,ok,,0,ok,,1,ok,,4,ok,,0,ok,,22,ok,,2,ok,,1,ok,,17,ok,,False,ok,,False,ok,,False,ok,,False,ok,,False,ok,,2,ok,,19,ok,,2,ok,,0,ok,,0,ok,,31,ok,,0.646,ok,,True,ok,,2,ok,,range,ok,,False,ok,,2,ok,,2010.0,ok,,2019.0,ok,,9.0,ok,,False,ok,,False,ok,,0,ok,,False,ok,,False,ok,,,not_applicable,the prompt is not phrased as a comparison,True,ok,,False,ok,,False,ok,,False,ok,,0,ok,,1,ok,,2,ok,,2,ok,,Reasoning,ok,,1.0,ok,,finance,ok,,en,ok,,1.0,ok,,True,ok,,0.004,ok,,0,ok,,0,ok,,False,ok,,0,ok,,0.649,ok,,False,ok,,1,ok,,0.046,ok,,False,ok,,False,ok,,,not_applicable,the prompt does not ask for a particular output format,False,ok,,False,ok,,0.0,ok,,False,ok,,False,ok,,0.95,ok,,0,ok,,False,ok,,0,ok,,0,ok,,1,ok,,5,ok,,False,ok,,False,ok,,False,ok,,0.0,ok,,1.0,ok,,0.083,ok,,0.218,ok,,0.475,ok,,0.381,ok,,10.0,False,False,False,False,False,71,False,10,8.0,0.0,False
520,0.0,0,30,business,258,ok,,54,ok,,93,ok,,5,ok,,11,ok,,4,ok,,10.8,ok,,3.79,ok,,8,ok,,0.119,ok,,1.72,ok,,0.109,ok,,0.209,ok,,0.101,ok,,0.105,ok,,5.42,ok,,True,ok,,88.3,ok,,8.68,ok,,1.46,ok,,13.89,ok,,8,ok,,0.148,ok,,1.24,ok,,2,ok,,0.881,ok,,5.709,ok,,98.78,unreliable,MTLD needs about 50 tokens to stabilise; this prompt has 42,5.15,ok,,4.79,ok,,0.357,ok,,27,ok,,5.7,ok,,3.52,ok,,0,ok,,0.0,ok,,0.0,ok,,0,ok,,2,ok,,when,ok,,what,ok,,2,ok,,2,ok,,1,ok,,False,ok,,True,ok,,False,ok,,False,ok,,,not_applicable,"the prompt gives no command, so there is no task verb (a content verb inside a question does not count)",1,ok,,False,ok,,False,ok,,,not_applicable,the prompt does not state how many items it wants,9,ok,,3,ok,,12,ok,,5,ok,,2,ok,,1,ok,,0,ok,,0,ok,,12,ok,,0,ok,,0,ok,,0,ok,,False,ok,,False,ok,,False,ok,,False,ok,,True,ok,,0,ok,,12,ok,,10,ok,,2,ok,,0,ok,,27,ok,,1.0,ok,,False,ok,,0,ok,,none,not_applicable,the prompt contains no time expression at all,False,ok,,0,ok,,,not_applicable,"the prompt names no year, so there is no earliest year",,not_applicable,"the prompt names no year, so there is no latest year",,not_applicable,"the prompt names no year, so the window has no width; reporting 0 here would look like a single-year constraint",False,ok,,False,ok,,0,ok,,False,ok,,False,ok,,,not_applicable,the prompt is not phrased as a comparison,False,ok,,False,ok,,False,ok,,False,ok,,0,ok,,1,ok,,2,ok,,1,ok,,Math,ok,,3.2,ok,,legal,ok,,en,ok,,1.0,ok,,True,ok,,0.0,ok,,0,ok,,0,ok,,False,ok,,0,ok,,0.61,ok,,False,ok,,0,ok,,0.0,ok,,False,ok,,False,ok,,,not_applicable,the prompt does not ask for a particular output format,False,ok,,False,ok,,0.0,ok,,False,ok,,False,ok,,0.996,ok,,0,ok,,False,ok,,0,ok,,0,ok,,0,ok,,0,ok,,False,ok,,False,ok,,False,ok,,0.0,ok,,1.0,ok,,0.083,ok,,0.096,ok,,0.0,ok,,0.093,ok,,10.0,False,False,False,False,True,34,False,10,3.0,0.0,False
586,0.0,0,30,business,1021,ok,,171,ok,,342,ok,,7,ok,,11,ok,,27,ok,,24.43,ok,,3.96,ok,,12,ok,,0.088,ok,,2.0,ok,,0.104,ok,,0.167,ok,,0.096,ok,,0.115,ok,,4.67,ok,,True,ok,,73.73,ok,,7.41,ok,,5.11,ok,,11.82,ok,,16,ok,,0.094,ok,,1.49,ok,,21,ok,,0.298,ok,,3.9,ok,,16.32,ok,,4.52,ok,,4.66,ok,,0.439,ok,,96,ok,,5.29,ok,,0.0,ok,,14,ok,,0.082,ok,,0.281,ok,,12,ok,,5,ok,,how,ok,,,not_applicable,"the prompt has 1 distinct wh-word(s), so there is no second one",1,ok,,1,ok,,1,ok,,False,ok,,True,ok,,False,ok,,False,ok,,,not_applicable,"the prompt gives no command, so there is no task verb (a content verb inside a question does not count)",1,ok,,False,ok,,False,ok,,,not_applicable,the prompt does not state how many items it wants,19,ok,,24,ok,,49,ok,,6,ok,,21,ok,,1,ok,,2,ok,,0,ok,,55,ok,,0,ok,,10,ok,,70,ok,,False,ok,,False,ok,,False,ok,,False,ok,,True,ok,,0,ok,,25,ok,,2,ok,,23,ok,,0,ok,,84,ok,,0.875,ok,,True,ok,,1,ok,,relative,ok,,False,ok,,0,ok,,,not_applicable,"the prompt names no year, so there is no earliest year",,not_applicable,"the prompt names no year, so there is no latest year",,not_applicable,"the prompt names no year, so the window has no width; reporting 0 here would look like a single-year constraint",False,ok,,False,ok,,0,ok,,False,ok,,False,ok,,,not_applicable,the prompt is not phrased as a comparison,False,ok,,False,ok,,True,ok,,False,ok,,0,ok,,2,ok,,3,ok,,3,ok,,Math,ok,,2.0,ok,,finance,ok,,en,ok,,1.0,ok,,True,ok,,0.0,ok,,0,ok,,0,ok,,False,ok,,0,ok,,0.891,ok,,False,ok,,0,ok,,0.0,ok,,False,ok,,False,ok,,,not_applicable,the prompt does not ask for a particular output format,False,ok,,False,ok,,0.0,ok,,False,ok,,False,ok,,0.999,ok,,0,ok,,False,ok,,0,ok,,0,ok,,0,ok,,3,ok,,False,ok,,False,ok,,False,ok,,0.0,ok,,1.0,ok,,0.167,ok,,0.286,ok,,0.25,ok,,0.329,ok,,10.0,False,False,False,False,True,55,False,10,64.6,0.5163977794943223,False
623,0.0,0,30,business,413,ok,,57,ok,,88,ok,,11,ok,,11,ok,,2,ok,,5.18,ok,,5.84,ok,,14,ok,,0.357,ok,,1.54,ok,,0.094,ok,,0.138,ok,,0.063,ok,,0.0,ok,,29.62,ok,,True,ok,,-15.77,ok,,34.73,ok,,17.16,ok,,18.38,ok,,21,ok,,0.368,ok,,1.96,ok,,17,ok,,0.75,ok,,5.612,ok,,32.34,ok,,4.97,ok,,4.56,ok,,0.196,ok,,45,ok,,5.2,ok,,2.62,ok,,3,ok,,0.054,ok,,0.222,ok,,0,ok,,3,ok,,which,ok,,,not_applicable,"the prompt has 1 distinct wh-word(s), so there is no second one",1,ok,,1,ok,,0,ok,,False,ok,,True,ok,,False,ok,,False,ok,,,not_applicable,"the prompt gives no command, so there is no task verb (a content verb inside a question does not count)",0,ok,,False,ok,,False,ok,,,not_applicable,the prompt does not state how many items it wants,6,ok,,9,ok,,9,ok,,2,ok,,0,ok,,9,ok,,0,ok,,0,ok,,20,ok,,0,ok,,0,ok,,0,ok,,False,ok,,False,ok,,False,ok,,False,ok,,False,ok,,0,ok,,0,ok,,0,ok,,0,ok,,0,ok,,9,ok,,0.2,ok,,False,ok,,0,ok,,none,not_applicable,the prompt contains no time expression at all,False,ok,,0,ok,,,not_applicable,"the prompt names no year, so there is no earliest year",,not_applicable,"the prompt names no year, so there is no latest year",,not_applicable,"the prompt names no year, so the window has no width; reporting 0 here would look like a single-year constraint",False,ok,,False,ok,,0,ok,,False,ok,,False,ok,,,not_applicable,the prompt is not phrased as a comparison,False,ok,,False,ok,,False,ok,,False,ok,,0,ok,,2,ok,,3,ok,,0,ok,,Fact Retrieval,ok,,1.5,ok,,business,ok,,en,ok,,1.0,ok,,True,ok,,0.0,ok,,0,ok,,0,ok,,False,ok,,0,ok,,0.668,ok,,False,ok,,0,ok,,0.0,ok,,False,ok,,False,ok,,,not_applicable,the prompt does not ask for a particular output format,False,ok,,False,ok,,0.0,ok,,False,ok,,False,ok,,0.998,ok,,0,ok,,False,ok,,0,ok,,0,ok,,0,ok,,5,ok,,False,ok,,False,ok,,False,ok,,0.0,ok,,0.737,ok,,0.167,ok,,0.184,ok,,0.0,ok,,0.176,ok,,10.0,False,False,False,False,False,27,False,10,16.8,2.5298221281347035,False
644,0.5333333333333333,16,30,business,174,ok,,33,ok,,91,ok,,3,ok,,11,ok,,2,ok,,11.0,ok,,3.33,ok,,10,ok,,0.095,ok,,2.76,ok,,0.224,ok,,0.19,ok,,0.211,ok,,0.259,ok,,4.43,ok,,True,ok,,92.67,ok,,9.02,ok,,0.33,ok,,16.42,ok,,3,ok,,0.091,ok,,1.24,ok,,2,ok,,1.0,ok,,4.583,ok,,21.0,unreliable,MTLD needs about 50 tokens to stabilise; this prompt has 21,4.39,ok,,4.88,ok,,0.19,ok,,17,ok,,5.6,ok,,3.27,ok,,0,ok,,0.0,ok,,0.118,ok,,1,ok,,3,ok,,other,not_applicable,"no interrogative wh-word appears in the prompt, so there is no question word to report",,not_applicable,"the prompt has 0 distinct wh-word(s), so there is no second one",0,ok,,0,ok,,0,ok,,False,ok,,False,ok,,False,ok,,True,ok,,find,ok,,1,ok,,False,ok,,False,ok,,,not_applicable,the prompt does not state how many items it wants,8,ok,,1,ok,,11,ok,,5,ok,,0,ok,,1,ok,,0,ok,,0,ok,,9,ok,,0,ok,,0,ok,,0,ok,,False,ok,,False,ok,,False,ok,,False,ok,,True,ok,,0,ok,,14,ok,,10,ok,,1,ok,,0,ok,,26,ok,,1.529,ok,,False,ok,,0,ok,,none,not_applicable,the prompt contains no time expression at all,False,ok,,0,ok,,,not_applicable,"the prompt names no year, so there is no earliest year",,not_applicable,"the prompt names no year, so there is no latest year",,not_applicable,"the prompt names no year, so the window has no width; reporting 0 here would look like a single-year constraint",False,ok,,False,ok,,0,ok,,False,ok,,False,ok,,,not_applicable,the prompt is not phrased as a comparison,False,ok,,False,ok,,False,ok,,False,ok,,0,ok,,1,ok,,2,ok,,1,ok,,Math,ok,,3.2,ok,,,not_applicable,no domain lexicon matched this prompt,en,ok,,1.0,ok,,True,ok,,0.0,ok,,0,ok,,0,ok,,False,ok,,0,ok,,0.566,ok,,False,ok,,0,ok,,0.0,ok,,False,ok,,False,ok,,,not_applicable,the prompt does not ask for a particular output format,False,ok,,False,ok,,0.0,ok,,False,ok,,False,ok,,0.994,ok,,0,ok,,False,ok,,0,ok,,0,ok,,0,ok,,0,ok,,False,ok,,False,ok,,False,ok,,0.0,ok,,1.0,ok,,0.083,ok,,0.235,ok,,0.0,ok,,0.159,ok,,10.0,False,False,False,False,True,13,False,10,5.3,1.2516655570345725,False
769,0.0,0,30,business,416,ok,,71,ok,,128,ok,,2,ok,,19,ok,,4,ok,,35.5,ok,,5.74,ok,,12,ok,,0.489,ok,,1.8,ok,,0.072,ok,,0.19,ok,,0.115,ok,,0.113,ok,,28.73,ok,,True,ok,,3.08,ok,,31.23,ok,,11.56,ok,,20.13,ok,,18,ok,,0.254,ok,,1.87,ok,,10,ok,,0.766,ok,,5.251,ok,,39.86,unreliable,MTLD needs about 50 tokens to stabilise; this prompt has 47,4.89,ok,,4.95,ok,,0.17,ok,,39,ok,,5.13,ok,,3.52,ok,,0,ok,,0.0,ok,,0.205,ok,,0,ok,,3,ok,,what,ok,,,not_applicable,"the prompt has 1 distinct wh-word(s), so there is no second one",1,ok,,1,ok,,1,ok,,False,ok,,True,ok,,False,ok,,True,ok,,calculate,ok,,1,ok,,False,ok,,False,ok,,,not_applicable,the prompt does not state how many items it wants,6,ok,,1,ok,,15,ok,,3,ok,,1,ok,,0,ok,,0,ok,,0,ok,,22,ok,,1,ok,,0,ok,,0,ok,,False,ok,,False,ok,,False,ok,,False,ok,,False,ok,,0,ok,,17,ok,,0,ok,,7,ok,,0,ok,,26,ok,,0.667,ok,,False,ok,,0,ok,,none,not_applicable,the prompt contains no time expression at all,False,ok,,0,ok,,,not_applicable,"the prompt names no year, so there is no earliest year",,not_applicable,"the prompt names no year, so there is no latest year",,not_applicable,"the prompt names no year, so the window has no width; reporting 0 here would look like a single-year constraint",False,ok,,False,ok,,0,ok,,False,ok,,False,ok,,,not_applicable,the prompt is not phrased as a comparison,False,ok,,True,ok,,False,ok,,False,ok,,0,ok,,1,ok,,3,ok,,1,ok,,Math,ok,,1.2,ok,,finance,ok,,en,ok,,1.0,ok,,True,ok,,0.0,ok,,0,ok,,0,ok,,False,ok,,0,ok,,0.68,ok,,False,ok,,0,ok,,0.0,ok,,False,ok,,False,ok,,,not_applicable,the prompt does not ask for a particular output format,False,ok,,False,ok,,0.0,ok,,False,ok,,False,ok,,0.978,ok,,0,ok,,False,ok,,0,ok,,0,ok,,0,ok,,2,ok,,False,ok,,False,ok,,False,ok,,0.0,ok,,1.0,ok,,0.167,ok,,0.168,ok,,0.0,ok,,0.174,ok,,10.0,False,False,False,False,True,51,False,10,3.0,0.0,False
862,0.0,0,30,business,308,ok,,59,ok,,109,ok,,2,ok,,11,ok,,4,ok,,29.5,ok,,4.6,ok,,9,ok,,0.222,ok,,1.85,ok,,0.084,ok,,0.192,ok,,0.103,ok,,0.091,ok,,3.03,ok,,True,ok,,83.32,ok,,5.81,ok,,2.01,ok,,15.47,ok,,7,ok,,0.119,ok,,1.49,ok,,7,ok,,0.644,ok,,4.323,ok,,11.25,unreliable,MTLD needs about 50 tokens to stabilise; this prompt has 45,4.41,ok,,4.76,ok,,0.178,ok,,37,ok,,5.46,ok,,2.58,ok,,1,ok,,0.022,ok,,0.027,ok,,0,ok,,2,ok,,other,not_applicable,"no interrogative wh-word appears in the prompt, so there is no question word to report",,not_applicable,"the prompt has 0 distinct wh-word(s), so there is no second one",0,ok,,0,ok,,0,ok,,False,ok,,False,ok,,False,ok,,False,ok,,,not_applicable,"the prompt gives no command, so there is no task verb (a content verb inside a question does not count)",0,ok,,False,ok,,False,ok,,,not_applicable,the prompt does not state how many items it wants,8,ok,,5,ok,,15,ok,,4,ok,,2,ok,,3,ok,,0,ok,,0,ok,,15,ok,,0,ok,,1,ok,,17,ok,,False,ok,,False,ok,,False,ok,,False,ok,,True,ok,,0,ok,,13,ok,,0,ok,,3,ok,,0,ok,,22,ok,,0.595,ok,,True,ok,,1,ok,,relative,ok,,False,ok,,0,ok,,,not_applicable,"the prompt names no year, so there is no earliest year",,not_applicable,"the prompt names no year, so there is no latest year",,not_applicable,"the prompt names no year, so the window has no width; reporting 0 here would look like a single-year constraint",False,ok,,False,ok,,0,ok,,False,ok,,False,ok,,,not_applicable,the prompt is not phrased as a comparison,False,ok,,False,ok,,False,ok,,False,ok,,0,ok,,2,ok,,3,ok,,2,ok,,Math,ok,,2.0,ok,,,not_applicable,no domain lexicon matched this prompt,en,ok,,1.0,ok,,True,ok,,0.0,ok,,0,ok,,0,ok,,False,ok,,0,ok,,0.747,ok,,False,ok,,0,ok,,0.0,ok,,False,ok,,False,ok,,,not_applicable,the prompt does not ask for a particular output format,False,ok,,False,ok,,0.0,ok,,False,ok,,False,ok,,0.997,ok,,0,ok,,True,ok,,0,ok,,0,ok,,0,ok,,3,ok,,False,ok,,False,ok,,False,ok,,0.15,ok,,1.0,ok,,0.167,ok,,0.14,ok,,0.25,ok,,0.37,ok,,10.0,False,False,False,False,True,29,False,10,7.6,0.966091783079296,False
936,1.0,30,30,law,2354,ok,,362,ok,,439,ok,,19,ok,,11,ok,,62,ok,,19.05,ok,,5.28,ok,,17,ok,,0.347,ok,,1.21,ok,,0.025,ok,,0.154,ok,,0.01,ok,,0.0,ok,,13.05,ok,,True,ok,,33.75,ok,,16.96,ok,,13.52,ok,,11.38,ok,,69,ok,,0.191,ok,,1.81,ok,,91,ok,,0.385,ok,,7.392,ok,,48.5,ok,,6.29,ok,,4.24,ok,,0.509,ok,,181,ok,,5.71,ok,,2.16,ok,,11,ok,,0.03,ok,,0.227,ok,,0,ok,,3,ok,,who,ok,,,not_applicable,"the prompt has 1 distinct wh-word(s), so there is no second one",2,ok,,1,ok,,0,ok,,False,ok,,True,ok,,False,ok,,False,ok,,,not_applicable,"the prompt gives no command, so there is no task verb (a content verb inside a question does not count)",0,ok,,False,ok,,False,ok,,,not_applicable,the prompt does not state how many items it wants,12,ok,,2,ok,,2,ok,,2,ok,,0,ok,,2,ok,,0,ok,,0,ok,,8,ok,,0,ok,,0,ok,,0,ok,,False,ok,,False,ok,,False,ok,,False,ok,,False,ok,,0,ok,,0,ok,,0,ok,,0,ok,,0,ok,,2,ok,,0.011,ok,,True,ok,,2,ok,,relative,ok,,False,ok,,0,ok,,,not_applicable,"the prompt names no year, so there is no earliest year",,not_applicable,"the prompt names no year, so there is no latest year",,not_applicable,"the prompt names no year, so the window has no width; reporting 0 here would look like a single-year constraint",False,ok,,True,ok,,3,ok,,False,ok,,False,ok,,,not_applicable,the prompt is not phrased as a comparison,True,ok,,True,ok,,False,ok,,True,ok,,0,ok,,3,ok,,5,ok,,2,ok,,Reasoning,ok,,3.0,ok,,legal,ok,,en,ok,,1.0,ok,,True,ok,,0.0,ok,,0,ok,,0,ok,,False,ok,,0,ok,,0.578,ok,,False,ok,,0,ok,,0.0,ok,,False,ok,,False,ok,,,not_applicable,the prompt does not ask for a particular output format,False,ok,,False,ok,,0.0,ok,,False,ok,,False,ok,,1.0,ok,,0,ok,,False,ok,,0,ok,,2,ok,,0,ok,,40,ok,,False,ok,,False,ok,,False,ok,,0.0,ok,,0.623,ok,,0.4,ok,,0.121,ok,,0.25,ok,,0.463,ok,,10.0,False,True,True,False,False,171,True,10,120.1,20.013606482701825,False
962,0.5,15,30,law,1689,ok,,265,ok,,329,ok,,15,ok,,10,ok,,49,ok,,17.67,ok,,5.01,ok,,13,ok,,0.356,ok,,1.24,ok,,0.031,ok,,0.157,ok,,0.012,ok,,0.0,ok,,10.6,ok,,True,ok,,48.6,ok,,14.02,ok,,12.42,ok,,10.77,ok,,56,ok,,0.211,ok,,1.64,ok,,49,ok,,0.442,ok,,7.377,ok,,42.11,ok,,6.15,ok,,4.27,ok,,0.511,ok,,136,ok,,5.7,ok,,2.05,ok,,7,ok,,0.025,ok,,0.147,ok,,0,ok,,3,ok,,when,ok,,,not_applicable,"the prompt has 1 distinct wh-word(s), so there is no second one",2,ok,,1,ok,,0,ok,,False,ok,,True,ok,,False,ok,,False,ok,,,not_applicable,"the prompt gives no command, so there is no task verb (a content verb inside a question does not count)",0,ok,,False,ok,,False,ok,,,not_applicable,the prompt does not state how many items it wants,11,ok,,3,ok,,4,ok,,4,ok,,1,ok,,2,ok,,0,ok,,0,ok,,8,ok,,0,ok,,4,ok,,46,ok,,False,ok,,False,ok,,False,ok,,False,ok,,False,ok,,0,ok,,0,ok,,0,ok,,0,ok,,0,ok,,7,ok,,0.051,ok,,True,ok,,1,ok,,relative,ok,,False,ok,,0,ok,,,not_applicable,"the prompt names no year, so there is no earliest year",,not_applicable,"the prompt names no year, so there is no latest year",,not_applicable,"the prompt names no year, so the window has no width; reporting 0 here would look like a single-year constraint",False,ok,,True,ok,,1,ok,,False,ok,,False,ok,,,not_applicable,the prompt is not phrased as a comparison,True,ok,,False,ok,,False,ok,,True,ok,,0,ok,,2,ok,,4,ok,,2,ok,,Creative,ok,,1.5,ok,,legal,ok,,en,ok,,1.0,ok,,True,ok,,0.0,ok,,0,ok,,0,ok,,False,ok,,0,ok,,0.585,ok,,False,ok,,1,ok,,0.04,ok,,False,ok,,False,ok,,,not_applicable,the prompt does not ask for a particular output format,False,ok,,False,ok,,0.0,ok,,False,ok,,False,ok,,0.96,ok,,0,ok,,False,ok,,0,ok,,0,ok,,0,ok,,30,ok,,False,ok,,False,ok,,False,ok,,0.0,ok,,0.731,ok,,0.4,ok,,0.097,ok,,0.25,ok,,0.462,ok,,9.0,False,False,True,False,False,160,True,9,75.11111111111111,26.969633128967683,False
967,1.0,30,30,law,1766,ok,,301,ok,,369,ok,,17,ok,,10,ok,,31,ok,,17.71,ok,,4.71,ok,,17,ok,,0.26,ok,,1.23,ok,,0.029,ok,,0.17,ok,,0.013,ok,,0.007,ok,,10.85,ok,,True,ok,,47.08,ok,,12.93,ok,,9.68,ok,,10.18,ok,,61,ok,,0.203,ok,,1.68,ok,,49,ok,,0.483,ok,,8.372,ok,,52.59,ok,,6.47,ok,,4.29,ok,,0.493,ok,,152,ok,,5.75,ok,,0.0,ok,,6,ok,,0.02,ok,,0.257,ok,,1,ok,,3,ok,,which,ok,,,not_applicable,"the prompt has 1 distinct wh-word(s), so there is no second one",1,ok,,1,ok,,0,ok,,False,ok,,True,ok,,False,ok,,False,ok,,,not_applicable,"the prompt gives no command, so there is no task verb (a content verb inside a question does not count)",0,ok,,False,ok,,False,ok,,,not_applicable,the prompt does not state how many items it wants,14,ok,,2,ok,,7,ok,,4,ok,,0,ok,,1,ok,,1,ok,,0,ok,,9,ok,,0,ok,,1,ok,,59,ok,,False,ok,,False,ok,,False,ok,,False,ok,,True,ok,,0,ok,,5,ok,,0,ok,,4,ok,,0,ok,,12,ok,,0.079,ok,,True,ok,,5,ok,,range,ok,,False,ok,,0,ok,,,not_applicable,"the prompt names no year, so there is no earliest year",,not_applicable,"the prompt names no year, so there is no latest year",,not_applicable,"the prompt names no year, so the window has no width; reporting 0 here would look like a single-year constraint",False,ok,,True,ok,,3,ok,,False,ok,,True,ok,,2.0,ok,,False,ok,,True,ok,,False,ok,,False,ok,,0,ok,,3,ok,,5,ok,,4,ok,,Fact Retrieval,ok,,3.0,ok,,legal,ok,,en,ok,,1.0,ok,,True,ok,,0.0,ok,,0,ok,,0,ok,,False,ok,,0,ok,,0.522,ok,,False,ok,,0,ok,,0.0,ok,,False,ok,,False,ok,,,not_applicable,the prompt does not ask for a particular output format,True,ok,,False,ok,,0.0,ok,,False,ok,,False,ok,,0.999,ok,,0,ok,,False,ok,,0,ok,,1,ok,,0,ok,,22,ok,,False,ok,,False,ok,,False,ok,,0.0,ok,,0.747,ok,,0.5,ok,,0.124,ok,,0.25,ok,,0.502,ok,,9.0,False,True,False,False,True,176,True,9,83.44444444444444,32.8523633514817,False
1009,0.5,15,30,law,1343,ok,,234,ok,,289,ok,,16,ok,,10,ok,,27,ok,,14.62,ok,,4.52,ok,,12,ok,,0.223,ok,,1.24,ok,,0.033,ok,,0.174,ok,,0.016,ok,,0.0,ok,,11.77,ok,,True,ok,,48.58,ok,,13.98,ok,,9.21,ok,,8.74,ok,,27,ok,,0.115,ok,,1.6,ok,,38,ok,,0.403,ok,,6.223,ok,,28.1,ok,,5.86,ok,,4.23,ok,,0.529,ok,,112,ok,,5.82,ok,,0.0,ok,,3,ok,,0.013,ok,,0.107,ok,,1,ok,,3,ok,,other,not_applicable,"no interrogative wh-word appears in the prompt, so there is no question word to report",,not_applicable,"the prompt has 0 distinct wh-word(s), so there is no second one",0,ok,,0,ok,,0,ok,,False,ok,,False,ok,,False,ok,,True,ok,,,not_applicable,"the prompt gives no command, so there is no task verb (a content verb inside a question does not count)",0,ok,,False,ok,,True,ok,,,not_applicable,the prompt does not state how many items it wants,11,ok,,2,ok,,2,ok,,2,ok,,0,ok,,2,ok,,0,ok,,0,ok,,8,ok,,0,ok,,0,ok,,0,ok,,False,ok,,False,ok,,False,ok,,False,ok,,False,ok,,0,ok,,0,ok,,0,ok,,0,ok,,0,ok,,2,ok,,0.018,ok,,True,ok,,5,ok,,relative,ok,,False,ok,,0,ok,,,not_applicable,"the prompt names no year, so there is no earliest year",,not_applicable,"the prompt names no year, so there is no latest year",,not_applicable,"the prompt names no year, so the window has no width; reporting 0 here would look like a single-year constraint",False,ok,,True,ok,,4,ok,,False,ok,,True,ok,,2.0,ok,,False,ok,,True,ok,,False,ok,,False,ok,,0,ok,,4,ok,,5,ok,,2,ok,,Comparison,ok,,1.5,ok,,legal,ok,,en,ok,,1.0,ok,,True,ok,,0.0,ok,,0,ok,,0,ok,,False,ok,,0,ok,,0.656,ok,,False,ok,,0,ok,,0.0,ok,,False,ok,,False,ok,,,not_applicable,the prompt does not ask for a particular output format,False,ok,,False,ok,,0.0,ok,,False,ok,,False,ok,,0.999,ok,,0,ok,,True,ok,,0,ok,,0,ok,,0,ok,,29,ok,,False,ok,,False,ok,,False,ok,,0.15,ok,,0.627,ok,,0.5,ok,,0.075,ok,,0.25,ok,,0.558,ok,,9.0,False,False,True,False,False,195,True,9,19.444444444444443,10.760008261045982,True
1114,0.03333333333333333,1,30,law,930,ok,,157,ok,,199,ok,,18,ok,,11,ok,,22,ok,,8.72,ok,,4.63,ok,,12,ok,,0.199,ok,,1.27,ok,,0.04,ok,,0.169,ok,,0.026,ok,,0.0,ok,,9.37,ok,,True,ok,,53.32,ok,,13.1,ok,,9.32,ok,,10.08,ok,,29,ok,,0.185,ok,,1.6,ok,,25,ok,,0.584,ok,,7.408,ok,,39.34,ok,,6.16,ok,,4.37,ok,,0.466,ok,,86,ok,,5.68,ok,,2.94,ok,,1,ok,,0.006,ok,,0.163,ok,,0,ok,,3,ok,,when,ok,,,not_applicable,"the prompt has 1 distinct wh-word(s), so there is no second one",1,ok,,1,ok,,0,ok,,False,ok,,True,ok,,False,ok,,False,ok,,,not_applicable,"the prompt gives no command, so there is no task verb (a content verb inside a question does not count)",0,ok,,False,ok,,True,ok,,,not_applicable,the prompt does not state how many items it wants,6,ok,,2,ok,,5,ok,,3,ok,,0,ok,,2,ok,,0,ok,,0,ok,,8,ok,,0,ok,,0,ok,,0,ok,,False,ok,,False,ok,,False,ok,,False,ok,,False,ok,,0,ok,,0,ok,,0,ok,,0,ok,,0,ok,,2,ok,,0.023,ok,,True,ok,,2,ok,,absolute,ok,,True,ok,,0,ok,,,not_applicable,"the prompt names no year, so there is no earliest year",,not_applicable,"the prompt names no year, so there is no latest year",,not_applicable,"the prompt names no year, so the window has no width; reporting 0 here would look like a single-year constraint",False,ok,,True,ok,,4,ok,,False,ok,,False,ok,,,not_applicable,the prompt is not phrased as a comparison,True,ok,,False,ok,,True,ok,,False,ok,,0,ok,,1,ok,,2,ok,,3,ok,,Fact Retrieval,ok,,1.5,ok,,legal,ok,,en,ok,,1.0,ok,,True,ok,,0.0,ok,,0,ok,,0,ok,,False,ok,,0,ok,,0.63,ok,,False,ok,,0,ok,,0.0,ok,,False,ok,,False,ok,,,not_applicable,the prompt does not ask for a particular output format,False,ok,,False,ok,,0.0,ok,,False,ok,,False,ok,,0.999,ok,,0,ok,,False,ok,,0,ok,,1,ok,,1,ok,,10,ok,,False,ok,,False,ok,,False,ok,,0.0,ok,,0.714,ok,,0.083,ok,,0.09,ok,,0.75,ok,,0.545,ok,,10.0,False,False,True,False,False,119,True,10,23.2,5.00666222813829,False
1163,0.0,0,30,law,1600,ok,,252,ok,,327,ok,,15,ok,,11,ok,,39,ok,,16.8,ok,,5.12,ok,,12,ok,,0.368,ok,,1.3,ok,,0.035,ok,,0.158,ok,,0.021,ok,,0.016,ok,,10.73,ok,,True,ok,,46.16,ok,,14.71,ok,,12.06,ok,,10.62,ok,,48,ok,,0.19,ok,,1.72,ok,,53,ok,,0.44,ok,,6.957,ok,,38.09,ok,,5.85,ok,,4.42,ok,,0.484,ok,,129,ok,,5.68,ok,,2.3,ok,,11,ok,,0.044,ok,,0.233,ok,,0,ok,,2,ok,,when,ok,,,not_applicable,"the prompt has 1 distinct wh-word(s), so there is no second one",1,ok,,1,ok,,1,ok,,False,ok,,True,ok,,False,ok,,False,ok,,,not_applicable,"the prompt gives no command, so there is no task verb (a content verb inside a question does not count)",1,ok,,False,ok,,False,ok,,,not_applicable,the prompt does not state how many items it wants,8,ok,,2,ok,,8,ok,,3,ok,,1,ok,,1,ok,,0,ok,,0,ok,,18,ok,,0,ok,,1,ok,,90,ok,,False,ok,,False,ok,,False,ok,,False,ok,,True,ok,,0,ok,,6,ok,,0,ok,,6,ok,,0,ok,,15,ok,,0.116,ok,,False,ok,,0,ok,,none,not_applicable,the prompt contains no time expression at all,False,ok,,0,ok,,,not_applicable,"the prompt names no year, so there is no earliest year",,not_applicable,"the prompt names no year, so there is no latest year",,not_applicable,"the prompt names no year, so the window has no width; reporting 0 here would look like a single-year constraint",False,ok,,True,ok,,9,ok,,True,ok,,True,ok,,1.0,ok,,True,ok,,False,ok,,True,ok,,False,ok,,0,ok,,1,ok,,3,ok,,4,ok,,Reasoning,ok,,2.5,ok,,legal,ok,,en,ok,,1.0,ok,,True,ok,,0.0,ok,,0,ok,,0,ok,,False,ok,,0,ok,,0.552,ok,,False,ok,,0,ok,,0.0,ok,,False,ok,,False,ok,,,not_applicable,the prompt does not ask for a particular output format,False,ok,,False,ok,,0.0,ok,,False,ok,,False,ok,,0.999,ok,,0,ok,,True,ok,,0,ok,,0,ok,,0,ok,,36,ok,,False,ok,,False,ok,,False,ok,,0.15,ok,,0.77,ok,,0.417,ok,,0.147,ok,,0.0,ok,,0.568,ok,,10.0,False,False,False,False,True,106,True,10,87.9,23.211347799442123,False
1200,0.7333333333333334,22,30,law,779,ok,,122,ok,,140,ok,,4,ok,,8,ok,,9,ok,,30.5,ok,,5.37,ok,,14,ok,,0.41,ok,,1.15,ok,,0.012,ok,,0.157,ok,,0.023,ok,,0.0,ok,,11.54,ok,,True,ok,,39.49,ok,,12.99,ok,,13.07,ok,,12.42,ok,,26,ok,,0.213,ok,,1.8,ok,,21,ok,,0.402,ok,,4.436,ok,,24.67,ok,,4.86,ok,,4.22,ok,,0.467,ok,,65,ok,,5.69,ok,,2.11,ok,,2,ok,,0.016,ok,,0.262,ok,,0,ok,,2,ok,,other,not_applicable,"no interrogative wh-word appears in the prompt, so there is no question word to report",,not_applicable,"the prompt has 0 distinct wh-word(s), so there is no second one",0,ok,,0,ok,,1,ok,,False,ok,,False,ok,,True,ok,,False,ok,,,not_applicable,"the prompt gives no command, so there is no task verb (a content verb inside a question does not count)",1,ok,,False,ok,,False,ok,,,not_applicable,the prompt does not state how many items it wants,11,ok,,2,ok,,2,ok,,1,ok,,0,ok,,2,ok,,0,ok,,0,ok,,8,ok,,0,ok,,0,ok,,0,ok,,False,ok,,False,ok,,False,ok,,False,ok,,False,ok,,0,ok,,0,ok,,0,ok,,0,ok,,0,ok,,2,ok,,0.031,ok,,False,ok,,0,ok,,none,not_applicable,the prompt contains no time expression at all,False,ok,,0,ok,,,not_applicable,"the prompt names no year, so there is no earliest year",,not_applicable,"the prompt names no year, so there is no latest year",,not_applicable,"the prompt names no year, so the window has no width; reporting 0 here would look like a single-year constraint",False,ok,,True,ok,,1,ok,,False,ok,,False,ok,,,not_applicable,the prompt is not phrased as a comparison,False,ok,,False,ok,,False,ok,,False,ok,,0,ok,,2,ok,,3,ok,,1,ok,,Fact Retrieval,ok,,0.5,ok,,everyday,ok,,en,ok,,1.0,ok,,True,ok,,0.0,ok,,0,ok,,0,ok,,False,ok,,0,ok,,0.734,ok,,False,ok,,0,ok,,0.0,ok,,False,ok,,False,ok,,,not_applicable,the prompt does not ask for a particular output format,False,ok,,False,ok,,0.0,ok,,False,ok,,False,ok,,0.999,ok,,0,ok,,True,ok,,0,ok,,0,ok,,0,ok,,17,ok,,False,ok,,False,ok,,False,ok,,0.15,ok,,0.552,ok,,0.167,ok,,0.112,ok,,0.0,ok,,0.37,ok,,7.0,False,False,False,False,False,21,False,7,87.42857142857143,19.85662897587892,False
1205,0.19999999999999998,6,30,law,2618,ok,,436,ok,,534,ok,,23,ok,,11,ok,,58,ok,,18.96,ok,,4.85,ok,,13,ok,,0.294,ok,,1.22,ok,,0.03,ok,,0.167,ok,,0.014,ok,,0.015,ok,,10.88,ok,,True,ok,,50.8,ok,,14.0,ok,,10.63,ok,,9.83,ok,,57,ok,,0.131,ok,,1.63,ok,,73,ok,,0.364,ok,,7.532,ok,,38.56,ok,,6.29,ok,,4.33,ok,,0.51,ok,,210,ok,,5.83,ok,,2.18,ok,,5,ok,,0.012,ok,,0.133,ok,,1,ok,,3,ok,,which,ok,,who,ok,,4,ok,,3,ok,,0,ok,,False,ok,,True,ok,,False,ok,,True,ok,,,not_applicable,"the prompt gives no command, so there is no task verb (a content verb inside a question does not count)",0,ok,,False,ok,,False,ok,,,not_applicable,the prompt does not state how many items it wants,10,ok,,3,ok,,14,ok,,6,ok,,1,ok,,2,ok,,0,ok,,0,ok,,14,ok,,0,ok,,2,ok,,23,ok,,False,ok,,False,ok,,False,ok,,False,ok,,True,ok,,0,ok,,10,ok,,0,ok,,4,ok,,0,ok,,19,ok,,0.09,ok,,True,ok,,14,ok,,range,ok,,True,ok,,3,ok,,2001.0,ok,,2008.0,ok,,7.0,ok,,True,ok,,True,ok,,13,ok,,False,ok,,True,ok,,2.0,ok,,True,ok,,True,ok,,False,ok,,False,ok,,0,ok,,3,ok,,5,ok,,3,ok,,Math,ok,,2.0,ok,,medical,ok,,en,ok,,1.0,ok,,True,ok,,0.0,ok,,0,ok,,0,ok,,False,ok,,0,ok,,0.56,ok,,False,ok,,0,ok,,0.0,ok,,False,ok,,False,ok,,,not_applicable,the prompt does not ask for a particular output format,False,ok,,False,ok,,0.0,ok,,False,ok,,False,ok,,1.0,ok,,0,ok,,True,ok,,0,ok,,1,ok,,1,ok,,61,ok,,False,ok,,False,ok,,False,ok,,0.15,ok,,0.754,ok,,0.5,ok,,0.079,ok,,0.925,ok,,0.748,ok,,10.0,False,False,False,False,True,258,True,10,108.5,18.721645226849056,False
1271,0.3666666666666667,11,30,law,2116,ok,,333,ok,,403,ok,,20,ok,,11,ok,,54,ok,,16.65,ok,,5.1,ok,,16,ok,,0.302,ok,,1.21,ok,,0.028,ok,,0.157,ok,,0.013,ok,,0.0,ok,,11.43,ok,,True,ok,,41.36,ok,,14.87,ok,,12.34,ok,,10.68,ok,,66,ok,,0.198,ok,,1.75,ok,,73,ok,,0.472,ok,,8.719,ok,,51.06,ok,,6.44,ok,,4.27,ok,,0.519,ok,,164,ok,,5.76,ok,,2.99,ok,,2,ok,,0.006,ok,,0.25,ok,,0,ok,,2,ok,,who,ok,,where,ok,,2,ok,,2,ok,,0,ok,,False,ok,,True,ok,,False,ok,,False,ok,,,not_applicable,"the prompt gives no command, so there is no task verb (a content verb inside a question does not count)",0,ok,,False,ok,,False,ok,,,not_applicable,the prompt does not state how many items it wants,13,ok,,3,ok,,8,ok,,5,ok,,0,ok,,2,ok,,0,ok,,1,ok,,10,ok,,0,ok,,2,ok,,77,ok,,False,ok,,False,ok,,False,ok,,False,ok,,False,ok,,0,ok,,0,ok,,0,ok,,0,ok,,0,ok,,5,ok,,0.03,ok,,True,ok,,8,ok,,relative,ok,,False,ok,,0,ok,,,not_applicable,"the prompt names no year, so there is no earliest year",,not_applicable,"the prompt names no year, so there is no latest year",,not_applicable,"the prompt names no year, so the window has no width; reporting 0 here would look like a single-year constraint",False,ok,,True,ok,,7,ok,,False,ok,,False,ok,,,not_applicable,the prompt is not phrased as a comparison,True,ok,,True,ok,,True,ok,,False,ok,,0,ok,,2,ok,,4,ok,,4,ok,,Fact Retrieval,ok,,4.5,ok,,legal,ok,,en,ok,,1.0,ok,,True,ok,,0.0,ok,,0,ok,,0,ok,,False,ok,,0,ok,,0.546,ok,,False,ok,,0,ok,,0.0,ok,,False,ok,,False,ok,,,not_applicable,the prompt does not ask for a particular output format,True,ok,,False,ok,,0.0,ok,,False,ok,,False,ok,,1.0,ok,,0,ok,,False,ok,,0,ok,,1,ok,,1,ok,,46,ok,,False,ok,,False,ok,,False,ok,,0.0,ok,,0.718,ok,,0.25,ok,,0.108,ok,,0.25,ok,,0.402,ok,,10.0,False,False,True,False,False,186,True,10,91.1,29.03044379038437,False
1286,0.0,0,30,law,366,ok,,61,ok,,76,ok,,6,ok,,5,ok,,7,ok,,10.17,ok,,4.73,ok,,11,ok,,0.238,ok,,1.25,ok,,0.033,ok,,0.167,ok,,0.034,ok,,0.0,ok,,7.93,ok,,True,ok,,59.92,ok,,12.75,ok,,9.63,ok,,10.45,ok,,13,ok,,0.213,ok,,1.59,ok,,13,ok,,0.683,ok,,5.417,ok,,38.96,ok,,5.2,ok,,4.36,ok,,0.524,ok,,30,ok,,5.8,ok,,2.77,ok,,1,ok,,0.016,ok,,0.2,ok,,0,ok,,4,ok,,which,ok,,,not_applicable,"the prompt has 1 distinct wh-word(s), so there is no second one",1,ok,,1,ok,,1,ok,,False,ok,,True,ok,,False,ok,,False,ok,,,not_applicable,"the prompt gives no command, so there is no task verb (a content verb inside a question does not count)",1,ok,,False,ok,,False,ok,,,not_applicable,the prompt does not state how many items it wants,11,ok,,2,ok,,3,ok,,3,ok,,1,ok,,1,ok,,0,ok,,0,ok,,6,ok,,0,ok,,0,ok,,0,ok,,False,ok,,False,ok,,False,ok,,False,ok,,False,ok,,0,ok,,0,ok,,0,ok,,0,ok,,0,ok,,2,ok,,0.067,ok,,True,ok,,3,ok,,relative,ok,,False,ok,,0,ok,,,not_applicable,"the prompt names no year, so there is no earliest year",,not_applicable,"the prompt names no year, so there is no latest year",,not_applicable,"the prompt names no year, so the window has no width; reporting 0 here would look like a single-year constraint",False,ok,,True,ok,,2,ok,,False,ok,,False,ok,,,not_applicable,the prompt is not phrased as a comparison,False,ok,,True,ok,,False,ok,,False,ok,,0,ok,,2,ok,,4,ok,,2,ok,,Fact Retrieval,ok,,1.5,ok,,legal,ok,,en,ok,,1.0,ok,,True,ok,,0.0,ok,,0,ok,,0,ok,,False,ok,,0,ok,,0.461,ok,,False,ok,,0,ok,,0.0,ok,,False,ok,,False,ok,,,not_applicable,the prompt does not ask for a particular output format,False,ok,,False,ok,,0.0,ok,,False,ok,,True,ok,,0.997,ok,,0,ok,,True,ok,,0,ok,,1,ok,,0,ok,,3,ok,,False,ok,,False,ok,,False,ok,,0.15,ok,,0.74,ok,,0.25,ok,,0.107,ok,,0.25,ok,,0.483,ok,,4.0,False,False,False,False,False,21,False,4,52.5,12.396235987858034,False
1326,0.0,0,30,law,2351,ok,,387,ok,,459,ok,,17,ok,,11,ok,,43,ok,,22.76,ok,,4.87,ok,,16,ok,,0.28,ok,,1.19,ok,,0.027,ok,,0.165,ok,,0.018,ok,,0.001,ok,,11.46,ok,,True,ok,,51.23,ok,,14.7,ok,,11.3,ok,,9.76,ok,,75,ok,,0.194,ok,,1.56,ok,,60,ok,,0.455,ok,,9.029,ok,,61.16,ok,,6.61,ok,,4.29,ok,,0.491,ok,,200,ok,,5.84,ok,,2.8,ok,,1,ok,,0.003,ok,,0.215,ok,,0,ok,,2,ok,,where,ok,,which,ok,,2,ok,,2,ok,,1,ok,,False,ok,,True,ok,,False,ok,,False,ok,,,not_applicable,"the prompt gives no command, so there is no task verb (a content verb inside a question does not count)",2,ok,,True,ok,,True,ok,,,not_applicable,the prompt does not state how many items it wants,13,ok,,4,ok,,6,ok,,5,ok,,0,ok,,3,ok,,0,ok,,1,ok,,23,ok,,0,ok,,3,ok,,19,ok,,False,ok,,False,ok,,False,ok,,False,ok,,False,ok,,0,ok,,1,ok,,0,ok,,0,ok,,0,ok,,8,ok,,0.04,ok,,True,ok,,2,ok,,relative,ok,,False,ok,,0,ok,,,not_applicable,"the prompt names no year, so there is no earliest year",,not_applicable,"the prompt names no year, so there is no latest year",,not_applicable,"the prompt names no year, so the window has no width; reporting 0 here would look like a single-year constraint",False,ok,,True,ok,,8,ok,,False,ok,,False,ok,,,not_applicable,the prompt is not phrased as a comparison,True,ok,,False,ok,,False,ok,,False,ok,,0,ok,,2,ok,,3,ok,,3,ok,,Fact Retrieval,ok,,3.0,ok,,everyday,ok,,en,ok,,1.0,ok,,True,ok,,0.0,ok,,0,ok,,0,ok,,False,ok,,0,ok,,0.498,ok,,False,ok,,0,ok,,0.0,ok,,False,ok,,False,ok,,,not_applicable,the prompt does not ask for a particular output format,False,ok,,False,ok,,0.0,ok,,False,ok,,False,ok,,0.999,ok,,0,ok,,False,ok,,0,ok,,2,ok,,1,ok,,35,ok,,False,ok,,False,ok,,False,ok,,0.0,ok,,0.724,ok,,0.342,ok,,0.092,ok,,0.25,ok,,0.432,ok,,10.0,False,False,False,False,False,166,True,10,131.1,34.50748711028763,False
1360,0.03333333333333333,1,30,law,661,ok,,114,ok,,154,ok,,13,ok,,11,ok,,5,ok,,8.77,ok,,4.48,ok,,12,ok,,0.263,ok,,1.35,ok,,0.044,ok,,0.172,ok,,0.042,ok,,0.0,ok,,6.57,ok,,True,ok,,66.45,ok,,8.71,ok,,7.7,ok,,10.11,ok,,20,ok,,0.175,ok,,1.5,ok,,13,ok,,0.551,ok,,5.984,ok,,39.55,ok,,5.62,ok,,4.37,ok,,0.483,ok,,61,ok,,5.73,ok,,1.77,ok,,5,ok,,0.042,ok,,0.164,ok,,0,ok,,3,ok,,what,ok,,,not_applicable,"the prompt has 1 distinct wh-word(s), so there is no second one",1,ok,,1,ok,,1,ok,,False,ok,,True,ok,,False,ok,,False,ok,,,not_applicable,"the prompt gives no command, so there is no task verb (a content verb inside a question does not count)",1,ok,,False,ok,,False,ok,,,not_applicable,the prompt does not state how many items it wants,9,ok,,3,ok,,6,ok,,3,ok,,0,ok,,3,ok,,0,ok,,0,ok,,9,ok,,0,ok,,0,ok,,0,ok,,False,ok,,False,ok,,False,ok,,False,ok,,False,ok,,0,ok,,0,ok,,0,ok,,0,ok,,0,ok,,3,ok,,0.049,ok,,False,ok,,0,ok,,none,not_applicable,the prompt contains no time expression at all,False,ok,,0,ok,,,not_applicable,"the prompt names no year, so there is no earliest year",,not_applicable,"the prompt names no year, so there is no latest year",,not_applicable,"the prompt names no year, so the window has no width; reporting 0 here would look like a single-year constraint",False,ok,,True,ok,,3,ok,,False,ok,,True,ok,,2.0,ok,,False,ok,,False,ok,,True,ok,,False,ok,,0,ok,,2,ok,,4,ok,,2,ok,,Comparison,ok,,1.5,ok,,legal,ok,,en,ok,,1.0,ok,,True,ok,,0.0,ok,,0,ok,,0,ok,,False,ok,,0,ok,,0.643,ok,,False,ok,,0,ok,,0.0,ok,,False,ok,,False,ok,,,not_applicable,the prompt does not ask for a particular output format,False,ok,,False,ok,,0.0,ok,,False,ok,,False,ok,,0.998,ok,,0,ok,,False,ok,,0,ok,,0,ok,,0,ok,,11,ok,,False,ok,,False,ok,,False,ok,,0.0,ok,,0.729,ok,,0.5,ok,,0.131,ok,,0.0,ok,,0.424,ok,,10.0,False,False,False,False,False,42,False,10,39.2,16.294511686795378,False
1422,0.6333333333333333,19,30,law,1716,ok,,280,ok,,342,ok,,27,ok,,11,ok,,48,ok,,10.37,ok,,4.98,ok,,13,ok,,0.35,ok,,1.22,ok,,0.023,ok,,0.163,ok,,0.02,ok,,0.0,ok,,10.47,ok,,True,ok,,49.32,ok,,14.16,ok,,11.32,ok,,10.66,ok,,38,ok,,0.136,ok,,1.66,ok,,58,ok,,0.396,ok,,6.658,ok,,30.78,ok,,5.82,ok,,4.25,ok,,0.509,ok,,139,ok,,5.58,ok,,1.54,ok,,24,ok,,0.085,ok,,0.295,ok,,0,ok,,2,ok,,who,ok,,when,ok,,4,ok,,2,ok,,1,ok,,False,ok,,True,ok,,False,ok,,False,ok,,,not_applicable,"the prompt gives no command, so there is no task verb (a content verb inside a question does not count)",1,ok,,False,ok,,True,ok,,,not_applicable,the prompt does not state how many items it wants,9,ok,,1,ok,,2,ok,,2,ok,,0,ok,,1,ok,,0,ok,,0,ok,,9,ok,,0,ok,,2,ok,,19,ok,,False,ok,,False,ok,,False,ok,,False,ok,,False,ok,,0,ok,,0,ok,,0,ok,,0,ok,,0,ok,,3,ok,,0.022,ok,,True,ok,,2,ok,,relative,ok,,False,ok,,0,ok,,,not_applicable,"the prompt names no year, so there is no earliest year",,not_applicable,"the prompt names no year, so there is no latest year",,not_applicable,"the prompt names no year, so the window has no width; reporting 0 here would look like a single-year constraint",False,ok,,True,ok,,4,ok,,True,ok,,False,ok,,,not_applicable,the prompt is not phrased as a comparison,True,ok,,False,ok,,False,ok,,False,ok,,0,ok,,1,ok,,2,ok,,3,ok,,Fact Retrieval,ok,,1.5,ok,,business,ok,,en,ok,,1.0,ok,,True,ok,,0.0,ok,,0,ok,,0,ok,,False,ok,,0,ok,,0.65,ok,,False,ok,,0,ok,,0.0,ok,,False,ok,,False,ok,,,not_applicable,the prompt does not ask for a particular output format,False,ok,,False,ok,,0.0,ok,,False,ok,,False,ok,,0.998,ok,,0,ok,,True,ok,,0,ok,,1,ok,,0,ok,,47,ok,,False,ok,,False,ok,,False,ok,,0.15,ok,,0.63,ok,,0.083,ok,,0.189,ok,,0.25,ok,,0.549,ok,,10.0,False,False,False,False,False,116,True,10,98.0,11.294049564064943,False
1485,0.0,0,30,law,267,ok,,47,ok,,59,ok,,5,ok,,5,ok,,8,ok,,9.4,ok,,4.28,ok,,11,ok,,0.26,ok,,1.26,ok,,0.041,ok,,0.176,ok,,0.043,ok,,0.0,ok,,5.9,ok,,True,ok,,69.49,ok,,9.72,ok,,6.84,ok,,9.48,ok,,10,ok,,0.213,ok,,1.44,ok,,6,ok,,0.84,ok,,5.94,ok,,87.5,ok,,5.25,ok,,4.39,ok,,0.44,ok,,28,ok,,5.79,ok,,3.28,ok,,0,ok,,0.0,ok,,0.071,ok,,0,ok,,2,ok,,what,ok,,,not_applicable,"the prompt has 1 distinct wh-word(s), so there is no second one",1,ok,,1,ok,,0,ok,,False,ok,,True,ok,,False,ok,,False,ok,,,not_applicable,"the prompt gives no command, so there is no task verb (a content verb inside a question does not count)",0,ok,,False,ok,,False,ok,,,not_applicable,the prompt does not state how many items it wants,5,ok,,3,ok,,3,ok,,2,ok,,0,ok,,3,ok,,0,ok,,0,ok,,6,ok,,0,ok,,0,ok,,0,ok,,False,ok,,False,ok,,False,ok,,False,ok,,False,ok,,0,ok,,0,ok,,0,ok,,0,ok,,0,ok,,3,ok,,0.107,ok,,False,ok,,0,ok,,none,not_applicable,the prompt contains no time expression at all,False,ok,,0,ok,,,not_applicable,"the prompt names no year, so there is no earliest year",,not_applicable,"the prompt names no year, so there is no latest year",,not_applicable,"the prompt names no year, so the window has no width; reporting 0 here would look like a single-year constraint",False,ok,,True,ok,,3,ok,,False,ok,,True,ok,,1.0,ok,,False,ok,,False,ok,,False,ok,,False,ok,,0,ok,,1,ok,,3,ok,,1,ok,,Fact Retrieval,ok,,2.0,ok,,legal,ok,,en,ok,,1.0,ok,,True,ok,,0.0,ok,,0,ok,,0,ok,,False,ok,,0,ok,,0.402,ok,,False,ok,,0,ok,,0.0,ok,,False,ok,,False,ok,,,not_applicable,the prompt does not ask for a particular output format,False,ok,,False,ok,,0.0,ok,,False,ok,,False,ok,,0.996,ok,,0,ok,,False,ok,,1,ok,,0,ok,,0,ok,,1,ok,,False,ok,,False,ok,,False,ok,,0.075,ok,,0.681,ok,,0.417,ok,,0.056,ok,,0.0,ok,,0.407,ok,,4.0,False,False,False,False,False,11,False,4,47.25,11.81453906563152,False
1569,0.8333333333333334,25,30,law,3684,ok,,641,ok,,867,ok,,33,ok,,10,ok,,84,ok,,19.42,ok,,4.5,ok,,12,ok,,0.188,ok,,1.35,ok,,0.033,ok,,0.174,ok,,0.015,ok,,0.016,ok,,11.45,ok,,True,ok,,53.73,ok,,14.21,ok,,9.28,ok,,9.43,ok,,76,ok,,0.119,ok,,1.53,ok,,81,ok,,0.289,ok,,7.313,ok,,37.02,ok,,6.21,ok,,4.31,ok,,0.494,ok,,324,ok,,5.69,ok,,0.0,ok,,21,ok,,0.033,ok,,0.191,ok,,4,ok,,6,ok,,when,ok,,who,ok,,4,ok,,3,ok,,1,ok,,False,ok,,True,ok,,False,ok,,True,ok,,,not_applicable,"the prompt gives no command, so there is no task verb (a content verb inside a question does not count)",1,ok,,False,ok,,False,ok,,,not_applicable,the prompt does not state how many items it wants,11,ok,,4,ok,,19,ok,,6,ok,,0,ok,,4,ok,,0,ok,,0,ok,,22,ok,,0,ok,,2,ok,,166,ok,,False,ok,,False,ok,,False,ok,,False,ok,,True,ok,,0,ok,,14,ok,,0,ok,,5,ok,,0,ok,,25,ok,,0.077,ok,,True,ok,,12,ok,,range,ok,,False,ok,,8,ok,,1993.0,ok,,2008.0,ok,,15.0,ok,,False,ok,,True,ok,,11,ok,,True,ok,,True,ok,,2.0,ok,,True,ok,,True,ok,,True,ok,,False,ok,,0,ok,,2,ok,,5,ok,,5,ok,,Reasoning,ok,,3.5,ok,,legal,ok,,en,ok,,1.0,ok,,True,ok,,0.002,ok,,0,ok,,0,ok,,False,ok,,0,ok,,0.679,ok,,False,ok,,0,ok,,0.0,ok,,False,ok,,False,ok,,,not_applicable,the prompt does not ask for a particular output format,False,ok,,False,ok,,0.0,ok,,False,ok,,False,ok,,1.0,ok,,0,ok,,False,ok,,1,ok,,0,ok,,1,ok,,68,ok,,False,ok,,False,ok,,False,ok,,0.075,ok,,0.746,ok,,0.5,ok,,0.131,ok,,0.5,ok,,0.679,ok,,9.0,True,False,False,False,True,418,True,9,144.0,34.85685011586675,False
1601,0.3333333333333333,10,30,law,1391,ok,,227,ok,,272,ok,,14,ok,,11,ok,,29,ok,,16.21,ok,,4.98,ok,,12,ok,,0.342,ok,,1.2,ok,,0.028,ok,,0.163,ok,,0.031,ok,,0.0,ok,,9.4,ok,,True,ok,,56.58,ok,,12.3,ok,,11.12,ok,,10.35,ok,,34,ok,,0.15,ok,,1.58,ok,,37,ok,,0.443,ok,,6.689,ok,,43.17,ok,,5.94,ok,,4.32,ok,,0.447,ok,,126,ok,,5.81,ok,,2.39,ok,,2,ok,,0.009,ok,,0.103,ok,,0,ok,,3,ok,,which,ok,,,not_applicable,"the prompt has 1 distinct wh-word(s), so there is no second one",1,ok,,1,ok,,1,ok,,False,ok,,True,ok,,False,ok,,False,ok,,,not_applicable,"the prompt gives no command, so there is no task verb (a content verb inside a question does not count)",1,ok,,False,ok,,True,ok,,,not_applicable,the prompt does not state how many items it wants,13,ok,,7,ok,,7,ok,,4,ok,,0,ok,,2,ok,,2,ok,,3,ok,,27,ok,,0,ok,,0,ok,,0,ok,,False,ok,,False,ok,,False,ok,,False,ok,,False,ok,,0,ok,,0,ok,,0,ok,,0,ok,,0,ok,,7,ok,,0.056,ok,,True,ok,,1,ok,,relative,ok,,False,ok,,0,ok,,,not_applicable,"the prompt names no year, so there is no earliest year",,not_applicable,"the prompt names no year, so there is no latest year",,not_applicable,"the prompt names no year, so the window has no width; reporting 0 here would look like a single-year constraint",False,ok,,True,ok,,8,ok,,False,ok,,True,ok,,2.0,ok,,True,ok,,False,ok,,False,ok,,False,ok,,0,ok,,3,ok,,5,ok,,3,ok,,Comparison,ok,,1.5,ok,,legal,ok,,en,ok,,1.0,ok,,True,ok,,0.0,ok,,0,ok,,0,ok,,False,ok,,0,ok,,0.579,ok,,False,ok,,0,ok,,0.0,ok,,False,ok,,False,ok,,,not_applicable,the prompt does not ask for a particular output format,True,ok,,False,ok,,0.0,ok,,False,ok,,False,ok,,0.999,ok,,0,ok,,False,ok,,0,ok,,0,ok,,0,ok,,20,ok,,False,ok,,False,ok,,False,ok,,0.0,ok,,0.734,ok,,0.5,ok,,0.065,ok,,0.25,ok,,0.486,ok,,10.0,False,False,False,False,False,78,False,10,86.0,10.509255180289632,False
1642,0.3666666666666667,11,30,law,766,ok,,126,ok,,182,ok,,11,ok,,11,ok,,6,ok,,11.45,ok,,4.74,ok,,15,ok,,0.269,ok,,1.44,ok,,0.052,ok,,0.164,ok,,0.077,ok,,0.0,ok,,6.42,ok,,True,ok,,64.8,ok,,9.67,ok,,8.92,ok,,10.82,ok,,24,ok,,0.19,ok,,1.55,ok,,19,ok,,0.531,ok,,6.052,ok,,34.91,ok,,5.65,ok,,4.52,ok,,0.415,ok,,76,ok,,5.44,ok,,0.0,ok,,8,ok,,0.062,ok,,0.25,ok,,1,ok,,4,ok,,which,ok,,,not_applicable,"the prompt has 1 distinct wh-word(s), so there is no second one",1,ok,,1,ok,,1,ok,,False,ok,,True,ok,,False,ok,,False,ok,,,not_applicable,"the prompt gives no command, so there is no task verb (a content verb inside a question does not count)",1,ok,,False,ok,,False,ok,,,not_applicable,the prompt does not state how many items it wants,9,ok,,2,ok,,2,ok,,1,ok,,0,ok,,2,ok,,0,ok,,0,ok,,42,ok,,0,ok,,3,ok,,23,ok,,False,ok,,False,ok,,False,ok,,False,ok,,False,ok,,0,ok,,0,ok,,0,ok,,0,ok,,0,ok,,5,ok,,0.066,ok,,True,ok,,1,ok,,relative,ok,,False,ok,,0,ok,,,not_applicable,"the prompt names no year, so there is no earliest year",,not_applicable,"the prompt names no year, so there is no latest year",,not_applicable,"the prompt names no year, so the window has no width; reporting 0 here would look like a single-year constraint",False,ok,,False,ok,,0,ok,,False,ok,,True,ok,,1.0,ok,,False,ok,,True,ok,,True,ok,,False,ok,,0,ok,,3,ok,,5,ok,,2,ok,,Comparison,ok,,1.5,ok,,legal,ok,,en,ok,,1.0,ok,,True,ok,,0.0,ok,,0,ok,,0,ok,,False,ok,,0,ok,,0.612,ok,,False,ok,,0,ok,,0.0,ok,,False,ok,,False,ok,,,not_applicable,the prompt does not ask for a particular output format,False,ok,,False,ok,,0.0,ok,,False,ok,,False,ok,,0.993,ok,,0,ok,,False,ok,,0,ok,,1,ok,,0,ok,,9,ok,,False,ok,,False,ok,,False,ok,,0.0,ok,,0.573,ok,,0.5,ok,,0.185,ok,,0.25,ok,,0.434,ok,,10.0,False,False,False,False,False,71,False,10,30.2,12.11793895200188,False
1647,0.9666666666666667,29,30,law,922,ok,,150,ok,,189,ok,,11,ok,,11,ok,,23,ok,,13.64,ok,,4.88,ok,,12,ok,,0.307,ok,,1.26,ok,,0.038,ok,,0.163,ok,,0.038,ok,,0.0,ok,,8.72,ok,,True,ok,,54.84,ok,,10.87,ok,,10.33,ok,,9.1,ok,,31,ok,,0.207,ok,,1.61,ok,,26,ok,,0.601,ok,,7.438,ok,,67.12,ok,,6.1,ok,,4.28,ok,,0.484,ok,,79,ok,,5.79,ok,,3.08,ok,,0,ok,,0.0,ok,,0.177,ok,,0,ok,,2,ok,,other,not_applicable,"no interrogative wh-word appears in the prompt, so there is no question word to report",,not_applicable,"the prompt has 0 distinct wh-word(s), so there is no second one",0,ok,,0,ok,,1,ok,,False,ok,,False,ok,,False,ok,,False,ok,,,not_applicable,"the prompt gives no command, so there is no task verb (a content verb inside a question does not count)",1,ok,,False,ok,,True,ok,,,not_applicable,the prompt does not state how many items it wants,9,ok,,5,ok,,5,ok,,4,ok,,1,ok,,3,ok,,1,ok,,0,ok,,23,ok,,0,ok,,0,ok,,0,ok,,False,ok,,False,ok,,False,ok,,False,ok,,False,ok,,0,ok,,0,ok,,0,ok,,0,ok,,0,ok,,5,ok,,0.063,ok,,False,ok,,0,ok,,none,not_applicable,the prompt contains no time expression at all,False,ok,,0,ok,,,not_applicable,"the prompt names no year, so there is no earliest year",,not_applicable,"the prompt names no year, so there is no latest year",,not_applicable,"the prompt names no year, so the window has no width; reporting 0 here would look like a single-year constraint",False,ok,,True,ok,,8,ok,,False,ok,,True,ok,,1.0,ok,,True,ok,,False,ok,,True,ok,,False,ok,,0,ok,,2,ok,,4,ok,,2,ok,,Reasoning,ok,,2.5,ok,,legal,ok,,en,ok,,1.0,ok,,True,ok,,0.0,ok,,0,ok,,0,ok,,False,ok,,0,ok,,0.57,ok,,False,ok,,0,ok,,0.0,ok,,False,ok,,False,ok,,,not_applicable,the prompt does not ask for a particular output format,False,ok,,False,ok,,0.0,ok,,False,ok,,False,ok,,0.999,ok,,0,ok,,False,ok,,0,ok,,2,ok,,0,ok,,7,ok,,False,ok,,False,ok,,False,ok,,0.0,ok,,0.738,ok,,0.5,ok,,0.088,ok,,0.0,ok,,0.411,ok,,10.0,False,False,False,False,False,39,False,10,64.1,19.4390786247131,False
1769,0.06666666666666667,2,30,law,2194,ok,,375,ok,,470,ok,,30,ok,,11,ok,,56,ok,,12.5,ok,,4.68,ok,,17,ok,,0.212,ok,,1.25,ok,,0.026,ok,,0.171,ok,,0.019,ok,,0.018,ok,,9.97,ok,,True,ok,,56.88,ok,,12.19,ok,,9.93,ok,,10.69,ok,,59,ok,,0.157,ok,,1.56,ok,,49,ok,,0.425,ok,,8.192,ok,,37.9,ok,,6.16,ok,,4.32,ok,,0.503,ok,,185,ok,,5.78,ok,,1.79,ok,,8,ok,,0.022,ok,,0.135,ok,,1,ok,,4,ok,,when,ok,,which,ok,,2,ok,,2,ok,,1,ok,,False,ok,,True,ok,,False,ok,,False,ok,,,not_applicable,"the prompt gives no command, so there is no task verb (a content verb inside a question does not count)",1,ok,,False,ok,,True,ok,,,not_applicable,the prompt does not state how many items it wants,10,ok,,1,ok,,15,ok,,5,ok,,0,ok,,1,ok,,0,ok,,0,ok,,12,ok,,0,ok,,3,ok,,122,ok,,False,ok,,False,ok,,False,ok,,False,ok,,True,ok,,0,ok,,15,ok,,0,ok,,2,ok,,1,ok,,21,ok,,0.114,ok,,True,ok,,12,ok,,range,ok,,True,ok,,2,ok,,2000.0,ok,,2007.0,ok,,7.0,ok,,True,ok,,True,ok,,6,ok,,False,ok,,False,ok,,,not_applicable,the prompt is not phrased as a comparison,True,ok,,False,ok,,True,ok,,True,ok,,0,ok,,2,ok,,4,ok,,6,ok,,Fact Retrieval,ok,,3.0,ok,,legal,ok,,en,ok,,1.0,ok,,True,ok,,0.0,ok,,0,ok,,0,ok,,False,ok,,0,ok,,0.513,ok,,False,ok,,0,ok,,0.0,ok,,False,ok,,False,ok,,,not_applicable,the prompt does not ask for a particular output format,True,ok,,False,ok,,0.0,ok,,False,ok,,False,ok,,0.999,ok,,0,ok,,True,ok,,0,ok,,0,ok,,0,ok,,58,ok,,False,ok,,False,ok,,False,ok,,0.15,ok,,0.768,ok,,0.4,ok,,0.092,ok,,0.925,ok,,0.731,ok,,10.0,False,False,False,False,True,233,True,10,81.7,16.512957874886553,False
1979,0.5333333333333333,16,30,law,1511,ok,,256,ok,,327,ok,,25,ok,,11,ok,,41,ok,,10.24,ok,,4.78,ok,,11,ok,,0.253,ok,,1.28,ok,,0.036,ok,,0.169,ok,,0.022,ok,,0.026,ok,,8.67,ok,,True,ok,,61.38,ok,,13.74,ok,,9.56,ok,,10.29,ok,,27,ok,,0.105,ok,,1.55,ok,,49,ok,,0.371,ok,,5.814,ok,,29.13,ok,,5.52,ok,,4.45,ok,,0.535,ok,,114,ok,,5.77,ok,,2.3,ok,,13,ok,,0.053,ok,,0.325,ok,,0,ok,,2,ok,,what,ok,,which,ok,,6,ok,,2,ok,,1,ok,,False,ok,,True,ok,,False,ok,,False,ok,,,not_applicable,"the prompt gives no command, so there is no task verb (a content verb inside a question does not count)",1,ok,,False,ok,,False,ok,,,not_applicable,the prompt does not state how many items it wants,9,ok,,1,ok,,16,ok,,3,ok,,0,ok,,1,ok,,0,ok,,0,ok,,9,ok,,0,ok,,0,ok,,0,ok,,False,ok,,False,ok,,False,ok,,False,ok,,True,ok,,0,ok,,12,ok,,0,ok,,12,ok,,0,ok,,25,ok,,0.219,ok,,True,ok,,5,ok,,relative,ok,,False,ok,,0,ok,,,not_applicable,"the prompt names no year, so there is no earliest year",,not_applicable,"the prompt names no year, so there is no latest year",,not_applicable,"the prompt names no year, so the window has no width; reporting 0 here would look like a single-year constraint",False,ok,,True,ok,,3,ok,,False,ok,,False,ok,,,not_applicable,the prompt is not phrased as a comparison,True,ok,,False,ok,,False,ok,,False,ok,,0,ok,,2,ok,,3,ok,,3,ok,,Math,ok,,2.0,ok,,finance,ok,,en,ok,,1.0,ok,,True,ok,,0.0,ok,,0,ok,,0,ok,,False,ok,,0,ok,,0.812,ok,,False,ok,,0,ok,,0.0,ok,,False,ok,,False,ok,,,not_applicable,the prompt does not ask for a particular output format,False,ok,,False,ok,,0.0,ok,,False,ok,,False,ok,,0.999,ok,,0,ok,,False,ok,,1,ok,,0,ok,,0,ok,,41,ok,,False,ok,,False,ok,,False,ok,,0.075,ok,,0.831,ok,,0.167,ok,,0.179,ok,,0.25,ok,,0.435,ok,,10.0,False,False,False,False,True,112,True,10,83.4,13.937957765277762,False
2052,0.9,27,30,psychology,795,ok,,115,ok,,146,ok,,11,ok,,11,ok,,19,ok,,10.45,ok,,5.9,ok,,14,ok,,0.417,ok,,1.27,ok,,0.015,ok,,0.145,ok,,0.031,ok,,0.0,ok,,12.91,ok,,True,ok,,21.14,ok,,17.4,ok,,15.06,ok,,14.59,ok,,25,ok,,0.217,ok,,2.07,ok,,38,ok,,0.47,ok,,5.036,ok,,24.58,ok,,4.94,ok,,4.26,ok,,0.304,ok,,80,ok,,5.49,ok,,2.82,ok,,10,ok,,0.087,ok,,0.3,ok,,0,ok,,2,ok,,how,ok,,,not_applicable,"the prompt has 1 distinct wh-word(s), so there is no second one",1,ok,,1,ok,,1,ok,,False,ok,,True,ok,,False,ok,,False,ok,,,not_applicable,"the prompt gives no command, so there is no task verb (a content verb inside a question does not count)",1,ok,,False,ok,,False,ok,,,not_applicable,the prompt does not state how many items it wants,8,ok,,2,ok,,2,ok,,2,ok,,0,ok,,2,ok,,0,ok,,0,ok,,8,ok,,0,ok,,0,ok,,0,ok,,False,ok,,False,ok,,False,ok,,False,ok,,False,ok,,0,ok,,0,ok,,0,ok,,0,ok,,0,ok,,2,ok,,0.025,ok,,False,ok,,0,ok,,none,not_applicable,the prompt contains no time expression at all,False,ok,,0,ok,,,not_applicable,"the prompt names no year, so there is no earliest year",,not_applicable,"the prompt names no year, so there is no latest year",,not_applicable,"the prompt names no year, so the window has no width; reporting 0 here would look like a single-year constraint",False,ok,,True,ok,,1,ok,,False,ok,,False,ok,,,not_applicable,the prompt is not phrased as a comparison,False,ok,,False,ok,,False,ok,,False,ok,,0,ok,,3,ok,,4,ok,,1,ok,,Fact Retrieval,ok,,0.5,ok,,,not_applicable,no domain lexicon matched this prompt,en,ok,,1.0,ok,,True,ok,,0.0,ok,,0,ok,,0,ok,,False,ok,,0,ok,,0.785,ok,,False,ok,,2,ok,,0.191,ok,,False,ok,,False,ok,,,not_applicable,the prompt does not ask for a particular output format,False,ok,,False,ok,,0.0,ok,,True,ok,,False,ok,,0.809,ok,,0,ok,,False,ok,,0,ok,,0,ok,,0,ok,,14,ok,,False,ok,,False,ok,,False,ok,,0.0,ok,,0.632,ok,,0.25,ok,,0.199,ok,,0.0,ok,,0.378,ok,,10.0,False,False,False,False,False,11,False,10,67.3,14.283245818479465,False
2054,0.0,0,30,psychology,1309,ok,,182,ok,,221,ok,,9,ok,,11,ok,,26,ok,,20.22,ok,,6.08,ok,,13,ok,,0.47,ok,,1.21,ok,,0.02,ok,,0.139,ok,,0.019,ok,,0.0,ok,,14.23,ok,,True,ok,,22.34,ok,,18.74,ok,,17.68,ok,,13.44,ok,,47,ok,,0.258,ok,,1.97,ok,,56,ok,,0.503,ok,,6.801,ok,,48.15,ok,,5.89,ok,,4.31,ok,,0.404,ok,,109,ok,,5.35,ok,,2.41,ok,,13,ok,,0.071,ok,,0.431,ok,,0,ok,,3,ok,,what,ok,,which,ok,,2,ok,,2,ok,,1,ok,,False,ok,,True,ok,,False,ok,,False,ok,,,not_applicable,"the prompt gives no command, so there is no task verb (a content verb inside a question does not count)",1,ok,,False,ok,,False,ok,,,not_applicable,the prompt does not state how many items it wants,12,ok,,7,ok,,7,ok,,1,ok,,0,ok,,7,ok,,0,ok,,0,ok,,19,ok,,0,ok,,0,ok,,0,ok,,False,ok,,False,ok,,False,ok,,False,ok,,False,ok,,0,ok,,0,ok,,0,ok,,0,ok,,0,ok,,7,ok,,0.064,ok,,False,ok,,0,ok,,none,not_applicable,the prompt contains no time expression at all,False,ok,,0,ok,,,not_applicable,"the prompt names no year, so there is no earliest year",,not_applicable,"the prompt names no year, so there is no latest year",,not_applicable,"the prompt names no year, so the window has no width; reporting 0 here would look like a single-year constraint",False,ok,,True,ok,,1,ok,,False,ok,,False,ok,,,not_applicable,the prompt is not phrased as a comparison,False,ok,,False,ok,,False,ok,,True,ok,,0,ok,,2,ok,,4,ok,,1,ok,,Definition,ok,,2.0,ok,,,not_applicable,no domain lexicon matched this prompt,en,ok,,1.0,ok,,True,ok,,0.0,ok,,0,ok,,0,ok,,False,ok,,0,ok,,0.593,ok,,False,ok,,2,ok,,0.18,ok,,False,ok,,False,ok,,,not_applicable,the prompt does not ask for a particular output format,False,ok,,False,ok,,0.0,ok,,False,ok,,False,ok,,0.823,ok,,0,ok,,False,ok,,0,ok,,0,ok,,0,ok,,7,ok,,False,ok,,False,ok,,False,ok,,0.0,ok,,0.572,ok,,0.4,ok,,0.216,ok,,0.0,ok,,0.44,ok,,10.0,False,False,False,True,False,12,False,10,117.7,40.22174646741348,False
2055,0.5,15,30,psychology,922,ok,,142,ok,,191,ok,,13,ok,,11,ok,,22,ok,,10.92,ok,,5.07,ok,,11,ok,,0.295,ok,,1.35,ok,,0.037,ok,,0.154,ok,,0.062,ok,,0.0,ok,,10.63,ok,,True,ok,,41.81,ok,,13.33,ok,,12.38,ok,,12.73,ok,,21,ok,,0.148,ok,,1.71,ok,,23,ok,,0.383,ok,,4.67,ok,,25.15,ok,,5.21,ok,,4.44,ok,,0.416,ok,,87,ok,,5.65,ok,,3.15,ok,,0,ok,,0.0,ok,,0.115,ok,,0,ok,,2,ok,,other,not_applicable,"no interrogative wh-word appears in the prompt, so there is no question word to report",,not_applicable,"the prompt has 0 distinct wh-word(s), so there is no second one",0,ok,,0,ok,,1,ok,,False,ok,,False,ok,,True,ok,,False,ok,,,not_applicable,"the prompt gives no command, so there is no task verb (a content verb inside a question does not count)",1,ok,,False,ok,,False,ok,,,not_applicable,the prompt does not state how many items it wants,7,ok,,10,ok,,16,ok,,3,ok,,0,ok,,10,ok,,0,ok,,0,ok,,24,ok,,0,ok,,0,ok,,0,ok,,False,ok,,False,ok,,False,ok,,False,ok,,False,ok,,0,ok,,0,ok,,0,ok,,0,ok,,0,ok,,10,ok,,0.115,ok,,False,ok,,0,ok,,none,not_applicable,the prompt contains no time expression at all,False,ok,,0,ok,,,not_applicable,"the prompt names no year, so there is no earliest year",,not_applicable,"the prompt names no year, so there is no latest year",,not_applicable,"the prompt names no year, so the window has no width; reporting 0 here would look like a single-year constraint",False,ok,,True,ok,,1,ok,,False,ok,,True,ok,,2.0,ok,,False,ok,,False,ok,,False,ok,,False,ok,,0,ok,,1,ok,,3,ok,,2,ok,,Comparison,ok,,1.5,ok,,tech,ok,,en,ok,,1.0,ok,,True,ok,,0.0,ok,,0,ok,,0,ok,,False,ok,,0,ok,,0.676,ok,,False,ok,,0,ok,,0.0,ok,,False,ok,,False,ok,,,not_applicable,the prompt does not ask for a particular output format,True,ok,,False,ok,,0.0,ok,,False,ok,,False,ok,,0.999,ok,,0,ok,,True,ok,,0,ok,,0,ok,,0,ok,,3,ok,,False,ok,,False,ok,,False,ok,,0.15,ok,,0.769,ok,,0.417,ok,,0.081,ok,,0.0,ok,,0.456,ok,,10.0,False,False,False,False,False,13,False,10,79.4,28.24968043083752,False
2056,0.0,0,30,psychology,1133,ok,,174,ok,,230,ok,,12,ok,,11,ok,,19,ok,,14.5,ok,,5.32,ok,,11,ok,,0.373,ok,,1.32,ok,,0.025,ok,,0.154,ok,,0.024,ok,,0.0,ok,,12.85,ok,,True,ok,,28.75,ok,,18.67,ok,,13.19,ok,,13.25,ok,,47,ok,,0.27,ok,,1.9,ok,,56,ok,,0.576,ok,,7.667,ok,,59.57,ok,,6.08,ok,,4.34,ok,,0.367,ok,,112,ok,,5.32,ok,,2.74,ok,,11,ok,,0.062,ok,,0.277,ok,,0,ok,,3,ok,,when,ok,,,not_applicable,"the prompt has 1 distinct wh-word(s), so there is no second one",1,ok,,1,ok,,0,ok,,False,ok,,True,ok,,False,ok,,True,ok,,compare,ok,,1,ok,,False,ok,,False,ok,,,not_applicable,the prompt does not state how many items it wants,10,ok,,3,ok,,4,ok,,3,ok,,0,ok,,2,ok,,0,ok,,1,ok,,16,ok,,0,ok,,0,ok,,0,ok,,False,ok,,False,ok,,False,ok,,False,ok,,False,ok,,0,ok,,0,ok,,0,ok,,0,ok,,0,ok,,3,ok,,0.027,ok,,True,ok,,2,ok,,relative,ok,,False,ok,,0,ok,,,not_applicable,"the prompt names no year, so there is no earliest year",,not_applicable,"the prompt names no year, so there is no latest year",,not_applicable,"the prompt names no year, so the window has no width; reporting 0 here would look like a single-year constraint",False,ok,,True,ok,,4,ok,,False,ok,,True,ok,,2.0,ok,,True,ok,,False,ok,,False,ok,,False,ok,,0,ok,,3,ok,,5,ok,,3,ok,,Reasoning,ok,,5.0,ok,,finance,ok,,en,ok,,1.0,ok,,True,ok,,0.0,ok,,0,ok,,0,ok,,False,ok,,0,ok,,0.552,ok,,False,ok,,0,ok,,0.0,ok,,False,ok,,False,ok,,,not_applicable,the prompt does not ask for a particular output format,True,ok,,False,ok,,0.0,ok,,False,ok,,False,ok,,0.999,ok,,0,ok,,False,ok,,0,ok,,0,ok,,0,ok,,7,ok,,False,ok,,False,ok,,False,ok,,0.0,ok,,0.716,ok,,0.5,ok,,0.177,ok,,0.25,ok,,0.516,ok,,10.0,False,False,False,False,False,27,False,10,91.3,26.766687422158828,False
2234,0.0,0,30,psychology,1389,ok,,183,ok,,232,ok,,8,ok,,11,ok,,38,ok,,22.88,ok,,6.1,ok,,18,ok,,0.438,ok,,1.27,ok,,0.024,ok,,0.132,ok,,0.019,ok,,0.0,ok,,15.22,ok,,True,ok,,12.94,ok,,19.25,ok,,19.63,ok,,13.67,ok,,38,ok,,0.208,ok,,2.1,ok,,62,ok,,0.397,ok,,5.528,ok,,32.33,ok,,5.55,ok,,4.21,ok,,0.351,ok,,126,ok,,5.33,ok,,2.0,ok,,6,ok,,0.031,ok,,0.325,ok,,0,ok,,4,ok,,what,ok,,when,ok,,5,ok,,3,ok,,1,ok,,False,ok,,True,ok,,False,ok,,False,ok,,,not_applicable,"the prompt gives no command, so there is no task verb (a content verb inside a question does not count)",2,ok,,True,ok,,False,ok,,,not_applicable,the prompt does not state how many items it wants,12,ok,,10,ok,,13,ok,,3,ok,,10,ok,,0,ok,,0,ok,,0,ok,,12,ok,,0,ok,,0,ok,,0,ok,,False,ok,,False,ok,,False,ok,,False,ok,,False,ok,,0,ok,,0,ok,,0,ok,,0,ok,,0,ok,,10,ok,,0.079,ok,,True,ok,,1,ok,,relative,ok,,False,ok,,0,ok,,,not_applicable,"the prompt names no year, so there is no earliest year",,not_applicable,"the prompt names no year, so there is no latest year",,not_applicable,"the prompt names no year, so the window has no width; reporting 0 here would look like a single-year constraint",False,ok,,True,ok,,3,ok,,False,ok,,False,ok,,,not_applicable,the prompt is not phrased as a comparison,False,ok,,False,ok,,False,ok,,False,ok,,0,ok,,2,ok,,3,ok,,2,ok,,Definition,ok,,1.0,ok,,,not_applicable,no domain lexicon matched this prompt,en,ok,,1.0,ok,,True,ok,,0.0,ok,,0,ok,,0,ok,,False,ok,,0,ok,,0.64,ok,,False,ok,,0,ok,,0.0,ok,,False,ok,,False,ok,,,not_applicable,the prompt does not ask for a particular output format,False,ok,,False,ok,,0.0,ok,,False,ok,,False,ok,,0.999,ok,,0,ok,,True,ok,,0,ok,,1,ok,,0,ok,,6,ok,,False,ok,,False,ok,,False,ok,,0.15,ok,,0.747,ok,,0.342,ok,,0.159,ok,,0.25,ok,,0.526,ok,,10.0,False,False,False,True,False,5,False,10,129.9,46.71771017980702,False
2277,0.0,0,30,psychology,317,ok,,34,ok,,85,ok,,3,ok,,11,ok,,7,ok,,11.33,ok,,6.14,ok,,12,ok,,0.5,ok,,2.5,ok,,0.073,ok,,0.107,ok,,0.042,ok,,0.0,ok,,27.52,ok,,True,ok,,-41.66,ok,,27.72,ok,,27.68,ok,,16.0,ok,,15,ok,,0.441,ok,,2.02,ok,,13,ok,,0.773,ok,,5.126,ok,,46.53,unreliable,MTLD needs about 50 tokens to stabilise; this prompt has 44,4.95,ok,,4.48,ok,,0.159,ok,,37,ok,,4.71,ok,,2.2,ok,,5,ok,,0.114,ok,,0.324,ok,,0,ok,,3,ok,,which,ok,,,not_applicable,"the prompt has 1 distinct wh-word(s), so there is no second one",1,ok,,1,ok,,1,ok,,False,ok,,True,ok,,False,ok,,False,ok,,,not_applicable,"the prompt gives no command, so there is no task verb (a content verb inside a question does not count)",2,ok,,True,ok,,False,ok,,,not_applicable,the prompt does not state how many items it wants,6,ok,,1,ok,,1,ok,,1,ok,,0,ok,,1,ok,,0,ok,,0,ok,,8,ok,,0,ok,,0,ok,,0,ok,,False,ok,,False,ok,,False,ok,,False,ok,,False,ok,,0,ok,,0,ok,,0,ok,,0,ok,,0,ok,,1,ok,,0.027,ok,,True,ok,,1,ok,,relative,ok,,False,ok,,0,ok,,,not_applicable,"the prompt names no year, so there is no earliest year",,not_applicable,"the prompt names no year, so there is no latest year",,not_applicable,"the prompt names no year, so the window has no width; reporting 0 here would look like a single-year constraint",False,ok,,False,ok,,0,ok,,False,ok,,False,ok,,,not_applicable,the prompt is not phrased as a comparison,False,ok,,True,ok,,False,ok,,False,ok,,0,ok,,0,ok,,2,ok,,1,ok,,Fact Retrieval,ok,,1.5,ok,,,not_applicable,no domain lexicon matched this prompt,en,ok,,1.0,ok,,True,ok,,0.0,ok,,0,ok,,0,ok,,False,ok,,0,ok,,0.707,ok,,False,ok,,0,ok,,0.0,ok,,False,ok,,False,ok,,,not_applicable,the prompt does not ask for a particular output format,False,ok,,False,ok,,0.0,ok,,False,ok,,False,ok,,0.997,ok,,0,ok,,True,ok,,0,ok,,1,ok,,0,ok,,1,ok,,False,ok,,False,ok,,False,ok,,0.15,ok,,0.325,ok,,0.258,ok,,0.415,ok,,0.25,ok,,0.493,ok,,10.0,False,False,False,False,False,14,False,10,18.4,2.951459149490488,False
2318,0.8333333333333334,25,30,psychology,718,ok,,101,ok,,137,ok,,10,ok,,11,ok,,19,ok,,10.1,ok,,6.0,ok,,12,ok,,0.366,ok,,1.36,ok,,0.029,ok,,0.141,ok,,0.035,ok,,0.0,ok,,14.04,ok,,True,ok,,10.73,ok,,15.55,ok,,15.2,ok,,13.47,ok,,22,ok,,0.218,ok,,2.21,ok,,30,ok,,0.525,ok,,5.274,ok,,24.44,ok,,5.01,ok,,4.3,ok,,0.347,ok,,66,ok,,5.24,ok,,2.94,ok,,11,ok,,0.109,ok,,0.455,ok,,0,ok,,3,ok,,how,ok,,,not_applicable,"the prompt has 1 distinct wh-word(s), so there is no second one",1,ok,,1,ok,,1,ok,,False,ok,,True,ok,,False,ok,,False,ok,,,not_applicable,"the prompt gives no command, so there is no task verb (a content verb inside a question does not count)",1,ok,,False,ok,,False,ok,,,not_applicable,the prompt does not state how many items it wants,7,ok,,8,ok,,8,ok,,2,ok,,3,ok,,5,ok,,0,ok,,0,ok,,18,ok,,0,ok,,0,ok,,0,ok,,False,ok,,False,ok,,False,ok,,False,ok,,False,ok,,0,ok,,0,ok,,0,ok,,0,ok,,0,ok,,8,ok,,0.121,ok,,False,ok,,0,ok,,none,not_applicable,the prompt contains no time expression at all,False,ok,,0,ok,,,not_applicable,"the prompt names no year, so there is no earliest year",,not_applicable,"the prompt names no year, so there is no latest year",,not_applicable,"the prompt names no year, so the window has no width; reporting 0 here would look like a single-year constraint",False,ok,,True,ok,,1,ok,,False,ok,,False,ok,,,not_applicable,the prompt is not phrased as a comparison,True,ok,,False,ok,,False,ok,,False,ok,,0,ok,,2,ok,,3,ok,,1,ok,,Reasoning,ok,,1.0,ok,,science,ok,,en,ok,,1.0,ok,,True,ok,,0.0,ok,,0,ok,,0,ok,,False,ok,,0,ok,,0.699,ok,,False,ok,,0,ok,,0.0,ok,,False,ok,,False,ok,,,not_applicable,the prompt does not ask for a particular output format,False,ok,,False,ok,,0.0,ok,,True,ok,,False,ok,,0.999,ok,,0,ok,,False,ok,,0,ok,,0,ok,,0,ok,,3,ok,,False,ok,,False,ok,,False,ok,,0.0,ok,,0.689,ok,,0.167,ok,,0.275,ok,,0.0,ok,,0.334,ok,,10.0,False,False,False,False,False,10,False,10,61.3,5.375872022286245,False
2337,0.0,0,30,psychology,605,ok,,98,ok,,113,ok,,1,ok,,7,ok,,14,ok,,98.0,ok,,5.2,ok,,13,ok,,0.351,ok,,1.15,ok,,0.013,ok,,0.162,ok,,0.014,ok,,0.002,ok,,10.82,ok,,True,ok,,42.42,ok,,13.76,ok,,11.62,ok,,11.1,ok,,24,ok,,0.245,ok,,1.78,ok,,21,ok,,0.649,ok,,6.397,ok,,51.1,ok,,5.46,ok,,4.22,ok,,0.495,ok,,49,ok,,5.88,ok,,3.2,ok,,0,ok,,0.0,ok,,0.265,ok,,0,ok,,2,ok,,other,not_applicable,"no interrogative wh-word appears in the prompt, so there is no question word to report",,not_applicable,"the prompt has 0 distinct wh-word(s), so there is no second one",0,ok,,0,ok,,0,ok,,False,ok,,False,ok,,False,ok,,False,ok,,,not_applicable,"the prompt gives no command, so there is no task verb (a content verb inside a question does not count)",0,ok,,False,ok,,False,ok,,,not_applicable,the prompt does not state how many items it wants,13,ok,,1,ok,,2,ok,,2,ok,,0,ok,,1,ok,,0,ok,,0,ok,,5,ok,,0,ok,,0,ok,,0,ok,,False,ok,,False,ok,,False,ok,,False,ok,,False,ok,,0,ok,,1,ok,,0,ok,,0,ok,,1,ok,,2,ok,,0.041,ok,,True,ok,,1,ok,,relative,ok,,False,ok,,0,ok,,,not_applicable,"the prompt names no year, so there is no earliest year",,not_applicable,"the prompt names no year, so there is no latest year",,not_applicable,"the prompt names no year, so the window has no width; reporting 0 here would look like a single-year constraint",False,ok,,True,ok,,1,ok,,False,ok,,False,ok,,,not_applicable,the prompt is not phrased as a comparison,False,ok,,False,ok,,True,ok,,False,ok,,0,ok,,2,ok,,3,ok,,6,ok,,Fact Retrieval,ok,,0.5,ok,,science,ok,,en,ok,,1.0,ok,,True,ok,,0.0,ok,,0,ok,,0,ok,,False,ok,,0,ok,,0.527,ok,,False,ok,,0,ok,,0.0,ok,,False,ok,,False,ok,,,not_applicable,the prompt does not ask for a particular output format,True,ok,,False,ok,,0.0,ok,,False,ok,,False,ok,,0.998,ok,,0,ok,,False,ok,,0,ok,,0,ok,,2,ok,,11,ok,,False,ok,,False,ok,,False,ok,,0.0,ok,,0.641,ok,,0.167,ok,,0.099,ok,,0.25,ok,,0.368,ok,,6.0,False,False,False,False,False,13,False,6,84.33333333333333,11.272385136547928,False
2368,0.03333333333333333,1,30,psychology,418,ok,,61,ok,,100,ok,,1,ok,,11,ok,,1,ok,,61.0,ok,,5.42,ok,,12,ok,,0.369,ok,,1.64,ok,,0.036,ok,,0.146,ok,,0.123,ok,,0.0,ok,,10.75,ok,,True,ok,,27.85,ok,,16.64,ok,,11.38,ok,,14.27,ok,,31,ok,,0.508,ok,,1.95,ok,,24,ok,,0.785,ok,,6.326,ok,,84.5,ok,,5.35,ok,,4.65,ok,,0.262,ok,,48,ok,,5.3,ok,,2.0,ok,,4,ok,,0.062,ok,,0.229,ok,,0,ok,,4,ok,,what,ok,,,not_applicable,"the prompt has 1 distinct wh-word(s), so there is no second one",1,ok,,1,ok,,1,ok,,False,ok,,True,ok,,False,ok,,False,ok,,,not_applicable,"the prompt gives no command, so there is no task verb (a content verb inside a question does not count)",1,ok,,False,ok,,False,ok,,,not_applicable,the prompt does not state how many items it wants,9,ok,,3,ok,,4,ok,,3,ok,,2,ok,,0,ok,,0,ok,,1,ok,,41,ok,,0,ok,,0,ok,,0,ok,,False,ok,,False,ok,,False,ok,,False,ok,,False,ok,,0,ok,,0,ok,,0,ok,,0,ok,,0,ok,,3,ok,,0.062,ok,,False,ok,,0,ok,,none,not_applicable,the prompt contains no time expression at all,False,ok,,0,ok,,,not_applicable,"the prompt names no year, so there is no earliest year",,not_applicable,"the prompt names no year, so there is no latest year",,not_applicable,"the prompt names no year, so the window has no width; reporting 0 here would look like a single-year constraint",False,ok,,False,ok,,0,ok,,False,ok,,False,ok,,,not_applicable,the prompt is not phrased as a comparison,False,ok,,False,ok,,False,ok,,False,ok,,0,ok,,2,ok,,3,ok,,1,ok,,Definition,ok,,1.0,ok,,tech,ok,,en,ok,,1.0,ok,,True,ok,,0.0,ok,,0,ok,,0,ok,,False,ok,,0,ok,,0.499,ok,,False,ok,,0,ok,,0.0,ok,,False,ok,,False,ok,,,not_applicable,the prompt does not ask for a particular output format,True,ok,,False,ok,,0.0,ok,,False,ok,,False,ok,,0.998,ok,,0,ok,,False,ok,,0,ok,,0,ok,,0,ok,,1,ok,,False,ok,,False,ok,,False,ok,,0.0,ok,,0.737,ok,,0.167,ok,,0.206,ok,,0.0,ok,,0.186,ok,,10.0,False,False,False,True,False,13,False,10,29.1,8.143845665422585,False
2386,0.16666666666666666,5,30,psychology,247,ok,,35,ok,,48,ok,,2,ok,,5,ok,,5,ok,,17.5,ok,,6.03,ok,,14,ok,,0.4,ok,,1.37,ok,,0.02,ok,,0.142,ok,,0.024,ok,,0.0,ok,,10.07,ok,,True,ok,,35.36,ok,,15.37,ok,,14.27,ok,,13.01,ok,,14,ok,,0.4,ok,,1.94,ok,,12,ok,,0.971,ok,,5.747,ok,,343.0,unreliable,MTLD needs about 50 tokens to stabilise; this prompt has 35,5.07,ok,,4.39,ok,,0.343,ok,,23,ok,,5.49,ok,,1.27,ok,,3,ok,,0.086,ok,,0.304,ok,,0,ok,,3,ok,,which,ok,,,not_applicable,"the prompt has 1 distinct wh-word(s), so there is no second one",1,ok,,1,ok,,1,ok,,False,ok,,True,ok,,False,ok,,False,ok,,,not_applicable,"the prompt gives no command, so there is no task verb (a content verb inside a question does not count)",1,ok,,False,ok,,False,ok,,,not_applicable,the prompt does not state how many items it wants,7,ok,,1,ok,,1,ok,,1,ok,,0,ok,,1,ok,,0,ok,,0,ok,,3,ok,,0,ok,,0,ok,,0,ok,,False,ok,,False,ok,,False,ok,,False,ok,,False,ok,,0,ok,,0,ok,,0,ok,,0,ok,,0,ok,,1,ok,,0.043,ok,,True,ok,,1,ok,,relative,ok,,False,ok,,0,ok,,,not_applicable,"the prompt names no year, so there is no earliest year",,not_applicable,"the prompt names no year, so there is no latest year",,not_applicable,"the prompt names no year, so the window has no width; reporting 0 here would look like a single-year constraint",False,ok,,False,ok,,0,ok,,False,ok,,False,ok,,,not_applicable,the prompt is not phrased as a comparison,False,ok,,True,ok,,False,ok,,False,ok,,0,ok,,2,ok,,4,ok,,1,ok,,Fact Retrieval,ok,,1.5,ok,,tech,ok,,en,ok,,1.0,ok,,True,ok,,0.0,ok,,0,ok,,0,ok,,False,ok,,0,ok,,0.359,ok,,False,ok,,0,ok,,0.0,ok,,False,ok,,False,ok,,,not_applicable,the prompt does not ask for a particular output format,False,ok,,False,ok,,0.0,ok,,False,ok,,False,ok,,0.996,ok,,0,ok,,True,ok,,0,ok,,0,ok,,1,ok,,1,ok,,False,ok,,False,ok,,False,ok,,0.15,ok,,0.334,ok,,0.25,ok,,0.212,ok,,0.25,ok,,0.425,ok,,4.0,False,False,False,False,False,15,False,4,30.5,7.767453465154029,False
2449,0.0,0,30,psychology,1263,ok,,219,ok,,260,ok,,15,ok,,11,ok,,36,ok,,14.6,ok,,4.67,ok,,15,ok,,0.236,ok,,1.19,ok,,0.024,ok,,0.173,ok,,0.02,ok,,0.0,ok,,8.02,ok,,True,ok,,60.49,ok,,10.82,ok,,8.76,ok,,9.68,ok,,40,ok,,0.183,ok,,1.57,ok,,32,ok,,0.495,ok,,7.349,ok,,70.79,ok,,6.23,ok,,4.25,ok,,0.514,ok,,107,ok,,5.86,ok,,2.72,ok,,3,ok,,0.014,ok,,0.187,ok,,0,ok,,5,ok,,other,not_applicable,"no interrogative wh-word appears in the prompt, so there is no question word to report",,not_applicable,"the prompt has 0 distinct wh-word(s), so there is no second one",0,ok,,0,ok,,0,ok,,False,ok,,False,ok,,False,ok,,True,ok,,,not_applicable,"the prompt gives no command, so there is no task verb (a content verb inside a question does not count)",0,ok,,False,ok,,True,ok,,,not_applicable,the prompt does not state how many items it wants,9,ok,,6,ok,,9,ok,,3,ok,,5,ok,,1,ok,,0,ok,,0,ok,,15,ok,,0,ok,,0,ok,,0,ok,,False,ok,,False,ok,,False,ok,,False,ok,,False,ok,,0,ok,,0,ok,,0,ok,,0,ok,,0,ok,,6,ok,,0.056,ok,,True,ok,,4,ok,,relative,ok,,True,ok,,0,ok,,,not_applicable,"the prompt names no year, so there is no earliest year",,not_applicable,"the prompt names no year, so there is no latest year",,not_applicable,"the prompt names no year, so the window has no width; reporting 0 here would look like a single-year constraint",False,ok,,True,ok,,3,ok,,False,ok,,False,ok,,,not_applicable,the prompt is not phrased as a comparison,True,ok,,False,ok,,True,ok,,False,ok,,0,ok,,3,ok,,4,ok,,3,ok,,Reasoning,ok,,1.5,ok,,medical,ok,,en,ok,,1.0,ok,,True,ok,,0.001,ok,,0,ok,,0,ok,,False,ok,,0,ok,,0.531,ok,,False,ok,,0,ok,,0.0,ok,,False,ok,,False,ok,,,not_applicable,the prompt does not ask for a particular output format,False,ok,,False,ok,,0.0,ok,,False,ok,,False,ok,,0.999,ok,,0,ok,,False,ok,,0,ok,,1,ok,,0,ok,,15,ok,,False,ok,,False,ok,,False,ok,,0.0,ok,,0.734,ok,,0.25,ok,,0.093,ok,,0.75,ok,,0.589,ok,,10.0,False,False,False,False,False,65,False,10,86.1,29.613998191545985,False
2483,0.0,0,30,psychology,1195,ok,,170,ok,,213,ok,,13,ok,,11,ok,,21,ok,,13.08,ok,,5.69,ok,,13,ok,,0.409,ok,,1.25,ok,,0.03,ok,,0.142,ok,,0.022,ok,,0.0,ok,,11.66,ok,,True,ok,,36.69,ok,,13.43,ok,,15.85,ok,,11.31,ok,,37,ok,,0.218,ok,,1.8,ok,,32,ok,,0.557,ok,,7.387,ok,,52.39,ok,,6.11,ok,,4.43,ok,,0.364,ok,,112,ok,,5.39,ok,,1.81,ok,,1,ok,,0.006,ok,,0.161,ok,,0,ok,,2,ok,,how,ok,,,not_applicable,"the prompt has 1 distinct wh-word(s), so there is no second one",1,ok,,1,ok,,0,ok,,False,ok,,True,ok,,False,ok,,False,ok,,,not_applicable,"the prompt gives no command, so there is no task verb (a content verb inside a question does not count)",0,ok,,False,ok,,False,ok,,,not_applicable,the prompt does not state how many items it wants,7,ok,,5,ok,,8,ok,,3,ok,,2,ok,,3,ok,,0,ok,,0,ok,,14,ok,,0,ok,,0,ok,,0,ok,,False,ok,,False,ok,,False,ok,,False,ok,,False,ok,,0,ok,,0,ok,,0,ok,,0,ok,,0,ok,,5,ok,,0.045,ok,,True,ok,,10,ok,,relative,ok,,False,ok,,0,ok,,,not_applicable,"the prompt names no year, so there is no earliest year",,not_applicable,"the prompt names no year, so there is no latest year",,not_applicable,"the prompt names no year, so the window has no width; reporting 0 here would look like a single-year constraint",False,ok,,True,ok,,5,ok,,False,ok,,False,ok,,,not_applicable,the prompt is not phrased as a comparison,False,ok,,False,ok,,False,ok,,False,ok,,0,ok,,2,ok,,3,ok,,2,ok,,Definition,ok,,1.0,ok,,,not_applicable,no domain lexicon matched this prompt,en,ok,,1.0,ok,,True,ok,,0.0,ok,,0,ok,,0,ok,,False,ok,,0,ok,,0.596,ok,,False,ok,,0,ok,,0.0,ok,,False,ok,,False,ok,,,not_applicable,the prompt does not ask for a particular output format,False,ok,,False,ok,,0.0,ok,,False,ok,,False,ok,,0.999,ok,,0,ok,,False,ok,,0,ok,,0,ok,,0,ok,,5,ok,,False,ok,,False,ok,,False,ok,,0.0,ok,,0.727,ok,,0.167,ok,,0.087,ok,,0.25,ok,,0.363,ok,,10.0,False,False,False,False,False,6,False,10,110.6,50.94266930143685,False
2519,0.0,0,30,psychology,606,ok,,97,ok,,133,ok,,10,ok,,11,ok,,12,ok,,9.7,ok,,5.05,ok,,12,ok,,0.286,ok,,1.37,ok,,0.041,ok,,0.16,ok,,0.035,ok,,0.003,ok,,6.58,ok,,True,ok,,63.57,ok,,9.3,ok,,9.78,ok,,11.56,ok,,20,ok,,0.206,ok,,1.58,ok,,14,ok,,0.52,ok,,5.152,ok,,45.83,ok,,5.29,ok,,4.46,ok,,0.418,ok,,57,ok,,5.53,ok,,2.28,ok,,8,ok,,0.082,ok,,0.263,ok,,0,ok,,2,ok,,other,not_applicable,"no interrogative wh-word appears in the prompt, so there is no question word to report",,not_applicable,"the prompt has 0 distinct wh-word(s), so there is no second one",0,ok,,0,ok,,0,ok,,False,ok,,False,ok,,False,ok,,False,ok,,,not_applicable,"the prompt gives no command, so there is no task verb (a content verb inside a question does not count)",0,ok,,False,ok,,False,ok,,,not_applicable,the prompt does not state how many items it wants,6,ok,,5,ok,,6,ok,,4,ok,,2,ok,,3,ok,,0,ok,,0,ok,,13,ok,,0,ok,,0,ok,,0,ok,,False,ok,,False,ok,,False,ok,,False,ok,,False,ok,,0,ok,,2,ok,,0,ok,,0,ok,,1,ok,,7,ok,,0.123,ok,,False,ok,,0,ok,,none,not_applicable,the prompt contains no time expression at all,False,ok,,0,ok,,,not_applicable,"the prompt names no year, so there is no earliest year",,not_applicable,"the prompt names no year, so there is no latest year",,not_applicable,"the prompt names no year, so the window has no width; reporting 0 here would look like a single-year constraint",False,ok,,False,ok,,0,ok,,False,ok,,False,ok,,,not_applicable,the prompt is not phrased as a comparison,False,ok,,True,ok,,False,ok,,False,ok,,0,ok,,2,ok,,4,ok,,2,ok,,Fact Retrieval,ok,,0.5,ok,,,not_applicable,no domain lexicon matched this prompt,en,ok,,1.0,ok,,True,ok,,0.002,ok,,0,ok,,0,ok,,False,ok,,0,ok,,0.747,ok,,False,ok,,0,ok,,0.0,ok,,False,ok,,False,ok,,,not_applicable,the prompt does not ask for a particular output format,False,ok,,False,ok,,0.0,ok,,False,ok,,False,ok,,0.998,ok,,0,ok,,False,ok,,0,ok,,3,ok,,2,ok,,9,ok,,False,ok,,False,ok,,False,ok,,0.0,ok,,0.774,ok,,0.25,ok,,0.197,ok,,0.0,ok,,0.223,ok,,10.0,False,False,False,False,False,14,False,10,48.5,12.589678312014172,False
2526,0.0,0,30,psychology,676,ok,,107,ok,,146,ok,,4,ok,,11,ok,,18,ok,,26.75,ok,,5.0,ok,,14,ok,,0.292,ok,,1.36,ok,,0.03,ok,,0.158,ok,,0.036,ok,,0.0,ok,,9.12,ok,,True,ok,,44.3,ok,,12.26,ok,,10.36,ok,,12.16,ok,,32,ok,,0.299,ok,,1.78,ok,,25,ok,,0.646,ok,,6.867,ok,,54.02,ok,,5.71,ok,,4.37,ok,,0.416,ok,,66,ok,,5.59,ok,,2.33,ok,,6,ok,,0.053,ok,,0.227,ok,,0,ok,,2,ok,,what,ok,,,not_applicable,"the prompt has 1 distinct wh-word(s), so there is no second one",1,ok,,1,ok,,1,ok,,False,ok,,True,ok,,False,ok,,False,ok,,check,ok,,1,ok,,False,ok,,False,ok,,,not_applicable,the prompt does not state how many items it wants,10,ok,,6,ok,,8,ok,,6,ok,,2,ok,,2,ok,,2,ok,,0,ok,,7,ok,,0,ok,,0,ok,,0,ok,,False,ok,,False,ok,,False,ok,,False,ok,,False,ok,,0,ok,,0,ok,,0,ok,,0,ok,,0,ok,,6,ok,,0.091,ok,,False,ok,,0,ok,,none,not_applicable,the prompt contains no time expression at all,False,ok,,0,ok,,,not_applicable,"the prompt names no year, so there is no earliest year",,not_applicable,"the prompt names no year, so there is no latest year",,not_applicable,"the prompt names no year, so the window has no width; reporting 0 here would look like a single-year constraint",False,ok,,False,ok,,0,ok,,False,ok,,False,ok,,,not_applicable,the prompt is not phrased as a comparison,False,ok,,True,ok,,True,ok,,False,ok,,0,ok,,2,ok,,4,ok,,1,ok,,Coding,ok,,1.0,ok,,,not_applicable,no domain lexicon matched this prompt,en,ok,,1.0,ok,,True,ok,,0.0,ok,,0,ok,,0,ok,,False,ok,,0,ok,,0.561,ok,,False,ok,,0,ok,,0.0,ok,,False,ok,,False,ok,,,not_applicable,the prompt does not ask for a particular output format,False,ok,,False,ok,,0.0,ok,,False,ok,,False,ok,,0.999,ok,,0,ok,,True,ok,,0,ok,,0,ok,,1,ok,,6,ok,,False,ok,,False,ok,,False,ok,,0.15,ok,,0.755,ok,,0.25,ok,,0.16,ok,,0.0,ok,,0.314,ok,,10.0,False,False,False,False,False,41,False,10,39.1,14.317433041187549,False
2604,0.03333333333333333,1,30,psychology,434,ok,,89,ok,,217,ok,,2,ok,,11,ok,,2,ok,,44.5,ok,,4.43,ok,,12,ok,,0.074,ok,,2.44,ok,,0.173,ok,,0.205,ok,,0.183,ok,,0.094,ok,,2.67,ok,,True,ok,,87.27,ok,,8.39,ok,,-2.86,ok,,16.02,ok,,5,ok,,0.056,ok,,1.56,ok,,14,ok,,0.426,ok,,3.13,ok,,9.01,ok,,3.6,ok,,4.22,ok,,0.093,ok,,49,ok,,4.98,ok,,0.0,ok,,2,ok,,0.037,ok,,0.061,ok,,1,ok,,3,ok,,other,not_applicable,"no interrogative wh-word appears in the prompt, so there is no question word to report",,not_applicable,"the prompt has 0 distinct wh-word(s), so there is no second one",0,ok,,0,ok,,0,ok,,False,ok,,False,ok,,False,ok,,False,ok,,,not_applicable,"the prompt gives no command, so there is no task verb (a content verb inside a question does not count)",0,ok,,False,ok,,False,ok,,,not_applicable,the prompt does not state how many items it wants,12,ok,,5,ok,,40,ok,,4,ok,,4,ok,,1,ok,,0,ok,,0,ok,,39,ok,,0,ok,,0,ok,,0,ok,,False,ok,,False,ok,,False,ok,,False,ok,,False,ok,,0,ok,,35,ok,,0,ok,,0,ok,,0,ok,,40,ok,,0.816,ok,,True,ok,,1,ok,,relative,ok,,False,ok,,0,ok,,,not_applicable,"the prompt names no year, so there is no earliest year",,not_applicable,"the prompt names no year, so there is no latest year",,not_applicable,"the prompt names no year, so the window has no width; reporting 0 here would look like a single-year constraint",False,ok,,True,ok,,1,ok,,False,ok,,False,ok,,,not_applicable,the prompt is not phrased as a comparison,False,ok,,True,ok,,False,ok,,False,ok,,0,ok,,1,ok,,3,ok,,3,ok,,Fact Retrieval,ok,,0.5,ok,,,not_applicable,no domain lexicon matched this prompt,en,ok,,1.0,ok,,True,ok,,0.0,ok,,0,ok,,0,ok,,False,ok,,0,ok,,0.846,ok,,False,ok,,1,ok,,0.475,ok,,False,ok,,False,ok,,,not_applicable,the prompt does not ask for a particular output format,False,ok,,False,ok,,0.0,ok,,False,ok,,False,ok,,0.747,ok,,0,ok,,True,ok,,0,ok,,0,ok,,0,ok,,1,ok,,False,ok,,False,ok,,False,ok,,0.15,ok,,1.0,ok,,0.167,ok,,0.243,ok,,0.25,ok,,0.532,ok,,10.0,False,False,False,False,False,19,False,10,28.5,1.8408935028645437,False
2615,0.3,9,30,psychology,821,ok,,141,ok,,165,ok,,3,ok,,10,ok,,11,ok,,47.0,ok,,4.82,ok,,12,ok,,0.277,ok,,1.17,ok,,0.011,ok,,0.172,ok,,0.028,ok,,0.0,ok,,10.83,ok,,True,ok,,42.52,ok,,14.72,ok,,9.7,ok,,11.39,ok,,26,ok,,0.184,ok,,1.77,ok,,33,ok,,0.404,ok,,4.8,ok,,36.03,ok,,5.28,ok,,4.21,ok,,0.482,ok,,73,ok,,5.69,ok,,2.65,ok,,5,ok,,0.035,ok,,0.342,ok,,0,ok,,2,ok,,which,ok,,,not_applicable,"the prompt has 1 distinct wh-word(s), so there is no second one",1,ok,,1,ok,,0,ok,,False,ok,,True,ok,,False,ok,,False,ok,,,not_applicable,"the prompt gives no command, so there is no task verb (a content verb inside a question does not count)",0,ok,,False,ok,,False,ok,,,not_applicable,the prompt does not state how many items it wants,11,ok,,8,ok,,8,ok,,2,ok,,1,ok,,7,ok,,0,ok,,0,ok,,15,ok,,0,ok,,0,ok,,0,ok,,False,ok,,False,ok,,False,ok,,False,ok,,False,ok,,0,ok,,0,ok,,0,ok,,0,ok,,0,ok,,8,ok,,0.11,ok,,True,ok,,4,ok,,relative,ok,,False,ok,,0,ok,,,not_applicable,"the prompt names no year, so there is no earliest year",,not_applicable,"the prompt names no year, so there is no latest year",,not_applicable,"the prompt names no year, so the window has no width; reporting 0 here would look like a single-year constraint",False,ok,,True,ok,,1,ok,,False,ok,,True,ok,,2.0,ok,,False,ok,,True,ok,,False,ok,,False,ok,,0,ok,,2,ok,,5,ok,,2,ok,,Comparison,ok,,1.5,ok,,finance,ok,,en,ok,,1.0,ok,,True,ok,,0.0,ok,,0,ok,,0,ok,,False,ok,,0,ok,,0.724,ok,,False,ok,,0,ok,,0.0,ok,,False,ok,,False,ok,,,not_applicable,the prompt does not ask for a particular output format,False,ok,,False,ok,,0.0,ok,,False,ok,,False,ok,,0.999,ok,,0,ok,,True,ok,,0,ok,,1,ok,,0,ok,,3,ok,,False,ok,,False,ok,,False,ok,,0.15,ok,,0.683,ok,,0.5,ok,,0.154,ok,,0.25,ok,,0.576,ok,,9.0,False,False,False,False,False,13,False,9,76.55555555555556,17.972973537447213,False
2631,0.19999999999999998,6,30,psychology,1060,ok,,192,ok,,216,ok,,4,ok,,10,ok,,23,ok,,48.0,ok,,4.49,ok,,12,ok,,0.219,ok,,1.12,ok,,0.013,ok,,0.181,ok,,0.055,ok,,0.0,ok,,8.55,ok,,True,ok,,64.86,ok,,10.32,ok,,8.3,ok,,9.68,ok,,21,ok,,0.109,ok,,1.47,ok,,17,ok,,0.323,ok,,4.474,ok,,32.0,ok,,5.35,ok,,4.36,ok,,0.495,ok,,88,ok,,5.93,ok,,3.01,ok,,0,ok,,0.0,ok,,0.148,ok,,0,ok,,2,ok,,whose,ok,,which,ok,,3,ok,,2,ok,,0,ok,,False,ok,,True,ok,,False,ok,,False,ok,,,not_applicable,"the prompt gives no command, so there is no task verb (a content verb inside a question does not count)",0,ok,,False,ok,,False,ok,,,not_applicable,the prompt does not state how many items it wants,15,ok,,11,ok,,11,ok,,1,ok,,0,ok,,11,ok,,0,ok,,0,ok,,42,ok,,0,ok,,0,ok,,0,ok,,False,ok,,False,ok,,False,ok,,False,ok,,False,ok,,0,ok,,0,ok,,0,ok,,0,ok,,0,ok,,11,ok,,0.125,ok,,True,ok,,1,ok,,relative,ok,,False,ok,,0,ok,,,not_applicable,"the prompt names no year, so there is no earliest year",,not_applicable,"the prompt names no year, so there is no latest year",,not_applicable,"the prompt names no year, so the window has no width; reporting 0 here would look like a single-year constraint",False,ok,,True,ok,,1,ok,,False,ok,,True,ok,,2.0,ok,,False,ok,,False,ok,,True,ok,,False,ok,,0,ok,,2,ok,,4,ok,,3,ok,,Comparison,ok,,3.0,ok,,,not_applicable,no domain lexicon matched this prompt,en,ok,,1.0,ok,,True,ok,,0.0,ok,,0,ok,,0,ok,,False,ok,,0,ok,,0.822,ok,,False,ok,,0,ok,,0.0,ok,,False,ok,,False,ok,,,not_applicable,the prompt does not ask for a particular output format,False,ok,,False,ok,,0.0,ok,,False,ok,,False,ok,,0.999,ok,,0,ok,,True,ok,,0,ok,,0,ok,,0,ok,,5,ok,,False,ok,,False,ok,,False,ok,,0.15,ok,,0.608,ok,,0.5,ok,,0.06,ok,,0.25,ok,,0.554,ok,,9.0,False,False,False,False,False,49,False,9,79.44444444444444,16.5008417293718,False
2643,0.6333333333333333,19,30,psychology,217,ok,,29,ok,,58,ok,,2,ok,,10,ok,,3,ok,,14.5,ok,,6.29,ok,,17,ok,,0.429,ok,,2.0,ok,,0.097,ok,,0.134,ok,,0.114,ok,,0.0,ok,,14.63,ok,,True,ok,,7.4,ok,,19.04,ok,,16.74,ok,,16.09,ok,,13,ok,,0.448,ok,,2.29,ok,,12,ok,,1.0,ok,,5.292,ok,,28.0,unreliable,MTLD needs about 50 tokens to stabilise; this prompt has 28,4.81,ok,,4.58,ok,,0.107,ok,,25,ok,,4.87,ok,,2.74,ok,,3,ok,,0.107,ok,,0.4,ok,,0,ok,,3,ok,,other,not_applicable,"no interrogative wh-word appears in the prompt, so there is no question word to report",,not_applicable,"the prompt has 0 distinct wh-word(s), so there is no second one",0,ok,,0,ok,,0,ok,,False,ok,,False,ok,,False,ok,,False,ok,,,not_applicable,"the prompt gives no command, so there is no task verb (a content verb inside a question does not count)",0,ok,,False,ok,,False,ok,,,not_applicable,the prompt does not state how many items it wants,4,ok,,2,ok,,2,ok,,2,ok,,1,ok,,0,ok,,1,ok,,0,ok,,18,ok,,0,ok,,0,ok,,0,ok,,False,ok,,False,ok,,False,ok,,False,ok,,False,ok,,0,ok,,0,ok,,0,ok,,0,ok,,0,ok,,2,ok,,0.08,ok,,False,ok,,0,ok,,none,not_applicable,the prompt contains no time expression at all,False,ok,,0,ok,,,not_applicable,"the prompt names no year, so there is no earliest year",,not_applicable,"the prompt names no year, so there is no latest year",,not_applicable,"the prompt names no year, so the window has no width; reporting 0 here would look like a single-year constraint",False,ok,,False,ok,,0,ok,,False,ok,,False,ok,,,not_applicable,the prompt is not phrased as a comparison,False,ok,,False,ok,,False,ok,,False,ok,,0,ok,,0,ok,,1,ok,,0,ok,,Fact Retrieval,ok,,0.5,ok,,legal,ok,,en,ok,,1.0,ok,,True,ok,,0.0,ok,,0,ok,,0,ok,,False,ok,,0,ok,,0.447,ok,,False,ok,,0,ok,,0.0,ok,,False,ok,,False,ok,,,not_applicable,the prompt does not ask for a particular output format,False,ok,,False,ok,,0.0,ok,,False,ok,,False,ok,,0.995,ok,,0,ok,,False,ok,,0,ok,,0,ok,,0,ok,,0,ok,,False,ok,,False,ok,,False,ok,,0.0,ok,,0.665,ok,,0.0,ok,,0.353,ok,,0.0,ok,,0.178,ok,,9.0,False,False,False,False,False,9,False,9,12.22222222222222,4.352521619066865,False
2663,0.0,0,30,psychology,577,ok,,77,ok,,100,ok,,10,ok,,11,ok,,7,ok,,7.7,ok,,6.36,ok,,13,ok,,0.481,ok,,1.3,ok,,0.035,ok,,0.133,ok,,0.031,ok,,0.0,ok,,12.58,ok,,True,ok,,17.35,ok,,16.31,ok,,16.13,ok,,14.24,ok,,33,ok,,0.429,ok,,2.16,ok,,26,ok,,0.779,ok,,6.838,ok,,97.65,ok,,5.72,ok,,4.4,ok,,0.247,ok,,58,ok,,5.4,ok,,2.32,ok,,2,ok,,0.026,ok,,0.345,ok,,0,ok,,2,ok,,other,not_applicable,"no interrogative wh-word appears in the prompt, so there is no question word to report",,not_applicable,"the prompt has 0 distinct wh-word(s), so there is no second one",0,ok,,0,ok,,0,ok,,False,ok,,False,ok,,False,ok,,False,ok,,,not_applicable,"the prompt gives no command, so there is no task verb (a content verb inside a question does not count)",0,ok,,False,ok,,False,ok,,,not_applicable,the prompt does not state how many items it wants,7,ok,,3,ok,,3,ok,,2,ok,,2,ok,,1,ok,,0,ok,,0,ok,,12,ok,,0,ok,,0,ok,,0,ok,,False,ok,,False,ok,,False,ok,,False,ok,,False,ok,,0,ok,,0,ok,,0,ok,,0,ok,,0,ok,,3,ok,,0.052,ok,,False,ok,,0,ok,,none,not_applicable,the prompt contains no time expression at all,False,ok,,0,ok,,,not_applicable,"the prompt names no year, so there is no earliest year",,not_applicable,"the prompt names no year, so there is no latest year",,not_applicable,"the prompt names no year, so the window has no width; reporting 0 here would look like a single-year constraint",False,ok,,False,ok,,0,ok,,False,ok,,False,ok,,,not_applicable,the prompt is not phrased as a comparison,True,ok,,False,ok,,False,ok,,False,ok,,0,ok,,1,ok,,2,ok,,0,ok,,Creative,ok,,1.5,ok,,,not_applicable,no domain lexicon matched this prompt,en,ok,,1.0,ok,,True,ok,,0.0,ok,,0,ok,,0,ok,,False,ok,,0,ok,,0.489,ok,,False,ok,,0,ok,,0.0,ok,,False,ok,,False,ok,,,not_applicable,the prompt does not ask for a particular output format,False,ok,,False,ok,,0.0,ok,,False,ok,,False,ok,,0.998,ok,,0,ok,,False,ok,,0,ok,,2,ok,,0,ok,,2,ok,,False,ok,,False,ok,,False,ok,,0.0,ok,,0.648,ok,,0.083,ok,,0.165,ok,,0.0,ok,,0.125,ok,,10.0,False,False,False,False,False,17,False,10,41.3,12.092697520955914,False
2694,0.9,27,30,psychology,408,ok,,59,ok,,91,ok,,2,ok,,11,ok,,2,ok,,29.5,ok,,5.9,ok,,14,ok,,0.39,ok,,1.54,ok,,0.027,ok,,0.145,ok,,0.136,ok,,0.0,ok,,9.3,ok,,True,ok,,37.93,ok,,15.7,ok,,11.91,ok,,15.14,ok,,17,ok,,0.288,ok,,1.93,ok,,22,ok,,0.746,ok,,5.728,ok,,61.99,ok,,5.29,ok,,4.58,ok,,0.153,ok,,50,ok,,4.93,ok,,2.63,ok,,3,ok,,0.051,ok,,0.2,ok,,0,ok,,3,ok,,which,ok,,,not_applicable,"the prompt has 1 distinct wh-word(s), so there is no second one",1,ok,,1,ok,,1,ok,,False,ok,,True,ok,,False,ok,,False,ok,,,not_applicable,"the prompt gives no command, so there is no task verb (a content verb inside a question does not count)",1,ok,,False,ok,,False,ok,,,not_applicable,the prompt does not state how many items it wants,6,ok,,2,ok,,2,ok,,2,ok,,0,ok,,2,ok,,0,ok,,0,ok,,43,ok,,0,ok,,0,ok,,0,ok,,False,ok,,False,ok,,False,ok,,False,ok,,False,ok,,0,ok,,0,ok,,0,ok,,0,ok,,0,ok,,2,ok,,0.04,ok,,True,ok,,1,ok,,relative,ok,,False,ok,,0,ok,,,not_applicable,"the prompt names no year, so there is no earliest year",,not_applicable,"the prompt names no year, so there is no latest year",,not_applicable,"the prompt names no year, so the window has no width; reporting 0 here would look like a single-year constraint",False,ok,,True,ok,,1,ok,,False,ok,,False,ok,,,not_applicable,the prompt is not phrased as a comparison,False,ok,,False,ok,,False,ok,,False,ok,,0,ok,,1,ok,,2,ok,,2,ok,,Fact Retrieval,ok,,1.5,ok,,,not_applicable,no domain lexicon matched this prompt,en,ok,,1.0,ok,,True,ok,,0.0,ok,,0,ok,,0,ok,,False,ok,,0,ok,,0.58,ok,,False,ok,,0,ok,,0.0,ok,,False,ok,,False,ok,,,not_applicable,the prompt does not ask for a particular output format,False,ok,,False,ok,,0.0,ok,,False,ok,,False,ok,,0.998,ok,,0,ok,,True,ok,,0,ok,,0,ok,,0,ok,,1,ok,,False,ok,,False,ok,,False,ok,,0.15,ok,,0.641,ok,,0.083,ok,,0.18,ok,,0.25,ok,,0.45,ok,,10.0,True,False,False,False,False,13,False,10,29.2,3.614784456460256,False
2845,0.0,0,30,biology,863,ok,,143,ok,,179,ok,,12,ok,,11,ok,,22,ok,,11.92,ok,,4.98,ok,,11,ok,,0.303,ok,,1.25,ok,,0.027,ok,,0.166,ok,,0.04,ok,,0.0,ok,,10.05,ok,,True,ok,,45.98,ok,,16.15,ok,,10.38,ok,,11.39,ok,,32,ok,,0.224,ok,,1.75,ok,,40,ok,,0.542,ok,,6.462,ok,,43.67,ok,,5.69,ok,,4.32,ok,,0.437,ok,,76,ok,,5.58,ok,,2.51,ok,,3,ok,,0.021,ok,,0.132,ok,,0,ok,,3,ok,,why,ok,,which,ok,,3,ok,,2,ok,,1,ok,,False,ok,,True,ok,,False,ok,,True,ok,,,not_applicable,"the prompt gives no command, so there is no task verb (a content verb inside a question does not count)",1,ok,,False,ok,,False,ok,,,not_applicable,the prompt does not state how many items it wants,11,ok,,3,ok,,3,ok,,2,ok,,0,ok,,3,ok,,0,ok,,0,ok,,13,ok,,1,ok,,0,ok,,0,ok,,False,ok,,False,ok,,False,ok,,False,ok,,False,ok,,0,ok,,0,ok,,0,ok,,0,ok,,0,ok,,4,ok,,0.053,ok,,False,ok,,0,ok,,none,not_applicable,the prompt contains no time expression at all,False,ok,,0,ok,,,not_applicable,"the prompt names no year, so there is no earliest year",,not_applicable,"the prompt names no year, so there is no latest year",,not_applicable,"the prompt names no year, so the window has no width; reporting 0 here would look like a single-year constraint",False,ok,,False,ok,,0,ok,,False,ok,,False,ok,,,not_applicable,the prompt is not phrased as a comparison,True,ok,,False,ok,,False,ok,,False,ok,,0,ok,,2,ok,,3,ok,,0,ok,,Reasoning,ok,,3.0,ok,,science,ok,,en,ok,,1.0,ok,,True,ok,,0.0,ok,,0,ok,,0,ok,,False,ok,,0,ok,,0.578,ok,,False,ok,,0,ok,,0.0,ok,,False,ok,,False,ok,,,not_applicable,the prompt does not ask for a particular output format,False,ok,,False,ok,,0.0,ok,,True,ok,,False,ok,,0.999,ok,,0,ok,,False,ok,,0,ok,,0,ok,,0,ok,,5,ok,,False,ok,,False,ok,,False,ok,,0.0,ok,,0.648,ok,,0.167,ok,,0.09,ok,,0.0,ok,,0.133,ok,,10.0,False,False,False,False,False,20,False,10,70.9,26.626845267302865,False
2871,0.0,0,30,biology,806,ok,,132,ok,,186,ok,,16,ok,,11,ok,,16,ok,,8.25,ok,,4.98,ok,,13,ok,,0.346,ok,,1.41,ok,,0.027,ok,,0.164,ok,,0.04,ok,,0.0,ok,,10.37,ok,,True,ok,,42.12,ok,,14.19,ok,,10.38,ok,,11.41,ok,,34,ok,,0.258,ok,,1.8,ok,,33,ok,,0.549,ok,,6.33,ok,,58.87,ok,,5.8,ok,,4.26,ok,,0.429,ok,,76,ok,,5.4,ok,,1.05,ok,,16,ok,,0.12,ok,,0.342,ok,,0,ok,,4,ok,,which,ok,,,not_applicable,"the prompt has 1 distinct wh-word(s), so there is no second one",1,ok,,1,ok,,1,ok,,False,ok,,True,ok,,False,ok,,False,ok,,,not_applicable,"the prompt gives no command, so there is no task verb (a content verb inside a question does not count)",1,ok,,False,ok,,False,ok,,,not_applicable,the prompt does not state how many items it wants,9,ok,,4,ok,,4,ok,,4,ok,,0,ok,,2,ok,,1,ok,,1,ok,,16,ok,,1,ok,,0,ok,,0,ok,,False,ok,,False,ok,,False,ok,,False,ok,,False,ok,,0,ok,,0,ok,,0,ok,,0,ok,,0,ok,,5,ok,,0.066,ok,,True,ok,,2,ok,,relative,ok,,False,ok,,0,ok,,,not_applicable,"the prompt names no year, so there is no earliest year",,not_applicable,"the prompt names no year, so there is no latest year",,not_applicable,"the prompt names no year, so the window has no width; reporting 0 here would look like a single-year constraint",False,ok,,True,ok,,1,ok,,False,ok,,False,ok,,,not_applicable,the prompt is not phrased as a comparison,True,ok,,False,ok,,False,ok,,False,ok,,0,ok,,3,ok,,4,ok,,2,ok,,Fact Retrieval,ok,,4.5,ok,,science,ok,,en,ok,,1.0,ok,,True,ok,,0.0,ok,,0,ok,,0,ok,,False,ok,,0,ok,,0.59,ok,,False,ok,,0,ok,,0.0,ok,,False,ok,,False,ok,,,not_applicable,the prompt does not ask for a particular output format,False,ok,,False,ok,,0.0,ok,,False,ok,,False,ok,,0.999,ok,,0,ok,,True,ok,,0,ok,,2,ok,,2,ok,,8,ok,,False,ok,,False,ok,,False,ok,,0.15,ok,,0.74,ok,,0.25,ok,,0.257,ok,,0.25,ok,,0.523,ok,,10.0,False,False,False,False,False,14,False,10,67.4,19.414771009036738,False
2884,0.0,0,30,biology,1083,ok,,158,ok,,211,ok,,10,ok,,10,ok,,21,ok,,15.8,ok,,5.78,ok,,28,ok,,0.361,ok,,1.34,ok,,0.027,ok,,0.146,ok,,0.033,ok,,0.008,ok,,13.01,ok,,True,ok,,27.34,ok,,17.64,ok,,15.36,ok,,12.54,ok,,27,ok,,0.171,ok,,1.95,ok,,47,ok,,0.5,ok,,6.285,ok,,41.35,ok,,5.71,ok,,4.25,ok,,0.437,ok,,89,ok,,5.15,ok,,0.0,ok,,23,ok,,0.146,ok,,0.573,ok,,10,ok,,6,ok,,what,ok,,how,ok,,9,ok,,4,ok,,2,ok,,False,ok,,True,ok,,False,ok,,False,ok,,,not_applicable,"the prompt gives no command, so there is no task verb (a content verb inside a question does not count)",3,ok,,True,ok,,False,ok,,,not_applicable,the prompt does not state how many items it wants,8,ok,,8,ok,,9,ok,,2,ok,,0,ok,,8,ok,,0,ok,,0,ok,,24,ok,,0,ok,,0,ok,,0,ok,,False,ok,,False,ok,,False,ok,,False,ok,,False,ok,,0,ok,,0,ok,,0,ok,,0,ok,,0,ok,,8,ok,,0.09,ok,,True,ok,,1,ok,,relative,ok,,False,ok,,0,ok,,,not_applicable,"the prompt names no year, so there is no earliest year",,not_applicable,"the prompt names no year, so there is no latest year",,not_applicable,"the prompt names no year, so the window has no width; reporting 0 here would look like a single-year constraint",False,ok,,True,ok,,1,ok,,False,ok,,True,ok,,1.0,ok,,False,ok,,False,ok,,False,ok,,False,ok,,0,ok,,3,ok,,5,ok,,2,ok,,Comparison,ok,,3.0,ok,,,not_applicable,no domain lexicon matched this prompt,en,ok,,1.0,ok,,True,ok,,0.0,ok,,0,ok,,0,ok,,False,ok,,0,ok,,0.669,ok,,False,ok,,0,ok,,0.0,ok,,False,ok,,False,ok,,,not_applicable,the prompt does not ask for a particular output format,False,ok,,False,ok,,0.0,ok,,False,ok,,False,ok,,0.999,ok,,0,ok,,False,ok,,0,ok,,1,ok,,0,ok,,7,ok,,False,ok,,False,ok,,False,ok,,0.0,ok,,0.671,ok,,0.85,ok,,0.317,ok,,0.25,ok,,0.672,ok,,9.0,False,False,False,True,False,11,False,9,107.88888888888889,27.714817537034428,False
2890,0.03333333333333333,1,30,biology,309,ok,,61,ok,,140,ok,,3,ok,,11,ok,,5,ok,,20.33,ok,,3.8,ok,,13,ok,,0.176,ok,,2.3,ok,,0.12,ok,,0.197,ok,,0.104,ok,,0.087,ok,,11.97,ok,,True,ok,,63.54,ok,,16.79,ok,,3.2,ok,,14.21,ok,,9,ok,,0.148,ok,,1.39,ok,,7,ok,,0.784,ok,,5.601,ok,,54.48,ok,,5.2,ok,,4.91,ok,,0.333,ok,,28,ok,,5.44,ok,,0.0,ok,,3,ok,,0.059,ok,,0.143,ok,,1,ok,,11,ok,,what,ok,,,not_applicable,"the prompt has 1 distinct wh-word(s), so there is no second one",1,ok,,1,ok,,1,ok,,False,ok,,True,ok,,False,ok,,False,ok,,,not_applicable,"the prompt gives no command, so there is no task verb (a content verb inside a question does not count)",1,ok,,False,ok,,False,ok,,,not_applicable,the prompt does not state how many items it wants,7,ok,,0,ok,,4,ok,,1,ok,,0,ok,,0,ok,,0,ok,,0,ok,,17,ok,,0,ok,,0,ok,,0,ok,,False,ok,,False,ok,,False,ok,,False,ok,,True,ok,,0,ok,,20,ok,,0,ok,,0,ok,,0,ok,,20,ok,,0.714,ok,,False,ok,,0,ok,,none,not_applicable,the prompt contains no time expression at all,False,ok,,0,ok,,,not_applicable,"the prompt names no year, so there is no earliest year",,not_applicable,"the prompt names no year, so there is no latest year",,not_applicable,"the prompt names no year, so the window has no width; reporting 0 here would look like a single-year constraint",False,ok,,False,ok,,0,ok,,False,ok,,False,ok,,,not_applicable,the prompt is not phrased as a comparison,False,ok,,False,ok,,False,ok,,False,ok,,0,ok,,2,ok,,3,ok,,1,ok,,Math,ok,,3.2,ok,,science,ok,,en,ok,,1.0,ok,,True,ok,,0.003,ok,,0,ok,,0,ok,,False,ok,,0,ok,,0.677,ok,,False,ok,,0,ok,,0.0,ok,,False,ok,,False,ok,,,not_applicable,the prompt does not ask for a particular output format,False,ok,,False,ok,,0.0,ok,,False,ok,,False,ok,,0.997,ok,,0,ok,,False,ok,,0,ok,,0,ok,,0,ok,,1,ok,,False,ok,,False,ok,,False,ok,,0.0,ok,,0.833,ok,,0.167,ok,,0.265,ok,,0.0,ok,,0.213,ok,,10.0,False,False,False,False,False,41,False,10,3.7,0.6749485577105528,False
2903,0.03333333333333333,1,30,biology,370,ok,,56,ok,,115,ok,,12,ok,,11,ok,,3,ok,,4.67,ok,,5.39,ok,,16,ok,,0.316,ok,,2.05,ok,,0.046,ok,,0.151,ok,,0.077,ok,,0.0,ok,,4.1,ok,,True,ok,,74.77,ok,,6.32,ok,,9.15,ok,,11.78,ok,,13,ok,,0.232,ok,,1.49,ok,,8,ok,,0.789,ok,,5.96,ok,,56.93,ok,,5.04,ok,,4.49,ok,,0.421,ok,,33,ok,,4.87,ok,,0.0,ok,,14,ok,,0.246,ok,,0.485,ok,,8,ok,,5,ok,,which,ok,,what,ok,,2,ok,,2,ok,,1,ok,,False,ok,,True,ok,,False,ok,,False,ok,,,not_applicable,"the prompt gives no command, so there is no task verb (a content verb inside a question does not count)",2,ok,,True,ok,,False,ok,,,not_applicable,the prompt does not state how many items it wants,6,ok,,2,ok,,3,ok,,3,ok,,1,ok,,1,ok,,0,ok,,0,ok,,12,ok,,0,ok,,0,ok,,0,ok,,False,ok,,False,ok,,False,ok,,False,ok,,False,ok,,0,ok,,0,ok,,0,ok,,0,ok,,0,ok,,2,ok,,0.061,ok,,False,ok,,0,ok,,none,not_applicable,the prompt contains no time expression at all,False,ok,,0,ok,,,not_applicable,"the prompt names no year, so there is no earliest year",,not_applicable,"the prompt names no year, so there is no latest year",,not_applicable,"the prompt names no year, so the window has no width; reporting 0 here would look like a single-year constraint",False,ok,,False,ok,,0,ok,,False,ok,,False,ok,,,not_applicable,the prompt is not phrased as a comparison,False,ok,,False,ok,,False,ok,,False,ok,,0,ok,,2,ok,,3,ok,,0,ok,,Fact Retrieval,ok,,1.5,ok,,,not_applicable,no domain lexicon matched this prompt,en,ok,,1.0,ok,,True,ok,,0.0,ok,,0,ok,,0,ok,,False,ok,,0,ok,,0.677,ok,,False,ok,,0,ok,,0.0,ok,,False,ok,,False,ok,,,not_applicable,the prompt does not ask for a particular output format,False,ok,,False,ok,,0.0,ok,,False,ok,,False,ok,,0.997,ok,,0,ok,,False,ok,,0,ok,,0,ok,,0,ok,,10,ok,,False,ok,,False,ok,,False,ok,,0.0,ok,,0.737,ok,,0.342,ok,,0.501,ok,,0.0,ok,,0.392,ok,,10.0,False,False,False,False,False,26,False,10,14.2,2.0976176963403037,False
2926,0.16666666666666666,5,30,biology,733,ok,,136,ok,,198,ok,,11,ok,,11,ok,,16,ok,,12.36,ok,,4.29,ok,,13,ok,,0.154,ok,,1.46,ok,,0.033,ok,,0.186,ok,,0.096,ok,,0.027,ok,,5.92,ok,,True,ok,,72.79,ok,,8.36,ok,,6.02,ok,,11.05,ok,,15,ok,,0.11,ok,,1.45,ok,,14,ok,,0.449,ok,,5.231,ok,,35.53,ok,,5.34,ok,,4.4,ok,,0.404,ok,,81,ok,,5.23,ok,,2.07,ok,,7,ok,,0.051,ok,,0.284,ok,,20,ok,,3,ok,,which,ok,,,not_applicable,"the prompt has 1 distinct wh-word(s), so there is no second one",1,ok,,1,ok,,1,ok,,False,ok,,True,ok,,False,ok,,False,ok,,,not_applicable,"the prompt gives no command, so there is no task verb (a content verb inside a question does not count)",1,ok,,False,ok,,False,ok,,,not_applicable,the prompt does not state how many items it wants,8,ok,,9,ok,,11,ok,,4,ok,,1,ok,,4,ok,,0,ok,,4,ok,,27,ok,,0,ok,,0,ok,,0,ok,,False,ok,,False,ok,,False,ok,,False,ok,,False,ok,,20,ok,,0,ok,,0,ok,,0,ok,,0,ok,,29,ok,,0.358,ok,,True,ok,,2,ok,,relative,ok,,False,ok,,0,ok,,,not_applicable,"the prompt names no year, so there is no earliest year",,not_applicable,"the prompt names no year, so there is no latest year",,not_applicable,"the prompt names no year, so the window has no width; reporting 0 here would look like a single-year constraint",False,ok,,True,ok,,2,ok,,False,ok,,True,ok,,2.0,ok,,False,ok,,False,ok,,False,ok,,False,ok,,0,ok,,1,ok,,3,ok,,3,ok,,Comparison,ok,,1.5,ok,,,not_applicable,no domain lexicon matched this prompt,en,ok,,1.0,ok,,True,ok,,0.0,ok,,0,ok,,0,ok,,False,ok,,0,ok,,0.73,ok,,False,ok,,1,ok,,0.052,ok,,False,ok,,False,ok,,,not_applicable,the prompt does not ask for a particular output format,True,ok,,False,ok,,0.0,ok,,False,ok,,False,ok,,0.95,ok,,0,ok,,True,ok,,0,ok,,0,ok,,0,ok,,11,ok,,False,ok,,False,ok,,False,ok,,0.15,ok,,0.915,ok,,0.417,ok,,0.189,ok,,0.25,ok,,0.564,ok,,10.0,False,False,False,False,False,31,False,10,49.4,7.4266786355379315,False
3014,0.13333333333333333,4,30,biology,579,ok,,92,ok,,122,ok,,3,ok,,11,ok,,6,ok,,30.67,ok,,5.26,ok,,13,ok,,0.359,ok,,1.33,ok,,0.022,ok,,0.159,ok,,0.046,ok,,0.0,ok,,9.08,ok,,True,ok,,43.65,ok,,11.76,ok,,10.22,ok,,12.43,ok,,28,ok,,0.304,ok,,1.84,ok,,21,ok,,0.783,ok,,7.507,ok,,90.69,ok,,6.04,ok,,4.43,ok,,0.359,ok,,59,ok,,5.18,ok,,0.0,ok,,8,ok,,0.087,ok,,0.254,ok,,1,ok,,3,ok,,what,ok,,,not_applicable,"the prompt has 1 distinct wh-word(s), so there is no second one",1,ok,,1,ok,,1,ok,,False,ok,,True,ok,,False,ok,,False,ok,,,not_applicable,"the prompt gives no command, so there is no task verb (a content verb inside a question does not count)",1,ok,,False,ok,,False,ok,,,not_applicable,the prompt does not state how many items it wants,14,ok,,6,ok,,10,ok,,3,ok,,1,ok,,5,ok,,0,ok,,0,ok,,15,ok,,0,ok,,0,ok,,0,ok,,False,ok,,False,ok,,False,ok,,False,ok,,False,ok,,0,ok,,0,ok,,0,ok,,0,ok,,0,ok,,6,ok,,0.102,ok,,True,ok,,2,ok,,range,ok,,False,ok,,0,ok,,,not_applicable,"the prompt names no year, so there is no earliest year",,not_applicable,"the prompt names no year, so there is no latest year",,not_applicable,"the prompt names no year, so the window has no width; reporting 0 here would look like a single-year constraint",False,ok,,True,ok,,1,ok,,False,ok,,False,ok,,,not_applicable,the prompt is not phrased as a comparison,False,ok,,False,ok,,False,ok,,False,ok,,0,ok,,2,ok,,3,ok,,3,ok,,Fact Retrieval,ok,,0.5,ok,,science,ok,,en,ok,,1.0,ok,,True,ok,,0.0,ok,,0,ok,,0,ok,,False,ok,,0,ok,,0.45,ok,,False,ok,,0,ok,,0.0,ok,,False,ok,,False,ok,,,not_applicable,the prompt does not ask for a particular output format,True,ok,,False,ok,,0.0,ok,,False,ok,,False,ok,,0.998,ok,,1,ok,,False,ok,,0,ok,,2,ok,,1,ok,,0,ok,,False,ok,,False,ok,,False,ok,,0.2,ok,,0.761,ok,,0.167,ok,,0.193,ok,,0.25,ok,,0.507,ok,,10.0,False,False,False,False,False,39,False,10,30.5,13.167721476735789,False
3045,0.0,0,30,biology,318,ok,,47,ok,,69,ok,,1,ok,,6,ok,,6,ok,,47.0,ok,,5.77,ok,,12,ok,,0.404,ok,,1.47,ok,,0.016,ok,,0.148,ok,,0.045,ok,,0.0,ok,,10.06,ok,,True,ok,,36.88,ok,,15.05,ok,,13.25,ok,,12.42,ok,,18,ok,,0.383,ok,,1.91,ok,,15,ok,,0.83,ok,,5.689,ok,,77.31,unreliable,MTLD needs about 50 tokens to stabilise; this prompt has 47,5.18,ok,,4.35,ok,,0.255,ok,,35,ok,,5.1,ok,,2.02,ok,,5,ok,,0.106,ok,,0.257,ok,,0,ok,,4,ok,,other,not_applicable,"no interrogative wh-word appears in the prompt, so there is no question word to report",,not_applicable,"the prompt has 0 distinct wh-word(s), so there is no second one",0,ok,,0,ok,,0,ok,,False,ok,,False,ok,,False,ok,,False,ok,,,not_applicable,"the prompt gives no command, so there is no task verb (a content verb inside a question does not count)",0,ok,,False,ok,,True,ok,,,not_applicable,the prompt does not state how many items it wants,8,ok,,1,ok,,1,ok,,1,ok,,0,ok,,1,ok,,0,ok,,0,ok,,6,ok,,1,ok,,0,ok,,0,ok,,False,ok,,False,ok,,False,ok,,False,ok,,False,ok,,0,ok,,0,ok,,0,ok,,0,ok,,0,ok,,2,ok,,0.057,ok,,True,ok,,1,ok,,relative,ok,,False,ok,,0,ok,,,not_applicable,"the prompt names no year, so there is no earliest year",,not_applicable,"the prompt names no year, so there is no latest year",,not_applicable,"the prompt names no year, so the window has no width; reporting 0 here would look like a single-year constraint",False,ok,,False,ok,,0,ok,,True,ok,,False,ok,,,not_applicable,the prompt is not phrased as a comparison,False,ok,,True,ok,,False,ok,,False,ok,,0,ok,,1,ok,,3,ok,,2,ok,,Fact Retrieval,ok,,0.5,ok,,science,ok,,en,ok,,1.0,ok,,True,ok,,0.0,ok,,0,ok,,0,ok,,False,ok,,0,ok,,0.463,ok,,False,ok,,0,ok,,0.0,ok,,False,ok,,False,ok,,,not_applicable,the prompt does not ask for a particular output format,False,ok,,False,ok,,0.0,ok,,False,ok,,False,ok,,0.997,ok,,1,ok,,True,ok,,0,ok,,0,ok,,0,ok,,3,ok,,False,ok,,False,ok,,False,ok,,0.35,ok,,0.568,ok,,0.167,ok,,0.228,ok,,0.25,ok,,0.596,ok,,5.0,True,False,False,False,False,8,False,5,50.0,10.04987562112089,False
3071,0.0,0,30,biology,540,ok,,72,ok,,105,ok,,1,ok,,11,ok,,4,ok,,72.0,ok,,6.46,ok,,20,ok,,0.514,ok,,1.46,ok,,0.024,ok,,0.133,ok,,0.037,ok,,0.0,ok,,14.33,ok,,True,ok,,3.97,ok,,17.62,ok,,16.33,ok,,14.93,ok,,33,ok,,0.458,ok,,2.32,ok,,27,ok,,0.778,ok,,6.6,ok,,90.72,ok,,5.48,ok,,4.35,ok,,0.25,ok,,54,ok,,5.14,ok,,0.0,ok,,3,ok,,0.042,ok,,0.333,ok,,1,ok,,3,ok,,what,ok,,,not_applicable,"the prompt has 1 distinct wh-word(s), so there is no second one",1,ok,,1,ok,,1,ok,,False,ok,,True,ok,,False,ok,,False,ok,,,not_applicable,"the prompt gives no command, so there is no task verb (a content verb inside a question does not count)",1,ok,,False,ok,,False,ok,,,not_applicable,the prompt does not state how many items it wants,19,ok,,6,ok,,6,ok,,2,ok,,0,ok,,6,ok,,0,ok,,0,ok,,12,ok,,0,ok,,0,ok,,0,ok,,False,ok,,False,ok,,False,ok,,False,ok,,False,ok,,0,ok,,0,ok,,0,ok,,0,ok,,0,ok,,6,ok,,0.111,ok,,False,ok,,0,ok,,none,not_applicable,the prompt contains no time expression at all,False,ok,,0,ok,,,not_applicable,"the prompt names no year, so there is no earliest year",,not_applicable,"the prompt names no year, so there is no latest year",,not_applicable,"the prompt names no year, so the window has no width; reporting 0 here would look like a single-year constraint",False,ok,,False,ok,,0,ok,,False,ok,,True,ok,,2.0,ok,,True,ok,,False,ok,,False,ok,,False,ok,,0,ok,,3,ok,,5,ok,,1,ok,,Comparison,ok,,1.5,ok,,science,ok,,en,ok,,1.0,ok,,True,ok,,0.0,ok,,0,ok,,0,ok,,False,ok,,0,ok,,0.521,ok,,False,ok,,0,ok,,0.0,ok,,False,ok,,False,ok,,,not_applicable,the prompt does not ask for a particular output format,True,ok,,False,ok,,0.0,ok,,False,ok,,False,ok,,0.998,ok,,0,ok,,False,ok,,0,ok,,0,ok,,0,ok,,2,ok,,False,ok,,False,ok,,False,ok,,0.0,ok,,0.683,ok,,0.5,ok,,0.196,ok,,0.0,ok,,0.346,ok,,10.0,False,False,False,True,False,7,False,10,43.7,23.103871729406933,False
3139,0.0,0,30,biology,1440,ok,,210,ok,,285,ok,,9,ok,,11,ok,,19,ok,,23.33,ok,,5.62,ok,,13,ok,,0.361,ok,,1.36,ok,,0.02,ok,,0.146,ok,,0.023,ok,,0.0,ok,,15.51,ok,,True,ok,,17.85,ok,,20.59,ok,,15.82,ok,,13.0,ok,,45,ok,,0.214,ok,,1.98,ok,,68,ok,,0.463,ok,,6.804,ok,,43.67,ok,,5.88,ok,,4.25,ok,,0.412,ok,,127,ok,,5.3,ok,,0.0,ok,,19,ok,,0.088,ok,,0.386,ok,,11,ok,,4,ok,,which,ok,,,not_applicable,"the prompt has 1 distinct wh-word(s), so there is no second one",1,ok,,1,ok,,0,ok,,False,ok,,True,ok,,False,ok,,True,ok,,explain,ok,,1,ok,,False,ok,,False,ok,,,not_applicable,the prompt does not state how many items it wants,13,ok,,6,ok,,7,ok,,3,ok,,5,ok,,1,ok,,0,ok,,0,ok,,17,ok,,2,ok,,1,ok,,6,ok,,False,ok,,False,ok,,False,ok,,False,ok,,False,ok,,0,ok,,0,ok,,0,ok,,0,ok,,0,ok,,9,ok,,0.071,ok,,True,ok,,3,ok,,relative,ok,,True,ok,,0,ok,,,not_applicable,"the prompt names no year, so there is no earliest year",,not_applicable,"the prompt names no year, so there is no latest year",,not_applicable,"the prompt names no year, so the window has no width; reporting 0 here would look like a single-year constraint",False,ok,,True,ok,,1,ok,,False,ok,,False,ok,,,not_applicable,the prompt is not phrased as a comparison,False,ok,,False,ok,,False,ok,,False,ok,,0,ok,,2,ok,,3,ok,,2,ok,,Fact Retrieval,ok,,1.5,ok,,science,ok,,en,ok,,1.0,ok,,True,ok,,0.0,ok,,0,ok,,0,ok,,False,ok,,0,ok,,0.67,ok,,False,ok,,0,ok,,0.0,ok,,False,ok,,False,ok,,,not_applicable,the prompt does not ask for a particular output format,False,ok,,False,ok,,0.0,ok,,False,ok,,False,ok,,0.999,ok,,0,ok,,False,ok,,0,ok,,1,ok,,0,ok,,18,ok,,False,ok,,False,ok,,False,ok,,0.0,ok,,0.743,ok,,0.167,ok,,0.237,ok,,0.75,ok,,0.6,ok,,10.0,False,False,False,False,False,23,False,10,124.5,47.90325899374929,False
3231,0.0,0,30,biology,1547,ok,,257,ok,,319,ok,,14,ok,,11,ok,,34,ok,,18.36,ok,,4.81,ok,,17,ok,,0.317,ok,,1.24,ok,,0.03,ok,,0.166,ok,,0.043,ok,,0.001,ok,,9.77,ok,,True,ok,,53.59,ok,,12.34,ok,,10.43,ok,,11.81,ok,,56,ok,,0.218,ok,,1.61,ok,,38,ok,,0.469,ok,,7.599,ok,,52.49,ok,,6.28,ok,,4.44,ok,,0.416,ok,,145,ok,,5.53,ok,,0.0,ok,,10,ok,,0.038,ok,,0.145,ok,,5,ok,,3,ok,,which,ok,,,not_applicable,"the prompt has 1 distinct wh-word(s), so there is no second one",3,ok,,1,ok,,0,ok,,False,ok,,True,ok,,False,ok,,False,ok,,,not_applicable,"the prompt gives no command, so there is no task verb (a content verb inside a question does not count)",0,ok,,False,ok,,False,ok,,,not_applicable,the prompt does not state how many items it wants,9,ok,,7,ok,,9,ok,,5,ok,,3,ok,,2,ok,,0,ok,,2,ok,,46,ok,,1,ok,,1,ok,,10,ok,,False,ok,,False,ok,,False,ok,,False,ok,,False,ok,,0,ok,,1,ok,,0,ok,,0,ok,,1,ok,,10,ok,,0.069,ok,,True,ok,,2,ok,,range,ok,,False,ok,,0,ok,,,not_applicable,"the prompt names no year, so there is no earliest year",,not_applicable,"the prompt names no year, so there is no latest year",,not_applicable,"the prompt names no year, so the window has no width; reporting 0 here would look like a single-year constraint",False,ok,,True,ok,,2,ok,,False,ok,,True,ok,,2.0,ok,,True,ok,,False,ok,,False,ok,,False,ok,,0,ok,,2,ok,,4,ok,,4,ok,,Reasoning,ok,,2.0,ok,,,not_applicable,no domain lexicon matched this prompt,en,ok,,1.0,ok,,True,ok,,0.0,ok,,0,ok,,0,ok,,False,ok,,0,ok,,0.443,ok,,False,ok,,0,ok,,0.0,ok,,False,ok,,False,ok,,,not_applicable,the prompt does not ask for a particular output format,False,ok,,False,ok,,0.0,ok,,False,ok,,False,ok,,0.999,ok,,0,ok,,False,ok,,0,ok,,1,ok,,0,ok,,11,ok,,False,ok,,False,ok,,False,ok,,0.0,ok,,0.741,ok,,0.5,ok,,0.107,ok,,0.25,ok,,0.497,ok,,10.0,False,False,False,False,False,60,False,10,114.9,53.65828091833647,False
3296,0.0,0,30,biology,1017,ok,,155,ok,,207,ok,,6,ok,,11,ok,,21,ok,,25.83,ok,,5.51,ok,,14,ok,,0.361,ok,,1.34,ok,,0.018,ok,,0.152,ok,,0.025,ok,,0.0,ok,,12.52,ok,,True,ok,,30.43,ok,,15.96,ok,,13.68,ok,,13.3,ok,,53,ok,,0.342,ok,,1.92,ok,,40,ok,,0.594,ok,,7.39,ok,,53.91,ok,,6.04,ok,,4.3,ok,,0.374,ok,,97,ok,,5.29,ok,,1.78,ok,,8,ok,,0.052,ok,,0.371,ok,,0,ok,,4,ok,,what,ok,,,not_applicable,"the prompt has 1 distinct wh-word(s), so there is no second one",1,ok,,1,ok,,1,ok,,False,ok,,True,ok,,False,ok,,False,ok,,,not_applicable,"the prompt gives no command, so there is no task verb (a content verb inside a question does not count)",1,ok,,False,ok,,False,ok,,,not_applicable,the prompt does not state how many items it wants,10,ok,,4,ok,,4,ok,,3,ok,,2,ok,,2,ok,,0,ok,,0,ok,,16,ok,,0,ok,,0,ok,,0,ok,,False,ok,,False,ok,,False,ok,,False,ok,,False,ok,,0,ok,,0,ok,,0,ok,,0,ok,,0,ok,,4,ok,,0.041,ok,,True,ok,,6,ok,,relative,ok,,False,ok,,0,ok,,,not_applicable,"the prompt names no year, so there is no earliest year",,not_applicable,"the prompt names no year, so there is no latest year",,not_applicable,"the prompt names no year, so the window has no width; reporting 0 here would look like a single-year constraint",False,ok,,True,ok,,1,ok,,False,ok,,False,ok,,,not_applicable,the prompt is not phrased as a comparison,False,ok,,False,ok,,False,ok,,False,ok,,0,ok,,2,ok,,3,ok,,2,ok,,Fact Retrieval,ok,,0.5,ok,,medical,ok,,en,ok,,1.0,ok,,True,ok,,0.0,ok,,0,ok,,0,ok,,False,ok,,0,ok,,0.468,ok,,False,ok,,0,ok,,0.0,ok,,False,ok,,False,ok,,,not_applicable,the prompt does not ask for a particular output format,False,ok,,False,ok,,0.0,ok,,False,ok,,False,ok,,0.999,ok,,0,ok,,False,ok,,0,ok,,0,ok,,0,ok,,12,ok,,False,ok,,False,ok,,False,ok,,0.0,ok,,0.725,ok,,0.167,ok,,0.2,ok,,0.25,ok,,0.401,ok,,10.0,False,False,False,False,False,11,False,10,90.1,62.74188747913506,False
3309,0.0,0,30,biology,953,ok,,160,ok,,204,ok,,23,ok,,11,ok,,21,ok,,6.96,ok,,4.85,ok,,13,ok,,0.312,ok,,1.27,ok,,0.028,ok,,0.168,ok,,0.037,ok,,0.0,ok,,10.7,ok,,True,ok,,40.12,ok,,14.2,ok,,9.72,ok,,11.99,ok,,28,ok,,0.175,ok,,1.81,ok,,37,ok,,0.362,ok,,4.585,ok,,22.86,ok,,4.84,ok,,4.33,ok,,0.444,ok,,87,ok,,5.47,ok,,1.85,ok,,4,ok,,0.025,ok,,0.299,ok,,0,ok,,3,ok,,other,not_applicable,"no interrogative wh-word appears in the prompt, so there is no question word to report",,not_applicable,"the prompt has 0 distinct wh-word(s), so there is no second one",0,ok,,0,ok,,0,ok,,False,ok,,False,ok,,False,ok,,False,ok,,,not_applicable,"the prompt gives no command, so there is no task verb (a content verb inside a question does not count)",0,ok,,False,ok,,False,ok,,,not_applicable,the prompt does not state how many items it wants,7,ok,,3,ok,,4,ok,,3,ok,,0,ok,,1,ok,,0,ok,,2,ok,,11,ok,,1,ok,,1,ok,,1,ok,,False,ok,,False,ok,,False,ok,,False,ok,,False,ok,,0,ok,,0,ok,,0,ok,,0,ok,,0,ok,,5,ok,,0.057,ok,,True,ok,,1,ok,,relative,ok,,False,ok,,0,ok,,,not_applicable,"the prompt names no year, so there is no earliest year",,not_applicable,"the prompt names no year, so there is no latest year",,not_applicable,"the prompt names no year, so the window has no width; reporting 0 here would look like a single-year constraint",False,ok,,False,ok,,0,ok,,False,ok,,False,ok,,,not_applicable,the prompt is not phrased as a comparison,False,ok,,False,ok,,False,ok,,False,ok,,0,ok,,2,ok,,3,ok,,1,ok,,Fact Retrieval,ok,,0.5,ok,,science,ok,,en,ok,,1.0,ok,,True,ok,,0.0,ok,,0,ok,,0,ok,,False,ok,,0,ok,,0.796,ok,,False,ok,,0,ok,,0.0,ok,,False,ok,,False,ok,,,not_applicable,the prompt does not ask for a particular output format,False,ok,,False,ok,,0.0,ok,,False,ok,,False,ok,,0.999,ok,,0,ok,,False,ok,,0,ok,,1,ok,,0,ok,,12,ok,,False,ok,,False,ok,,False,ok,,0.0,ok,,0.734,ok,,0.167,ok,,0.147,ok,,0.25,ok,,0.275,ok,,10.0,False,False,False,False,False,20,False,10,78.2,9.02835040918944,False
3323,0.0,0,30,biology,644,ok,,98,ok,,136,ok,,11,ok,,9,ok,,12,ok,,8.91,ok,,5.41,ok,,15,ok,,0.343,ok,,1.39,ok,,0.028,ok,,0.152,ok,,0.055,ok,,0.0,ok,,10.69,ok,,True,ok,,37.81,ok,,13.34,ok,,12.73,ok,,12.39,ok,,25,ok,,0.255,ok,,1.86,ok,,25,ok,,0.556,ok,,5.528,ok,,64.42,ok,,5.55,ok,,4.33,ok,,0.343,ok,,65,ok,,5.13,ok,,0.0,ok,,9,ok,,0.091,ok,,0.292,ok,,1,ok,,4,ok,,which,ok,,,not_applicable,"the prompt has 1 distinct wh-word(s), so there is no second one",1,ok,,1,ok,,1,ok,,False,ok,,True,ok,,False,ok,,False,ok,,,not_applicable,"the prompt gives no command, so there is no task verb (a content verb inside a question does not count)",1,ok,,False,ok,,False,ok,,,not_applicable,the prompt does not state how many items it wants,7,ok,,5,ok,,5,ok,,2,ok,,4,ok,,1,ok,,0,ok,,0,ok,,15,ok,,4,ok,,0,ok,,0,ok,,False,ok,,False,ok,,False,ok,,False,ok,,False,ok,,0,ok,,0,ok,,0,ok,,0,ok,,0,ok,,9,ok,,0.138,ok,,True,ok,,1,ok,,relative,ok,,False,ok,,0,ok,,,not_applicable,"the prompt names no year, so there is no earliest year",,not_applicable,"the prompt names no year, so there is no latest year",,not_applicable,"the prompt names no year, so the window has no width; reporting 0 here would look like a single-year constraint",False,ok,,False,ok,,0,ok,,False,ok,,False,ok,,,not_applicable,the prompt is not phrased as a comparison,False,ok,,False,ok,,False,ok,,False,ok,,0,ok,,2,ok,,3,ok,,1,ok,,Fact Retrieval,ok,,1.5,ok,,science,ok,,en,ok,,1.0,ok,,True,ok,,0.0,ok,,0,ok,,0,ok,,False,ok,,0,ok,,0.703,ok,,False,ok,,0,ok,,0.0,ok,,False,ok,,False,ok,,,not_applicable,the prompt does not ask for a particular output format,False,ok,,False,ok,,0.0,ok,,False,ok,,False,ok,,0.998,ok,,0,ok,,True,ok,,0,ok,,0,ok,,0,ok,,4,ok,,False,ok,,False,ok,,False,ok,,0.15,ok,,0.699,ok,,0.167,ok,,0.215,ok,,0.25,ok,,0.396,ok,,8.0,False,False,False,False,False,7,False,8,70.75,17.71802955829376,False
3341,0.6666666666666666,20,30,biology,1310,ok,,238,ok,,284,ok,,21,ok,,11,ok,,33,ok,,11.33,ok,,4.39,ok,,14,ok,,0.205,ok,,1.19,ok,,0.025,ok,,0.182,ok,,0.022,ok,,0.0,ok,,9.1,ok,,True,ok,,65.14,ok,,12.98,ok,,8.03,ok,,9.13,ok,,46,ok,,0.193,ok,,1.44,ok,,30,ok,,0.498,ok,,7.697,ok,,41.41,ok,,5.98,ok,,4.26,ok,,0.494,ok,,121,ok,,5.8,ok,,1.1,ok,,6,ok,,0.025,ok,,0.174,ok,,0,ok,,3,ok,,why,ok,,which,ok,,2,ok,,2,ok,,0,ok,,False,ok,,True,ok,,False,ok,,True,ok,,explain,ok,,1,ok,,False,ok,,False,ok,,,not_applicable,the prompt does not state how many items it wants,11,ok,,2,ok,,2,ok,,2,ok,,0,ok,,2,ok,,0,ok,,0,ok,,9,ok,,0,ok,,0,ok,,0,ok,,False,ok,,False,ok,,False,ok,,False,ok,,False,ok,,0,ok,,0,ok,,0,ok,,0,ok,,0,ok,,2,ok,,0.017,ok,,False,ok,,0,ok,,none,not_applicable,the prompt contains no time expression at all,False,ok,,0,ok,,,not_applicable,"the prompt names no year, so there is no earliest year",,not_applicable,"the prompt names no year, so there is no latest year",,not_applicable,"the prompt names no year, so the window has no width; reporting 0 here would look like a single-year constraint",False,ok,,True,ok,,2,ok,,False,ok,,False,ok,,,not_applicable,the prompt is not phrased as a comparison,True,ok,,False,ok,,True,ok,,False,ok,,0,ok,,1,ok,,2,ok,,2,ok,,Reasoning,ok,,7.5,ok,,science,ok,,en,ok,,1.0,ok,,True,ok,,0.0,ok,,0,ok,,0,ok,,False,ok,,0,ok,,0.505,ok,,False,ok,,0,ok,,0.0,ok,,False,ok,,False,ok,,,not_applicable,the prompt does not ask for a particular output format,False,ok,,False,ok,,0.0,ok,,False,ok,,False,ok,,0.999,ok,,0,ok,,False,ok,,0,ok,,0,ok,,1,ok,,35,ok,,False,ok,,False,ok,,False,ok,,0.0,ok,,0.627,ok,,0.083,ok,,0.098,ok,,0.0,ok,,0.229,ok,,10.0,False,False,True,False,False,29,False,10,113.6,75.0661930121232,False
3367,0.26666666666666666,8,30,biology,863,ok,,157,ok,,187,ok,,14,ok,,11,ok,,18,ok,,11.21,ok,,4.38,ok,,13,ok,,0.2,ok,,1.19,ok,,0.022,ok,,0.182,ok,,0.035,ok,,0.0,ok,,6.63,ok,,True,ok,,69.02,ok,,9.16,ok,,7.13,ok,,9.57,ok,,26,ok,,0.166,ok,,1.48,ok,,20,ok,,0.481,ok,,6.087,ok,,35.64,ok,,5.54,ok,,4.27,ok,,0.456,ok,,87,ok,,5.83,ok,,2.63,ok,,1,ok,,0.006,ok,,0.08,ok,,0,ok,,2,ok,,why,ok,,,not_applicable,"the prompt has 1 distinct wh-word(s), so there is no second one",1,ok,,1,ok,,1,ok,,False,ok,,True,ok,,False,ok,,False,ok,,,not_applicable,"the prompt gives no command, so there is no task verb (a content verb inside a question does not count)",1,ok,,False,ok,,False,ok,,,not_applicable,the prompt does not state how many items it wants,9,ok,,1,ok,,1,ok,,1,ok,,0,ok,,1,ok,,0,ok,,0,ok,,9,ok,,0,ok,,0,ok,,0,ok,,False,ok,,False,ok,,False,ok,,False,ok,,False,ok,,0,ok,,0,ok,,0,ok,,0,ok,,0,ok,,1,ok,,0.011,ok,,True,ok,,1,ok,,relative,ok,,False,ok,,0,ok,,,not_applicable,"the prompt names no year, so there is no earliest year",,not_applicable,"the prompt names no year, so there is no latest year",,not_applicable,"the prompt names no year, so the window has no width; reporting 0 here would look like a single-year constraint",False,ok,,False,ok,,0,ok,,False,ok,,False,ok,,,not_applicable,the prompt is not phrased as a comparison,True,ok,,False,ok,,False,ok,,False,ok,,0,ok,,3,ok,,4,ok,,1,ok,,Reasoning,ok,,4.0,ok,,medical,ok,,en,ok,,1.0,ok,,True,ok,,0.0,ok,,0,ok,,0,ok,,False,ok,,0,ok,,0.515,ok,,False,ok,,0,ok,,0.0,ok,,False,ok,,False,ok,,,not_applicable,the prompt does not ask for a particular output format,False,ok,,False,ok,,0.0,ok,,False,ok,,False,ok,,0.999,ok,,0,ok,,True,ok,,0,ok,,0,ok,,0,ok,,23,ok,,False,ok,,False,ok,,False,ok,,0.15,ok,,0.315,ok,,0.25,ok,,0.054,ok,,0.25,ok,,0.374,ok,,10.0,False,False,False,False,False,37,False,10,62.0,15.427248620541512,False
3445,0.0,0,30,biology,546,ok,,93,ok,,117,ok,,10,ok,,11,ok,,6,ok,,9.3,ok,,4.81,ok,,12,ok,,0.266,ok,,1.26,ok,,0.022,ok,,0.17,ok,,0.048,ok,,0.0,ok,,8.01,ok,,True,ok,,52.71,ok,,11.55,ok,,8.2,ok,,11.36,ok,,23,ok,,0.247,ok,,1.71,ok,,20,ok,,0.543,ok,,5.26,ok,,18.14,ok,,4.82,ok,,4.32,ok,,0.436,ok,,53,ok,,5.86,ok,,2.83,ok,,3,ok,,0.032,ok,,0.17,ok,,0,ok,,2,ok,,which,ok,,,not_applicable,"the prompt has 1 distinct wh-word(s), so there is no second one",1,ok,,1,ok,,1,ok,,False,ok,,True,ok,,False,ok,,False,ok,,,not_applicable,"the prompt gives no command, so there is no task verb (a content verb inside a question does not count)",1,ok,,False,ok,,True,ok,,,not_applicable,the prompt does not state how many items it wants,10,ok,,1,ok,,2,ok,,2,ok,,0,ok,,1,ok,,0,ok,,0,ok,,10,ok,,0,ok,,0,ok,,0,ok,,False,ok,,False,ok,,False,ok,,False,ok,,False,ok,,0,ok,,0,ok,,0,ok,,0,ok,,0,ok,,1,ok,,0.019,ok,,True,ok,,1,ok,,relative,ok,,False,ok,,0,ok,,,not_applicable,"the prompt names no year, so there is no earliest year",,not_applicable,"the prompt names no year, so there is no latest year",,not_applicable,"the prompt names no year, so the window has no width; reporting 0 here would look like a single-year constraint",False,ok,,False,ok,,0,ok,,False,ok,,True,ok,,1.0,ok,,False,ok,,True,ok,,False,ok,,False,ok,,0,ok,,4,ok,,5,ok,,1,ok,,Comparison,ok,,1.5,ok,,,not_applicable,no domain lexicon matched this prompt,en,ok,,1.0,ok,,True,ok,,0.0,ok,,0,ok,,0,ok,,False,ok,,0,ok,,0.677,ok,,False,ok,,0,ok,,0.0,ok,,False,ok,,False,ok,,,not_applicable,the prompt does not ask for a particular output format,False,ok,,False,ok,,0.0,ok,,False,ok,,False,ok,,0.998,ok,,0,ok,,True,ok,,0,ok,,0,ok,,0,ok,,17,ok,,False,ok,,False,ok,,False,ok,,0.15,ok,,0.403,ok,,0.5,ok,,0.112,ok,,0.25,ok,,0.49,ok,,10.0,False,True,False,False,False,27,False,10,34.3,5.518655230720212,False
3463,0.0,0,30,biology,1471,ok,,259,ok,,501,ok,,6,ok,,11,ok,,27,ok,,43.17,ok,,5.09,ok,,14,ok,,0.255,ok,,1.93,ok,,0.057,ok,,0.176,ok,,0.078,ok,,0.03,ok,,8.54,ok,,True,ok,,64.26,ok,,12.76,ok,,8.02,ok,,14.11,ok,,24,ok,,0.093,ok,,1.57,ok,,38,ok,,0.264,ok,,3.878,ok,,8.26,ok,,4.75,ok,,4.61,ok,,0.116,ok,,188,ok,,4.1,ok,,0.0,ok,,68,ok,,0.315,ok,,0.41,ok,,27,ok,,4,ok,,other,not_applicable,"no interrogative wh-word appears in the prompt, so there is no question word to report",,not_applicable,"the prompt has 0 distinct wh-word(s), so there is no second one",0,ok,,0,ok,,0,ok,,False,ok,,False,ok,,False,ok,,True,ok,,show,ok,,0,ok,,False,ok,,False,ok,,,not_applicable,the prompt does not state how many items it wants,10,ok,,8,ok,,48,ok,,5,ok,,2,ok,,5,ok,,0,ok,,1,ok,,61,ok,,5,ok,,0,ok,,0,ok,,False,ok,,False,ok,,False,ok,,False,ok,,False,ok,,0,ok,,40,ok,,0,ok,,0,ok,,0,ok,,53,ok,,0.282,ok,,False,ok,,0,ok,,none,not_applicable,the prompt contains no time expression at all,False,ok,,0,ok,,,not_applicable,"the prompt names no year, so there is no earliest year",,not_applicable,"the prompt names no year, so there is no latest year",,not_applicable,"the prompt names no year, so the window has no width; reporting 0 here would look like a single-year constraint",False,ok,,False,ok,,0,ok,,False,ok,,False,ok,,,not_applicable,the prompt is not phrased as a comparison,False,ok,,False,ok,,False,ok,,False,ok,,0,ok,,1,ok,,2,ok,,1,ok,,Math,ok,,1.2,ok,,science,ok,,en,ok,,1.0,ok,,True,ok,,0.002,ok,,0,ok,,0,ok,,False,ok,,0,ok,,0.882,ok,,False,ok,,0,ok,,0.0,ok,,False,ok,,False,ok,,,not_applicable,the prompt does not ask for a particular output format,False,ok,,False,ok,,0.0,ok,,False,ok,,False,ok,,0.999,ok,,0,ok,,False,ok,,0,ok,,0,ok,,0,ok,,3,ok,,False,ok,,False,ok,,False,ok,,0.0,ok,,0.869,ok,,0.083,ok,,0.569,ok,,0.0,ok,,0.317,ok,,10.0,False,False,False,False,False,109,True,10,80.1,0.3162277660168379,False
3506,0.0,0,30,biology,1505,ok,,232,ok,,280,ok,,16,ok,,11,ok,,38,ok,,14.5,ok,,5.38,ok,,15,ok,,0.339,ok,,1.21,ok,,0.019,ok,,0.154,ok,,0.03,ok,,0.0,ok,,11.1,ok,,True,ok,,38.41,ok,,15.85,ok,,13.0,ok,,11.56,ok,,65,ok,,0.28,ok,,1.83,ok,,66,ok,,0.515,ok,,7.861,ok,,56.06,ok,,6.31,ok,,4.3,ok,,0.485,ok,,120,ok,,5.51,ok,,1.94,ok,,15,ok,,0.064,ok,,0.325,ok,,0,ok,,3,ok,,what,ok,,which,ok,,2,ok,,2,ok,,1,ok,,False,ok,,True,ok,,False,ok,,True,ok,,describe,ok,,1,ok,,False,ok,,False,ok,,,not_applicable,the prompt does not state how many items it wants,9,ok,,7,ok,,7,ok,,2,ok,,0,ok,,7,ok,,0,ok,,0,ok,,17,ok,,3,ok,,0,ok,,0,ok,,False,ok,,False,ok,,False,ok,,False,ok,,False,ok,,0,ok,,0,ok,,0,ok,,0,ok,,0,ok,,10,ok,,0.083,ok,,False,ok,,0,ok,,none,not_applicable,the prompt contains no time expression at all,False,ok,,0,ok,,,not_applicable,"the prompt names no year, so there is no earliest year",,not_applicable,"the prompt names no year, so there is no latest year",,not_applicable,"the prompt names no year, so the window has no width; reporting 0 here would look like a single-year constraint",False,ok,,False,ok,,0,ok,,False,ok,,False,ok,,,not_applicable,the prompt is not phrased as a comparison,False,ok,,False,ok,,False,ok,,False,ok,,0,ok,,2,ok,,3,ok,,1,ok,,Creative,ok,,1.5,ok,,science,ok,,en,ok,,1.0,ok,,True,ok,,0.0,ok,,0,ok,,0,ok,,False,ok,,0,ok,,0.613,ok,,False,ok,,0,ok,,0.0,ok,,False,ok,,False,ok,,,not_applicable,the prompt does not ask for a particular output format,True,ok,,False,ok,,0.0,ok,,False,ok,,False,ok,,0.999,ok,,0,ok,,False,ok,,0,ok,,1,ok,,0,ok,,4,ok,,False,ok,,False,ok,,False,ok,,0.0,ok,,0.666,ok,,0.167,ok,,0.179,ok,,0.0,ok,,0.173,ok,,10.0,False,False,False,True,False,19,False,10,135.7,64.59798758475375,False
3522,0.26666666666666666,8,30,biology,1157,ok,,159,ok,,255,ok,,9,ok,,11,ok,,18,ok,,17.67,ok,,5.99,ok,,29,ok,,0.488,ok,,1.6,ok,,0.022,ok,,0.137,ok,,0.023,ok,,0.0,ok,,13.24,ok,,True,ok,,25.73,ok,,16.63,ok,,17.82,ok,,13.34,ok,,44,ok,,0.277,ok,,1.9,ok,,41,ok,,0.47,ok,,6.013,ok,,54.67,ok,,5.75,ok,,4.32,ok,,0.409,ok,,97,ok,,4.89,ok,,0.0,ok,,29,ok,,0.177,ok,,0.392,ok,,12,ok,,9,ok,,which,ok,,,not_applicable,"the prompt has 1 distinct wh-word(s), so there is no second one",3,ok,,1,ok,,0,ok,,False,ok,,True,ok,,False,ok,,False,ok,,,not_applicable,"the prompt gives no command, so there is no task verb (a content verb inside a question does not count)",0,ok,,False,ok,,True,ok,,,not_applicable,the prompt does not state how many items it wants,11,ok,,8,ok,,8,ok,,3,ok,,6,ok,,2,ok,,0,ok,,0,ok,,17,ok,,0,ok,,0,ok,,0,ok,,False,ok,,False,ok,,False,ok,,False,ok,,False,ok,,0,ok,,0,ok,,0,ok,,0,ok,,0,ok,,8,ok,,0.082,ok,,False,ok,,0,ok,,none,not_applicable,the prompt contains no time expression at all,False,ok,,0,ok,,,not_applicable,"the prompt names no year, so there is no earliest year",,not_applicable,"the prompt names no year, so there is no latest year",,not_applicable,"the prompt names no year, so the window has no width; reporting 0 here would look like a single-year constraint",False,ok,,True,ok,,9,ok,,False,ok,,True,ok,,2.0,ok,,False,ok,,False,ok,,False,ok,,False,ok,,0,ok,,2,ok,,4,ok,,1,ok,,Comparison,ok,,1.5,ok,,science,ok,,en,ok,,1.0,ok,,True,ok,,0.0,ok,,0,ok,,0,ok,,False,ok,,0,ok,,0.562,ok,,False,ok,,1,ok,,0.15,ok,,False,ok,,False,ok,,,not_applicable,the prompt does not ask for a particular output format,False,ok,,False,ok,,0.0,ok,,False,ok,,False,ok,,0.912,ok,,0,ok,,False,ok,,0,ok,,2,ok,,0,ok,,5,ok,,False,ok,,False,ok,,False,ok,,0.0,ok,,0.749,ok,,0.5,ok,,0.354,ok,,0.0,ok,,0.506,ok,,10.0,False,False,False,False,False,3,False,10,107.3,62.640153966037545,False
3582,0.0,0,30,chemistry,517,ok,,119,ok,,310,ok,,2,ok,,11,ok,,4,ok,,59.5,ok,,3.91,ok,,10,ok,,0.174,ok,,2.61,ok,,0.244,ok,,0.23,ok,,0.359,ok,,0.244,ok,,-0.06,ok,,True,ok,,104.65,ok,,3.51,ok,,-1.56,ok,,18.33,ok,,7,ok,,0.059,ok,,1.26,ok,,3,ok,,0.565,ok,,3.833,ok,,10.15,unreliable,MTLD needs about 50 tokens to stabilise; this prompt has 46,3.93,ok,,4.55,ok,,0.087,ok,,42,ok,,2.36,ok,,0.0,ok,,27,ok,,0.587,ok,,0.69,ok,,27,ok,,6,ok,,other,not_applicable,"no interrogative wh-word appears in the prompt, so there is no question word to report",,not_applicable,"the prompt has 0 distinct wh-word(s), so there is no second one",0,ok,,0,ok,,0,ok,,False,ok,,False,ok,,False,ok,,True,ok,,find,ok,,1,ok,,False,ok,,False,ok,,,not_applicable,the prompt does not state how many items it wants,7,ok,,2,ok,,24,ok,,3,ok,,0,ok,,2,ok,,0,ok,,0,ok,,57,ok,,0,ok,,0,ok,,0,ok,,False,ok,,False,ok,,False,ok,,True,ok,,True,ok,,0,ok,,53,ok,,0,ok,,0,ok,,0,ok,,55,ok,,1.31,ok,,False,ok,,0,ok,,none,not_applicable,the prompt contains no time expression at all,False,ok,,0,ok,,,not_applicable,"the prompt names no year, so there is no earliest year",,not_applicable,"the prompt names no year, so there is no latest year",,not_applicable,"the prompt names no year, so the window has no width; reporting 0 here would look like a single-year constraint",False,ok,,False,ok,,0,ok,,False,ok,,False,ok,,,not_applicable,the prompt is not phrased as a comparison,False,ok,,False,ok,,False,ok,,False,ok,,0,ok,,1,ok,,2,ok,,1,ok,,Coding,ok,,2.0,ok,,,not_applicable,no domain lexicon matched this prompt,en,ok,,1.0,ok,,True,ok,,0.029,ok,,0,ok,,0,ok,,False,ok,,0,ok,,0.794,ok,,False,ok,,0,ok,,0.0,ok,,False,ok,,False,ok,,,not_applicable,the prompt does not ask for a particular output format,False,ok,,False,ok,,0.0,ok,,False,ok,,False,ok,,0.998,ok,,0,ok,,False,ok,,0,ok,,0,ok,,0,ok,,1,ok,,False,ok,,False,ok,,False,ok,,0.0,ok,,1.0,ok,,0.083,ok,,0.811,ok,,0.0,ok,,0.433,ok,,10.0,False,False,False,False,False,21,False,10,35.2,6.779052703405953,False
3612,0.7666666666666666,23,30,chemistry,887,ok,,174,ok,,474,ok,,9,ok,,11,ok,,13,ok,,19.33,ok,,4.85,ok,,16,ok,,0.204,ok,,2.72,ok,,0.188,ok,,0.196,ok,,0.22,ok,,0.254,ok,,-0.34,ok,,True,ok,,105.22,ok,,3.52,ok,,2.28,ok,,15.87,ok,,8,ok,,0.046,ok,,1.22,ok,,6,ok,,0.344,ok,,3.318,ok,,9.68,ok,,3.76,ok,,4.58,ok,,0.312,ok,,63,ok,,3.38,ok,,0.0,ok,,44,ok,,0.473,ok,,0.714,ok,,43,ok,,6,ok,,other,not_applicable,"no interrogative wh-word appears in the prompt, so there is no question word to report",,not_applicable,"the prompt has 0 distinct wh-word(s), so there is no second one",0,ok,,0,ok,,0,ok,,False,ok,,False,ok,,False,ok,,True,ok,,evaluate,ok,,1,ok,,False,ok,,False,ok,,,not_applicable,the prompt does not state how many items it wants,8,ok,,1,ok,,32,ok,,2,ok,,0,ok,,1,ok,,0,ok,,0,ok,,40,ok,,0,ok,,0,ok,,0,ok,,False,ok,,False,ok,,False,ok,,False,ok,,True,ok,,22,ok,,62,ok,,0,ok,,0,ok,,0,ok,,85,ok,,1.349,ok,,False,ok,,0,ok,,none,not_applicable,the prompt contains no time expression at all,False,ok,,0,ok,,,not_applicable,"the prompt names no year, so there is no earliest year",,not_applicable,"the prompt names no year, so there is no latest year",,not_applicable,"the prompt names no year, so the window has no width; reporting 0 here would look like a single-year constraint",False,ok,,False,ok,,0,ok,,False,ok,,True,ok,,2.0,ok,,False,ok,,False,ok,,False,ok,,False,ok,,0,ok,,2,ok,,4,ok,,1,ok,,Math,ok,,2.0,ok,,,not_applicable,no domain lexicon matched this prompt,en,ok,,1.0,ok,,True,ok,,0.024,ok,,0,ok,,0,ok,,False,ok,,0,ok,,0.867,ok,,False,ok,,0,ok,,0.0,ok,,False,ok,,False,ok,,,not_applicable,the prompt does not ask for a particular output format,False,ok,,False,ok,,0.0,ok,,False,ok,,False,ok,,0.999,ok,,0,ok,,False,ok,,0,ok,,0,ok,,0,ok,,2,ok,,False,ok,,False,ok,,False,ok,,0.0,ok,,0.917,ok,,0.5,ok,,0.73,ok,,0.0,ok,,0.54,ok,,10.0,False,False,False,False,False,24,False,10,68.0,0.0,False
3635,0.0,0,30,chemistry,120,ok,,27,ok,,49,ok,,1,ok,,5,ok,,1,ok,,27.0,ok,,3.62,ok,,10,ok,,0.125,ok,,1.81,ok,,0.108,ok,,0.225,ok,,0.25,ok,,0.033,ok,,2.04,ok,,True,ok,,90.65,ok,,5.78,ok,,-0.77,ok,,13.53,ok,,3,ok,,0.111,ok,,1.29,ok,,3,ok,,0.958,ok,,4.695,ok,,161.28,unreliable,MTLD needs about 50 tokens to stabilise; this prompt has 24,4.5,ok,,4.62,ok,,0.25,ok,,18,ok,,4.92,ok,,1.31,ok,,4,ok,,0.167,ok,,0.444,ok,,5,ok,,4,ok,,which,ok,,,not_applicable,"the prompt has 1 distinct wh-word(s), so there is no second one",1,ok,,1,ok,,1,ok,,False,ok,,True,ok,,False,ok,,False,ok,,,not_applicable,"the prompt gives no command, so there is no task verb (a content verb inside a question does not count)",1,ok,,False,ok,,False,ok,,,not_applicable,the prompt does not state how many items it wants,6,ok,,1,ok,,1,ok,,1,ok,,0,ok,,1,ok,,0,ok,,0,ok,,12,ok,,0,ok,,0,ok,,0,ok,,False,ok,,False,ok,,False,ok,,False,ok,,False,ok,,4,ok,,0,ok,,0,ok,,0,ok,,0,ok,,5,ok,,0.278,ok,,True,ok,,1,ok,,relative,ok,,False,ok,,0,ok,,,not_applicable,"the prompt names no year, so there is no earliest year",,not_applicable,"the prompt names no year, so there is no latest year",,not_applicable,"the prompt names no year, so the window has no width; reporting 0 here would look like a single-year constraint",False,ok,,False,ok,,0,ok,,False,ok,,False,ok,,,not_applicable,the prompt is not phrased as a comparison,False,ok,,False,ok,,False,ok,,False,ok,,0,ok,,0,ok,,1,ok,,1,ok,,Fact Retrieval,ok,,1.5,ok,,,not_applicable,no domain lexicon matched this prompt,en,ok,,1.0,ok,,True,ok,,0.008,ok,,0,ok,,0,ok,,False,ok,,0,ok,,0.55,ok,,False,ok,,0,ok,,0.0,ok,,False,ok,,False,ok,,,not_applicable,the prompt does not ask for a particular output format,False,ok,,False,ok,,0.0,ok,,False,ok,,False,ok,,0.992,ok,,0,ok,,True,ok,,0,ok,,0,ok,,0,ok,,1,ok,,False,ok,,False,ok,,False,ok,,0.15,ok,,0.7,ok,,0.0,ok,,0.387,ok,,0.25,ok,,0.4,ok,,4.0,False,False,False,False,False,11,False,4,9.0,1.1547005383792517,False
3941,0.0,0,30,chemistry,618,ok,,109,ok,,275,ok,,5,ok,,11,ok,,4,ok,,21.8,ok,,4.01,ok,,13,ok,,0.14,ok,,2.52,ok,,0.131,ok,,0.176,ok,,0.14,ok,,0.095,ok,,4.68,ok,,True,ok,,73.52,ok,,7.45,ok,,4.73,ok,,15.23,ok,,17,ok,,0.156,ok,,1.49,ok,,13,ok,,0.58,ok,,5.8,ok,,20.83,ok,,5.32,ok,,5.02,ok,,0.24,ok,,74,ok,,4.24,ok,,0.0,ok,,35,ok,,0.35,ok,,0.514,ok,,11,ok,,5,ok,,other,not_applicable,"no interrogative wh-word appears in the prompt, so there is no question word to report",,not_applicable,"the prompt has 0 distinct wh-word(s), so there is no second one",0,ok,,0,ok,,0,ok,,False,ok,,False,ok,,False,ok,,True,ok,,find,ok,,1,ok,,False,ok,,False,ok,,,not_applicable,the prompt does not state how many items it wants,9,ok,,7,ok,,13,ok,,5,ok,,1,ok,,5,ok,,1,ok,,0,ok,,46,ok,,1,ok,,0,ok,,0,ok,,False,ok,,False,ok,,False,ok,,True,ok,,False,ok,,0,ok,,14,ok,,0,ok,,0,ok,,0,ok,,22,ok,,0.297,ok,,True,ok,,3,ok,,range,ok,,True,ok,,0,ok,,,not_applicable,"the prompt names no year, so there is no earliest year",,not_applicable,"the prompt names no year, so there is no latest year",,not_applicable,"the prompt names no year, so the window has no width; reporting 0 here would look like a single-year constraint",False,ok,,True,ok,,2,ok,,False,ok,,False,ok,,,not_applicable,the prompt is not phrased as a comparison,False,ok,,False,ok,,False,ok,,False,ok,,0,ok,,2,ok,,3,ok,,3,ok,,Coding,ok,,2.0,ok,,science,ok,,en,ok,,1.0,ok,,True,ok,,0.008,ok,,0,ok,,0,ok,,False,ok,,0,ok,,0.81,ok,,False,ok,,0,ok,,0.0,ok,,False,ok,,False,ok,,,not_applicable,the prompt does not ask for a particular output format,False,ok,,False,ok,,0.0,ok,,False,ok,,False,ok,,0.998,ok,,0,ok,,True,ok,,0,ok,,0,ok,,0,ok,,7,ok,,False,ok,,False,ok,,False,ok,,0.15,ok,,0.878,ok,,0.167,ok,,0.661,ok,,0.75,ok,,0.738,ok,,10.0,False,False,False,False,False,79,False,10,14.4,0.5163977794943223,False
3955,0.0,0,30,chemistry,333,ok,,76,ok,,123,ok,,3,ok,,11,ok,,5,ok,,25.33,ok,,3.42,ok,,12,ok,,0.104,ok,,1.62,ok,,0.066,ok,,0.228,ok,,0.096,ok,,0.051,ok,,9.35,ok,,True,ok,,73.15,ok,,13.29,ok,,0.97,ok,,11.96,ok,,9,ok,,0.118,ok,,1.3,ok,,6,ok,,0.582,ok,,4.765,ok,,31.72,ok,,4.9,ok,,4.54,ok,,0.448,ok,,34,ok,,5.89,ok,,0.0,ok,,1,ok,,0.015,ok,,0.088,ok,,1,ok,,2,ok,,other,not_applicable,"no interrogative wh-word appears in the prompt, so there is no question word to report",,not_applicable,"the prompt has 0 distinct wh-word(s), so there is no second one",0,ok,,0,ok,,0,ok,,False,ok,,False,ok,,False,ok,,True,ok,,,not_applicable,"the prompt gives no command, so there is no task verb (a content verb inside a question does not count)",0,ok,,False,ok,,False,ok,,,not_applicable,the prompt does not state how many items it wants,8,ok,,1,ok,,8,ok,,2,ok,,0,ok,,1,ok,,0,ok,,0,ok,,11,ok,,0,ok,,0,ok,,0,ok,,False,ok,,False,ok,,False,ok,,False,ok,,False,ok,,0,ok,,10,ok,,0,ok,,0,ok,,0,ok,,11,ok,,0.324,ok,,False,ok,,0,ok,,none,not_applicable,the prompt contains no time expression at all,False,ok,,0,ok,,,not_applicable,"the prompt names no year, so there is no earliest year",,not_applicable,"the prompt names no year, so there is no latest year",,not_applicable,"the prompt names no year, so the window has no width; reporting 0 here would look like a single-year constraint",False,ok,,False,ok,,0,ok,,False,ok,,False,ok,,,not_applicable,the prompt is not phrased as a comparison,False,ok,,False,ok,,False,ok,,False,ok,,0,ok,,2,ok,,3,ok,,1,ok,,Math,ok,,1.2,ok,,science,ok,,en,ok,,1.0,ok,,True,ok,,0.0,ok,,0,ok,,0,ok,,False,ok,,0,ok,,0.579,ok,,False,ok,,0,ok,,0.0,ok,,False,ok,,False,ok,,,not_applicable,the prompt does not ask for a particular output format,False,ok,,False,ok,,0.0,ok,,False,ok,,False,ok,,0.997,ok,,0,ok,,True,ok,,0,ok,,0,ok,,0,ok,,5,ok,,False,ok,,False,ok,,False,ok,,0.15,ok,,0.811,ok,,0.167,ok,,0.122,ok,,0.0,ok,,0.263,ok,,10.0,False,False,False,False,False,56,False,10,2.2,1.3165611772087666,False
3996,0.3333333333333333,10,30,chemistry,433,ok,,63,ok,,171,ok,,4,ok,,11,ok,,3,ok,,15.75,ok,,5.04,ok,,13,ok,,0.321,ok,,2.71,ok,,0.127,ok,,0.145,ok,,0.142,ok,,0.176,ok,,8.92,ok,,True,ok,,58.74,ok,,13.94,ok,,11.95,ok,,15.1,ok,,17,ok,,0.27,ok,,1.62,ok,,11,ok,,0.83,ok,,6.044,ok,,87.39,ok,,5.34,ok,,5.2,ok,,0.264,ok,,39,ok,,4.67,ok,,0.0,ok,,8,ok,,0.151,ok,,0.462,ok,,5,ok,,7,ok,,other,not_applicable,"no interrogative wh-word appears in the prompt, so there is no question word to report",,not_applicable,"the prompt has 0 distinct wh-word(s), so there is no second one",0,ok,,0,ok,,0,ok,,False,ok,,False,ok,,False,ok,,True,ok,,find,ok,,1,ok,,False,ok,,False,ok,,,not_applicable,the prompt does not state how many items it wants,6,ok,,4,ok,,10,ok,,4,ok,,2,ok,,2,ok,,0,ok,,0,ok,,18,ok,,7,ok,,0,ok,,0,ok,,False,ok,,False,ok,,False,ok,,False,ok,,True,ok,,0,ok,,13,ok,,0,ok,,0,ok,,0,ok,,24,ok,,0.615,ok,,False,ok,,0,ok,,none,not_applicable,the prompt contains no time expression at all,False,ok,,0,ok,,,not_applicable,"the prompt names no year, so there is no earliest year",,not_applicable,"the prompt names no year, so there is no latest year",,not_applicable,"the prompt names no year, so the window has no width; reporting 0 here would look like a single-year constraint",False,ok,,False,ok,,0,ok,,False,ok,,False,ok,,,not_applicable,the prompt is not phrased as a comparison,False,ok,,False,ok,,False,ok,,False,ok,,0,ok,,1,ok,,2,ok,,1,ok,,Math,ok,,3.2,ok,,science,ok,,en,ok,,1.0,ok,,True,ok,,0.0,ok,,0,ok,,0,ok,,False,ok,,0,ok,,0.579,ok,,False,ok,,0,ok,,0.0,ok,,False,ok,,False,ok,,,not_applicable,the prompt does not ask for a particular output format,False,ok,,False,ok,,0.0,ok,,False,ok,,False,ok,,0.998,ok,,0,ok,,False,ok,,0,ok,,0,ok,,0,ok,,2,ok,,False,ok,,False,ok,,False,ok,,0.0,ok,,1.0,ok,,0.083,ok,,0.491,ok,,0.0,ok,,0.28,ok,,10.0,False,False,False,False,True,43,False,10,6.0,0.0,False
4052,0.2333333333333333,7,30,chemistry,588,ok,,125,ok,,266,ok,,5,ok,,11,ok,,2,ok,,25.0,ok,,4.2,ok,,11,ok,,0.127,ok,,2.13,ok,,0.15,ok,,0.213,ok,,0.096,ok,,0.179,ok,,2.51,ok,,True,ok,,91.34,ok,,5.12,ok,,1.3,ok,,18.61,ok,,10,ok,,0.08,ok,,1.39,ok,,5,ok,,0.507,ok,,4.272,ok,,10.83,ok,,4.49,ok,,4.84,ok,,0.211,ok,,56,ok,,4.32,ok,,0.0,ok,,18,ok,,0.254,ok,,0.339,ok,,12,ok,,4,ok,,other,not_applicable,"no interrogative wh-word appears in the prompt, so there is no question word to report",,not_applicable,"the prompt has 0 distinct wh-word(s), so there is no second one",0,ok,,0,ok,,0,ok,,False,ok,,False,ok,,False,ok,,True,ok,,calculate,ok,,1,ok,,False,ok,,False,ok,,,not_applicable,the prompt does not state how many items it wants,8,ok,,1,ok,,23,ok,,4,ok,,0,ok,,1,ok,,0,ok,,0,ok,,33,ok,,0,ok,,0,ok,,0,ok,,False,ok,,False,ok,,False,ok,,False,ok,,True,ok,,3,ok,,43,ok,,0,ok,,0,ok,,0,ok,,47,ok,,0.839,ok,,False,ok,,0,ok,,none,not_applicable,the prompt contains no time expression at all,False,ok,,0,ok,,,not_applicable,"the prompt names no year, so there is no earliest year",,not_applicable,"the prompt names no year, so there is no latest year",,not_applicable,"the prompt names no year, so the window has no width; reporting 0 here would look like a single-year constraint",False,ok,,False,ok,,0,ok,,False,ok,,False,ok,,,not_applicable,the prompt is not phrased as a comparison,False,ok,,False,ok,,False,ok,,False,ok,,0,ok,,2,ok,,3,ok,,1,ok,,Math,ok,,3.2,ok,,science,ok,,en,ok,,1.0,ok,,True,ok,,0.017,ok,,0,ok,,0,ok,,False,ok,,0,ok,,0.846,ok,,False,ok,,0,ok,,0.0,ok,,False,ok,,False,ok,,,not_applicable,the prompt does not ask for a particular output format,False,ok,,False,ok,,0.0,ok,,True,ok,,False,ok,,0.998,ok,,0,ok,,False,ok,,0,ok,,0,ok,,0,ok,,1,ok,,False,ok,,False,ok,,False,ok,,0.0,ok,,1.0,ok,,0.167,ok,,0.518,ok,,0.0,ok,,0.327,ok,,10.0,False,False,False,False,False,49,False,10,26.2,1.0327955589886446,False
4149,0.0,0,30,chemistry,507,ok,,90,ok,,244,ok,,7,ok,,11,ok,,7,ok,,12.86,ok,,5.15,ok,,16,ok,,0.261,ok,,2.71,ok,,0.162,ok,,0.178,ok,,0.109,ok,,0.223,ok,,8.77,ok,,True,ok,,66.44,ok,,12.89,ok,,7.44,ok,,16.49,ok,,12,ok,,0.133,ok,,1.7,ok,,9,ok,,0.87,ok,,5.898,ok,,98.75,unreliable,MTLD needs about 50 tokens to stabilise; this prompt has 46,5.22,ok,,5.07,ok,,0.326,ok,,30,ok,,4.78,ok,,0.0,ok,,11,ok,,0.239,ok,,0.4,ok,,7,ok,,7,ok,,what,ok,,when,ok,,2,ok,,2,ok,,1,ok,,False,ok,,True,ok,,False,ok,,False,ok,,give,ok,,2,ok,,True,ok,,False,ok,,,not_applicable,the prompt does not state how many items it wants,6,ok,,0,ok,,7,ok,,2,ok,,0,ok,,0,ok,,0,ok,,0,ok,,26,ok,,0,ok,,0,ok,,0,ok,,False,ok,,False,ok,,False,ok,,True,ok,,True,ok,,2,ok,,31,ok,,0,ok,,0,ok,,0,ok,,33,ok,,1.1,ok,,False,ok,,0,ok,,none,not_applicable,the prompt contains no time expression at all,False,ok,,0,ok,,,not_applicable,"the prompt names no year, so there is no earliest year",,not_applicable,"the prompt names no year, so there is no latest year",,not_applicable,"the prompt names no year, so the window has no width; reporting 0 here would look like a single-year constraint",False,ok,,False,ok,,0,ok,,False,ok,,False,ok,,,not_applicable,the prompt is not phrased as a comparison,False,ok,,False,ok,,True,ok,,False,ok,,0,ok,,2,ok,,3,ok,,2,ok,,Math,ok,,3.2,ok,,,not_applicable,no domain lexicon matched this prompt,en,ok,,1.0,ok,,True,ok,,0.022,ok,,0,ok,,0,ok,,False,ok,,0,ok,,0.785,ok,,False,ok,,0,ok,,0.0,ok,,False,ok,,False,ok,,,not_applicable,the prompt does not ask for a particular output format,False,ok,,False,ok,,0.0,ok,,True,ok,,False,ok,,0.998,ok,,0,ok,,False,ok,,0,ok,,0,ok,,0,ok,,3,ok,,False,ok,,False,ok,,False,ok,,0.0,ok,,0.917,ok,,0.342,ok,,0.537,ok,,0.0,ok,,0.406,ok,,10.0,False,False,False,False,False,40,False,10,19.0,0.0,False
4243,0.13333333333333333,4,30,chemistry,812,ok,,173,ok,,452,ok,,8,ok,,11,ok,,12,ok,,21.62,ok,,4.62,ok,,16,ok,,0.253,ok,,2.61,ok,,0.223,ok,,0.213,ok,,0.103,ok,,0.204,ok,,1.49,ok,,True,ok,,94.62,ok,,5.33,ok,,-0.83,ok,,16.48,ok,,10,ok,,0.058,ok,,1.37,ok,,10,ok,,0.505,ok,,4.822,ok,,15.84,ok,,4.78,ok,,4.67,ok,,0.198,ok,,72,ok,,4.03,ok,,0.0,ok,,24,ok,,0.264,ok,,0.542,ok,,42,ok,,6,ok,,which,ok,,,not_applicable,"the prompt has 1 distinct wh-word(s), so there is no second one",1,ok,,1,ok,,0,ok,,False,ok,,True,ok,,False,ok,,True,ok,,calculate,ok,,1,ok,,False,ok,,False,ok,,,not_applicable,the prompt does not state how many items it wants,9,ok,,10,ok,,32,ok,,3,ok,,9,ok,,1,ok,,0,ok,,0,ok,,55,ok,,0,ok,,0,ok,,0,ok,,False,ok,,False,ok,,False,ok,,False,ok,,True,ok,,1,ok,,92,ok,,0,ok,,0,ok,,0,ok,,103,ok,,1.431,ok,,False,ok,,0,ok,,none,not_applicable,the prompt contains no time expression at all,False,ok,,0,ok,,,not_applicable,"the prompt names no year, so there is no earliest year",,not_applicable,"the prompt names no year, so there is no latest year",,not_applicable,"the prompt names no year, so the window has no width; reporting 0 here would look like a single-year constraint",False,ok,,False,ok,,0,ok,,False,ok,,False,ok,,,not_applicable,the prompt is not phrased as a comparison,False,ok,,False,ok,,False,ok,,False,ok,,0,ok,,2,ok,,3,ok,,1,ok,,Math,ok,,3.2,ok,,,not_applicable,no domain lexicon matched this prompt,en,ok,,1.0,ok,,True,ok,,0.026,ok,,0,ok,,0,ok,,False,ok,,0,ok,,0.832,ok,,False,ok,,0,ok,,0.0,ok,,False,ok,,False,ok,,,not_applicable,the prompt does not ask for a particular output format,False,ok,,False,ok,,0.0,ok,,False,ok,,False,ok,,0.999,ok,,0,ok,,False,ok,,0,ok,,0,ok,,0,ok,,6,ok,,False,ok,,False,ok,,False,ok,,0.0,ok,,1.0,ok,,0.167,ok,,0.648,ok,,0.0,ok,,0.386,ok,,10.0,False,False,False,False,False,43,False,10,50.0,0.0,False
4277,0.3,9,30,chemistry,626,ok,,116,ok,,249,ok,,5,ok,,11,ok,,6,ok,,23.2,ok,,3.97,ok,,16,ok,,0.128,ok,,2.15,ok,,0.102,ok,,0.185,ok,,0.057,ok,,0.155,ok,,4.13,ok,,True,ok,,80.06,ok,,7.11,ok,,3.29,ok,,15.03,ok,,17,ok,,0.147,ok,,1.49,ok,,12,ok,,0.596,ok,,5.776,ok,,14.79,ok,,5.29,ok,,4.92,ok,,0.319,ok,,51,ok,,4.87,ok,,0.0,ok,,19,ok,,0.202,ok,,0.431,ok,,6,ok,,6,ok,,what,ok,,how,ok,,2,ok,,2,ok,,2,ok,,False,ok,,True,ok,,False,ok,,True,ok,,,not_applicable,"the prompt gives no command, so there is no task verb (a content verb inside a question does not count)",2,ok,,True,ok,,False,ok,,,not_applicable,the prompt does not state how many items it wants,8,ok,,3,ok,,26,ok,,4,ok,,2,ok,,0,ok,,1,ok,,0,ok,,18,ok,,0,ok,,0,ok,,0,ok,,False,ok,,False,ok,,False,ok,,False,ok,,False,ok,,0,ok,,23,ok,,0,ok,,0,ok,,0,ok,,26,ok,,0.51,ok,,False,ok,,0,ok,,none,not_applicable,the prompt contains no time expression at all,False,ok,,0,ok,,,not_applicable,"the prompt names no year, so there is no earliest year",,not_applicable,"the prompt names no year, so there is no latest year",,not_applicable,"the prompt names no year, so the window has no width; reporting 0 here would look like a single-year constraint",False,ok,,False,ok,,0,ok,,False,ok,,False,ok,,,not_applicable,the prompt is not phrased as a comparison,False,ok,,True,ok,,True,ok,,False,ok,,0,ok,,1,ok,,3,ok,,2,ok,,Fact Retrieval,ok,,0.5,ok,,science,ok,,en,ok,,1.0,ok,,True,ok,,0.0,ok,,0,ok,,0,ok,,False,ok,,0,ok,,0.773,ok,,False,ok,,0,ok,,0.0,ok,,False,ok,,False,ok,,,not_applicable,the prompt does not ask for a particular output format,False,ok,,False,ok,,0.0,ok,,False,ok,,False,ok,,0.997,ok,,0,ok,,False,ok,,0,ok,,1,ok,,0,ok,,2,ok,,False,ok,,False,ok,,False,ok,,0.0,ok,,1.0,ok,,0.342,ok,,0.461,ok,,0.0,ok,,0.376,ok,,10.0,False,False,False,False,False,66,False,10,19.1,0.3162277660168379,False
4293,0.0,0,30,chemistry,472,ok,,92,ok,,188,ok,,4,ok,,11,ok,,6,ok,,23.0,ok,,4.02,ok,,13,ok,,0.188,ok,,2.04,ok,,0.074,ok,,0.195,ok,,0.043,ok,,0.085,ok,,4.93,ok,,True,ok,,80.22,ok,,7.64,ok,,3.38,ok,,12.45,ok,,18,ok,,0.196,ok,,1.36,ok,,6,ok,,0.682,ok,,6.291,ok,,57.04,ok,,5.59,ok,,4.79,ok,,0.365,ok,,54,ok,,5.15,ok,,0.0,ok,,13,ok,,0.153,ok,,0.333,ok,,9,ok,,7,ok,,how,ok,,,not_applicable,"the prompt has 1 distinct wh-word(s), so there is no second one",1,ok,,1,ok,,0,ok,,False,ok,,True,ok,,False,ok,,False,ok,,,not_applicable,"the prompt gives no command, so there is no task verb (a content verb inside a question does not count)",0,ok,,False,ok,,False,ok,,,not_applicable,the prompt does not state how many items it wants,10,ok,,0,ok,,10,ok,,3,ok,,0,ok,,0,ok,,0,ok,,0,ok,,17,ok,,0,ok,,0,ok,,0,ok,,False,ok,,False,ok,,False,ok,,False,ok,,False,ok,,0,ok,,17,ok,,2,ok,,0,ok,,1,ok,,19,ok,,0.352,ok,,False,ok,,0,ok,,none,not_applicable,the prompt contains no time expression at all,False,ok,,0,ok,,,not_applicable,"the prompt names no year, so there is no earliest year",,not_applicable,"the prompt names no year, so there is no latest year",,not_applicable,"the prompt names no year, so the window has no width; reporting 0 here would look like a single-year constraint",False,ok,,False,ok,,0,ok,,False,ok,,False,ok,,,not_applicable,the prompt is not phrased as a comparison,False,ok,,True,ok,,True,ok,,False,ok,,0,ok,,3,ok,,5,ok,,4,ok,,Math,ok,,1.2,ok,,,not_applicable,no domain lexicon matched this prompt,en,ok,,1.0,ok,,True,ok,,0.013,ok,,0,ok,,0,ok,,False,ok,,0,ok,,0.647,ok,,False,ok,,0,ok,,0.0,ok,,False,ok,,False,ok,,,not_applicable,the prompt does not ask for a particular output format,True,ok,,False,ok,,0.0,ok,,False,ok,,False,ok,,0.998,ok,,0,ok,,False,ok,,0,ok,,1,ok,,0,ok,,5,ok,,False,ok,,False,ok,,False,ok,,0.0,ok,,0.911,ok,,0.25,ok,,0.366,ok,,0.0,ok,,0.296,ok,,10.0,False,False,False,False,False,66,False,10,7.2,0.6324555320336759,False
4299,0.06666666666666667,2,30,chemistry,671,ok,,121,ok,,272,ok,,4,ok,,11,ok,,8,ok,,30.25,ok,,4.32,ok,,14,ok,,0.167,ok,,2.25,ok,,0.125,ok,,0.18,ok,,0.078,ok,,0.156,ok,,2.41,ok,,True,ok,,86.92,ok,,5.1,ok,,1.48,ok,,14.86,ok,,16,ok,,0.132,ok,,1.45,ok,,9,ok,,0.646,ok,,6.328,ok,,20.28,ok,,5.49,ok,,4.87,ok,,0.333,ok,,62,ok,,5.02,ok,,0.0,ok,,6,ok,,0.062,ok,,0.226,ok,,16,ok,,6,ok,,which,ok,,what,ok,,2,ok,,2,ok,,1,ok,,False,ok,,True,ok,,False,ok,,False,ok,,,not_applicable,"the prompt gives no command, so there is no task verb (a content verb inside a question does not count)",1,ok,,False,ok,,False,ok,,,not_applicable,the prompt does not state how many items it wants,10,ok,,10,ok,,29,ok,,5,ok,,0,ok,,9,ok,,0,ok,,1,ok,,30,ok,,3,ok,,0,ok,,0,ok,,False,ok,,False,ok,,False,ok,,True,ok,,False,ok,,1,ok,,35,ok,,0,ok,,0,ok,,0,ok,,49,ok,,0.79,ok,,True,ok,,1,ok,,relative,ok,,False,ok,,0,ok,,,not_applicable,"the prompt names no year, so there is no earliest year",,not_applicable,"the prompt names no year, so there is no latest year",,not_applicable,"the prompt names no year, so the window has no width; reporting 0 here would look like a single-year constraint",False,ok,,True,ok,,2,ok,,False,ok,,False,ok,,,not_applicable,the prompt is not phrased as a comparison,False,ok,,True,ok,,False,ok,,False,ok,,0,ok,,1,ok,,3,ok,,3,ok,,Coding,ok,,3.0,ok,,,not_applicable,no domain lexicon matched this prompt,en,ok,,1.0,ok,,True,ok,,0.001,ok,,0,ok,,0,ok,,False,ok,,0,ok,,0.812,ok,,False,ok,,0,ok,,0.0,ok,,False,ok,,False,ok,,,not_applicable,the prompt does not ask for a particular output format,False,ok,,False,ok,,0.0,ok,,False,ok,,False,ok,,0.999,ok,,0,ok,,True,ok,,0,ok,,0,ok,,0,ok,,3,ok,,False,ok,,False,ok,,False,ok,,0.15,ok,,1.0,ok,,0.167,ok,,0.286,ok,,0.25,ok,,0.507,ok,,10.0,False,False,False,False,False,71,False,10,23.0,0.0,False
4315,0.0,0,30,chemistry,364,ok,,71,ok,,165,ok,,5,ok,,11,ok,,3,ok,,14.2,ok,,3.18,ok,,9,ok,,0.123,ok,,2.32,ok,,0.11,ok,,0.195,ok,,0.081,ok,,0.151,ok,,0.39,ok,,True,ok,,100.58,ok,,3.58,ok,,-1.26,ok,,15.6,ok,,6,ok,,0.085,ok,,1.22,ok,,3,ok,,0.462,ok,,3.721,ok,,11.68,ok,,4.27,ok,,4.78,ok,,0.246,ok,,36,ok,,5.11,ok,,2.48,ok,,7,ok,,0.108,ok,,0.222,ok,,0,ok,,2,ok,,other,not_applicable,"no interrogative wh-word appears in the prompt, so there is no question word to report",,not_applicable,"the prompt has 0 distinct wh-word(s), so there is no second one",0,ok,,0,ok,,0,ok,,False,ok,,False,ok,,False,ok,,True,ok,,calculate,ok,,1,ok,,False,ok,,False,ok,,,not_applicable,the prompt does not state how many items it wants,7,ok,,4,ok,,17,ok,,4,ok,,1,ok,,2,ok,,0,ok,,1,ok,,22,ok,,1,ok,,0,ok,,0,ok,,False,ok,,False,ok,,False,ok,,False,ok,,True,ok,,0,ok,,16,ok,,0,ok,,0,ok,,0,ok,,21,ok,,0.583,ok,,False,ok,,0,ok,,none,not_applicable,the prompt contains no time expression at all,False,ok,,0,ok,,,not_applicable,"the prompt names no year, so there is no earliest year",,not_applicable,"the prompt names no year, so there is no latest year",,not_applicable,"the prompt names no year, so the window has no width; reporting 0 here would look like a single-year constraint",False,ok,,False,ok,,0,ok,,False,ok,,False,ok,,,not_applicable,the prompt is not phrased as a comparison,False,ok,,False,ok,,False,ok,,False,ok,,0,ok,,2,ok,,3,ok,,1,ok,,Math,ok,,3.2,ok,,,not_applicable,no domain lexicon matched this prompt,en,ok,,1.0,ok,,True,ok,,0.003,ok,,0,ok,,0,ok,,False,ok,,0,ok,,0.74,ok,,False,ok,,0,ok,,0.0,ok,,False,ok,,False,ok,,,not_applicable,the prompt does not ask for a particular output format,False,ok,,False,ok,,0.0,ok,,False,ok,,False,ok,,0.995,ok,,0,ok,,False,ok,,0,ok,,0,ok,,0,ok,,3,ok,,False,ok,,False,ok,,False,ok,,0.0,ok,,1.0,ok,,0.167,ok,,0.333,ok,,0.0,ok,,0.244,ok,,10.0,False,False,False,False,False,41,False,10,11.8,0.4216370213557839,False
4348,1.0,30,30,chemistry,113,ok,,31,ok,,65,ok,,2,ok,,11,ok,,2,ok,,15.5,ok,,3.33,ok,,7,ok,,0.095,ok,,2.1,ok,,0.097,ok,,0.274,ok,,0.207,ok,,0.115,ok,,10.58,ok,,True,ok,,74.4,ok,,13.69,ok,,-3.47,ok,,16.89,ok,,4,ok,,0.129,ok,,1.29,ok,,1,ok,,0.952,ok,,4.364,ok,,123.48,unreliable,MTLD needs about 50 tokens to stabilise; this prompt has 21,4.3,ok,,4.7,ok,,0.238,ok,,16,ok,,5.49,ok,,0.0,ok,,2,ok,,0.095,ok,,0.125,ok,,1,ok,,4,ok,,other,not_applicable,"no interrogative wh-word appears in the prompt, so there is no question word to report",,not_applicable,"the prompt has 0 distinct wh-word(s), so there is no second one",0,ok,,0,ok,,0,ok,,False,ok,,False,ok,,False,ok,,False,ok,,,not_applicable,"the prompt gives no command, so there is no task verb (a content verb inside a question does not count)",0,ok,,False,ok,,False,ok,,,not_applicable,the prompt does not state how many items it wants,7,ok,,0,ok,,2,ok,,1,ok,,0,ok,,0,ok,,0,ok,,0,ok,,9,ok,,0,ok,,0,ok,,0,ok,,False,ok,,False,ok,,False,ok,,False,ok,,False,ok,,1,ok,,10,ok,,0,ok,,0,ok,,0,ok,,11,ok,,0.688,ok,,False,ok,,0,ok,,none,not_applicable,the prompt contains no time expression at all,False,ok,,0,ok,,,not_applicable,"the prompt names no year, so there is no earliest year",,not_applicable,"the prompt names no year, so there is no latest year",,not_applicable,"the prompt names no year, so the window has no width; reporting 0 here would look like a single-year constraint",False,ok,,False,ok,,0,ok,,False,ok,,False,ok,,,not_applicable,the prompt is not phrased as a comparison,False,ok,,True,ok,,False,ok,,False,ok,,0,ok,,2,ok,,4,ok,,1,ok,,Reasoning,not_applicable,"no category lexicon matched, so the category defaults to Reasoning",0.0,ok,,science,ok,,en,ok,,1.0,ok,,True,ok,,0.0,ok,,0,ok,,0,ok,,False,ok,,0,ok,,0.49,ok,,False,ok,,0,ok,,0.0,ok,,False,ok,,False,ok,,,not_applicable,the prompt does not ask for a particular output format,False,ok,,False,ok,,0.0,ok,,False,ok,,False,ok,,0.991,ok,,0,ok,,False,ok,,0,ok,,0,ok,,0,ok,,1,ok,,False,ok,,False,ok,,False,ok,,0.0,ok,,0.833,ok,,0.25,ok,,0.263,ok,,0.0,ok,,0.253,ok,,10.0,False,False,False,False,False,11,False,10,1.1,0.3162277660168379,False
4433,0.03333333333333333,1,30,chemistry,435,ok,,92,ok,,181,ok,,3,ok,,11,ok,,5,ok,,30.67,ok,,3.63,ok,,13,ok,,0.143,ok,,1.97,ok,,0.097,ok,,0.211,ok,,0.117,ok,,0.126,ok,,3.32,ok,,True,ok,,83.06,ok,,6.83,ok,,-0.38,ok,,14.61,ok,,11,ok,,0.12,ok,,1.47,ok,,9,ok,,0.643,ok,,5.379,ok,,20.42,ok,,5.28,ok,,4.92,ok,,0.314,ok,,37,ok,,5.4,ok,,2.84,ok,,2,ok,,0.029,ok,,0.378,ok,,2,ok,,3,ok,,what,ok,,,not_applicable,"the prompt has 1 distinct wh-word(s), so there is no second one",1,ok,,1,ok,,1,ok,,False,ok,,True,ok,,False,ok,,False,ok,,,not_applicable,"the prompt gives no command, so there is no task verb (a content verb inside a question does not count)",2,ok,,True,ok,,False,ok,,,not_applicable,the prompt does not state how many items it wants,8,ok,,1,ok,,8,ok,,4,ok,,1,ok,,0,ok,,0,ok,,0,ok,,32,ok,,2,ok,,0,ok,,0,ok,,False,ok,,False,ok,,False,ok,,False,ok,,False,ok,,0,ok,,25,ok,,0,ok,,0,ok,,1,ok,,28,ok,,0.757,ok,,False,ok,,0,ok,,none,not_applicable,the prompt contains no time expression at all,False,ok,,0,ok,,,not_applicable,"the prompt names no year, so there is no earliest year",,not_applicable,"the prompt names no year, so there is no latest year",,not_applicable,"the prompt names no year, so the window has no width; reporting 0 here would look like a single-year constraint",False,ok,,False,ok,,0,ok,,False,ok,,False,ok,,,not_applicable,the prompt is not phrased as a comparison,False,ok,,False,ok,,True,ok,,False,ok,,0,ok,,1,ok,,2,ok,,3,ok,,Coding,ok,,1.0,ok,,science,ok,,en,ok,,1.0,ok,,True,ok,,0.014,ok,,0,ok,,2,ok,,False,ok,,0,ok,,0.725,ok,,False,ok,,0,ok,,0.0,ok,,False,ok,,False,ok,,,not_applicable,the prompt does not ask for a particular output format,False,ok,,False,ok,,0.0,ok,,False,ok,,False,ok,,0.998,ok,,0,ok,,False,ok,,0,ok,,1,ok,,0,ok,,3,ok,,False,ok,,False,ok,,False,ok,,0.0,ok,,1.0,ok,,0.258,ok,,0.267,ok,,0.0,ok,,0.257,ok,,10.0,False,False,False,False,False,48,False,10,12.6,1.776388345929897,False
4437,1.0,30,30,chemistry,585,ok,,126,ok,,273,ok,,3,ok,,11,ok,,3,ok,,42.0,ok,,3.66,ok,,11,ok,,0.123,ok,,2.17,ok,,0.116,ok,,0.215,ok,,0.203,ok,,0.265,ok,,-0.49,ok,,True,ok,,104.4,ok,,2.84,ok,,-3.22,ok,,16.73,ok,,9,ok,,0.071,ok,,1.25,ok,,4,ok,,0.507,ok,,4.331,ok,,11.45,ok,,4.49,ok,,4.87,ok,,0.192,ok,,59,ok,,4.7,ok,,0.0,ok,,4,ok,,0.055,ok,,0.288,ok,,22,ok,,4,ok,,other,not_applicable,"no interrogative wh-word appears in the prompt, so there is no question word to report",,not_applicable,"the prompt has 0 distinct wh-word(s), so there is no second one",0,ok,,0,ok,,0,ok,,False,ok,,False,ok,,False,ok,,True,ok,,,not_applicable,"the prompt gives no command, so there is no task verb (a content verb inside a question does not count)",0,ok,,False,ok,,False,ok,,,not_applicable,the prompt does not state how many items it wants,11,ok,,0,ok,,30,ok,,2,ok,,0,ok,,0,ok,,0,ok,,0,ok,,41,ok,,1,ok,,0,ok,,0,ok,,False,ok,,False,ok,,False,ok,,True,ok,,True,ok,,0,ok,,32,ok,,0,ok,,0,ok,,21,ok,,33,ok,,0.559,ok,,True,ok,,1,ok,,relative,ok,,False,ok,,0,ok,,,not_applicable,"the prompt names no year, so there is no earliest year",,not_applicable,"the prompt names no year, so there is no latest year",,not_applicable,"the prompt names no year, so the window has no width; reporting 0 here would look like a single-year constraint",False,ok,,False,ok,,0,ok,,False,ok,,False,ok,,,not_applicable,the prompt is not phrased as a comparison,False,ok,,False,ok,,False,ok,,False,ok,,0,ok,,2,ok,,3,ok,,4,ok,,Coding,ok,,2.0,ok,,,not_applicable,no domain lexicon matched this prompt,en,ok,,1.0,ok,,True,ok,,0.0,ok,,0,ok,,0,ok,,False,ok,,0,ok,,0.763,ok,,False,ok,,0,ok,,0.0,ok,,False,ok,,False,ok,,,not_applicable,the prompt does not ask for a particular output format,True,ok,,False,ok,,0.0,ok,,False,ok,,False,ok,,0.998,ok,,0,ok,,False,ok,,0,ok,,0,ok,,0,ok,,2,ok,,False,ok,,False,ok,,False,ok,,0.0,ok,,0.917,ok,,0.167,ok,,0.312,ok,,0.25,ok,,0.339,ok,,10.0,False,False,False,False,False,36,False,10,33.9,0.3162277660168379,False
4448,0.03333333333333333,1,30,chemistry,587,ok,,61,ok,,278,ok,,3,ok,,11,ok,,3,ok,,20.33,ok,,8.86,ok,,19,ok,,0.448,ok,,4.56,ok,,0.296,ok,,0.106,ok,,0.043,ok,,0.082,ok,,10.56,ok,,True,ok,,29.23,ok,,16.64,ok,,12.24,ok,,14.78,ok,,19,ok,,0.311,ok,,2.09,ok,,22,ok,,0.724,ok,,5.515,ok,,39.67,ok,,5.02,ok,,4.67,ok,,0.224,ok,,45,ok,,3.55,ok,,0.0,ok,,24,ok,,0.414,ok,,0.556,ok,,20,ok,,11,ok,,other,not_applicable,"no interrogative wh-word appears in the prompt, so there is no question word to report",,not_applicable,"the prompt has 0 distinct wh-word(s), so there is no second one",0,ok,,0,ok,,0,ok,,False,ok,,False,ok,,False,ok,,True,ok,,calculate,ok,,1,ok,,False,ok,,False,ok,,,not_applicable,the prompt does not state how many items it wants,9,ok,,1,ok,,4,ok,,3,ok,,0,ok,,1,ok,,0,ok,,0,ok,,18,ok,,0,ok,,0,ok,,0,ok,,False,ok,,False,ok,,False,ok,,False,ok,,True,ok,,0,ok,,33,ok,,1,ok,,2,ok,,0,ok,,37,ok,,0.822,ok,,False,ok,,0,ok,,none,not_applicable,the prompt contains no time expression at all,False,ok,,0,ok,,,not_applicable,"the prompt names no year, so there is no earliest year",,not_applicable,"the prompt names no year, so there is no latest year",,not_applicable,"the prompt names no year, so the window has no width; reporting 0 here would look like a single-year constraint",False,ok,,False,ok,,0,ok,,False,ok,,False,ok,,,not_applicable,the prompt is not phrased as a comparison,False,ok,,False,ok,,False,ok,,False,ok,,0,ok,,1,ok,,2,ok,,1,ok,,Math,ok,,3.2,ok,,legal,ok,,en,ok,,1.0,ok,,True,ok,,0.0,ok,,0,ok,,0,ok,,False,ok,,0,ok,,0.881,ok,,False,ok,,0,ok,,0.0,ok,,False,ok,,False,ok,,,not_applicable,the prompt does not ask for a particular output format,False,ok,,False,ok,,0.0,ok,,False,ok,,False,ok,,0.997,ok,,0,ok,,False,ok,,0,ok,,0,ok,,0,ok,,3,ok,,False,ok,,False,ok,,False,ok,,0.0,ok,,1.0,ok,,0.083,ok,,0.716,ok,,0.0,ok,,0.388,ok,,10.0,False,False,False,False,True,31,False,10,37.1,0.3162277660168379,False
4498,0.03333333333333333,1,30,chemistry,442,ok,,86,ok,,188,ok,,3,ok,,11,ok,,6,ok,,28.67,ok,,3.64,ok,,15,ok,,0.107,ok,,2.19,ok,,0.093,ok,,0.195,ok,,0.105,ok,,0.147,ok,,3.45,ok,,True,ok,,81.44,ok,,5.46,ok,,1.86,ok,,15.06,ok,,13,ok,,0.151,ok,,1.31,ok,,6,ok,,0.613,ok,,5.312,ok,,15.78,ok,,4.99,ok,,4.85,ok,,0.267,ok,,52,ok,,5.15,ok,,2.01,ok,,2,ok,,0.027,ok,,0.077,ok,,5,ok,,3,ok,,other,not_applicable,"no interrogative wh-word appears in the prompt, so there is no question word to report",,not_applicable,"the prompt has 0 distinct wh-word(s), so there is no second one",0,ok,,0,ok,,0,ok,,False,ok,,False,ok,,False,ok,,False,ok,,,not_applicable,"the prompt gives no command, so there is no task verb (a content verb inside a question does not count)",0,ok,,False,ok,,False,ok,,,not_applicable,the prompt does not state how many items it wants,8,ok,,1,ok,,8,ok,,3,ok,,1,ok,,0,ok,,0,ok,,0,ok,,37,ok,,0,ok,,0,ok,,0,ok,,False,ok,,False,ok,,False,ok,,False,ok,,True,ok,,0,ok,,23,ok,,0,ok,,0,ok,,2,ok,,24,ok,,0.462,ok,,False,ok,,0,ok,,none,not_applicable,the prompt contains no time expression at all,False,ok,,0,ok,,,not_applicable,"the prompt names no year, so there is no earliest year",,not_applicable,"the prompt names no year, so there is no latest year",,not_applicable,"the prompt names no year, so the window has no width; reporting 0 here would look like a single-year constraint",False,ok,,False,ok,,0,ok,,False,ok,,False,ok,,,not_applicable,the prompt is not phrased as a comparison,False,ok,,False,ok,,True,ok,,False,ok,,0,ok,,2,ok,,3,ok,,3,ok,,Math,ok,,3.2,ok,,science,ok,,en,ok,,1.0,ok,,True,ok,,0.005,ok,,0,ok,,0,ok,,False,ok,,0,ok,,0.791,ok,,False,ok,,0,ok,,0.0,ok,,False,ok,,False,ok,,,not_applicable,the prompt does not ask for a particular output format,False,ok,,False,ok,,0.0,ok,,False,ok,,False,ok,,0.998,ok,,0,ok,,False,ok,,0,ok,,0,ok,,0,ok,,5,ok,,False,ok,,False,ok,,False,ok,,0.0,ok,,0.977,ok,,0.167,ok,,0.204,ok,,0.0,ok,,0.185,ok,,10.0,False,False,False,False,False,56,False,10,12.0,0.0,False
4556,0.03333333333333333,1,30,chemistry,1025,ok,,200,ok,,416,ok,,7,ok,,11,ok,,12,ok,,28.57,ok,,4.37,ok,,30,ok,,0.166,ok,,2.08,ok,,0.096,ok,,0.195,ok,,0.074,ok,,0.104,ok,,4.67,ok,,True,ok,,80.35,ok,,6.89,ok,,5.4,ok,,13.6,ok,,20,ok,,0.1,ok,,1.41,ok,,13,ok,,0.471,ok,,5.906,ok,,18.53,ok,,5.56,ok,,4.92,ok,,0.331,ok,,99,ok,,4.75,ok,,0.0,ok,,27,ok,,0.172,ok,,0.283,ok,,24,ok,,9,ok,,which,ok,,how,ok,,2,ok,,2,ok,,1,ok,,False,ok,,True,ok,,False,ok,,False,ok,,,not_applicable,"the prompt gives no command, so there is no task verb (a content verb inside a question does not count)",2,ok,,True,ok,,False,ok,,,not_applicable,the prompt does not state how many items it wants,9,ok,,3,ok,,24,ok,,5,ok,,0,ok,,1,ok,,0,ok,,2,ok,,33,ok,,0,ok,,0,ok,,0,ok,,False,ok,,False,ok,,False,ok,,False,ok,,True,ok,,3,ok,,37,ok,,2,ok,,0,ok,,11,ok,,45,ok,,0.455,ok,,True,ok,,1,ok,,relative,ok,,False,ok,,0,ok,,,not_applicable,"the prompt names no year, so there is no earliest year",,not_applicable,"the prompt names no year, so there is no latest year",,not_applicable,"the prompt names no year, so the window has no width; reporting 0 here would look like a single-year constraint",False,ok,,False,ok,,0,ok,,False,ok,,False,ok,,,not_applicable,the prompt is not phrased as a comparison,True,ok,,True,ok,,True,ok,,False,ok,,0,ok,,3,ok,,5,ok,,4,ok,,Math,ok,,2.0,ok,,business,ok,,en,ok,,1.0,ok,,True,ok,,0.01,ok,,0,ok,,0,ok,,False,ok,,0,ok,,0.841,ok,,False,ok,,0,ok,,0.0,ok,,False,ok,,False,ok,,,not_applicable,the prompt does not ask for a particular output format,False,ok,,False,ok,,0.0,ok,,False,ok,,False,ok,,0.999,ok,,0,ok,,True,ok,,0,ok,,1,ok,,0,ok,,7,ok,,False,ok,,False,ok,,False,ok,,0.15,ok,,0.973,ok,,0.425,ok,,0.392,ok,,0.25,ok,,0.541,ok,,10.0,False,False,True,False,False,130,True,10,22.0,0.0,False
4648,0.0,0,30,chemistry,351,ok,,71,ok,,191,ok,,5,ok,,11,ok,,5,ok,,14.2,ok,,3.67,ok,,9,ok,,0.156,ok,,2.69,ok,,0.162,ok,,0.202,ok,,0.193,ok,,0.205,ok,,5.67,ok,,True,ok,,85.11,ok,,8.64,ok,,1.4,ok,,15.93,ok,,11,ok,,0.155,ok,,1.36,ok,,3,ok,,0.889,ok,,5.963,ok,,113.4,unreliable,MTLD needs about 50 tokens to stabilise; this prompt has 45,5.25,ok,,4.85,ok,,0.4,ok,,25,ok,,5.4,ok,,0.0,ok,,4,ok,,0.089,ok,,0.2,ok,,4,ok,,6,ok,,other,not_applicable,"no interrogative wh-word appears in the prompt, so there is no question word to report",,not_applicable,"the prompt has 0 distinct wh-word(s), so there is no second one",0,ok,,0,ok,,0,ok,,False,ok,,False,ok,,False,ok,,True,ok,,calculate,ok,,1,ok,,False,ok,,False,ok,,,not_applicable,the prompt does not state how many items it wants,10,ok,,1,ok,,21,ok,,3,ok,,0,ok,,1,ok,,0,ok,,0,ok,,16,ok,,0,ok,,0,ok,,0,ok,,False,ok,,False,ok,,False,ok,,False,ok,,True,ok,,0,ok,,25,ok,,0,ok,,0,ok,,0,ok,,26,ok,,1.04,ok,,True,ok,,1,ok,,relative,ok,,False,ok,,0,ok,,,not_applicable,"the prompt names no year, so there is no earliest year",,not_applicable,"the prompt names no year, so there is no latest year",,not_applicable,"the prompt names no year, so the window has no width; reporting 0 here would look like a single-year constraint",False,ok,,False,ok,,0,ok,,False,ok,,False,ok,,,not_applicable,the prompt is not phrased as a comparison,False,ok,,False,ok,,False,ok,,False,ok,,0,ok,,2,ok,,3,ok,,2,ok,,Math,ok,,3.2,ok,,,not_applicable,no domain lexicon matched this prompt,en,ok,,1.0,ok,,True,ok,,0.003,ok,,0,ok,,0,ok,,False,ok,,0,ok,,0.732,ok,,False,ok,,0,ok,,0.0,ok,,False,ok,,False,ok,,,not_applicable,the prompt does not ask for a particular output format,False,ok,,False,ok,,0.0,ok,,False,ok,,False,ok,,0.997,ok,,0,ok,,True,ok,,0,ok,,0,ok,,0,ok,,2,ok,,False,ok,,False,ok,,False,ok,,0.15,ok,,1.0,ok,,0.167,ok,,0.334,ok,,0.25,ok,,0.436,ok,,10.0,False,False,True,False,False,41,False,10,10.0,0.0,False
4708,0.13333333333333333,4,30,history,422,ok,,50,ok,,100,ok,,2,ok,,11,ok,,2,ok,,25.0,ok,,7.04,ok,,13,ok,,0.604,ok,,2.0,ok,,0.104,ok,,0.118,ok,,0.034,ok,,0.0,ok,,16.57,ok,,True,ok,,-14.82,ok,,22.8,ok,,18.88,ok,,16.83,ok,,18,ok,,0.36,ok,,2.62,ok,,26,ok,,0.688,ok,,4.763,ok,,37.51,unreliable,MTLD needs about 50 tokens to stabilise; this prompt has 48,4.91,ok,,4.4,ok,,0.125,ok,,42,ok,,4.53,ok,,0.0,ok,,6,ok,,0.125,ok,,0.262,ok,,6,ok,,4,ok,,other,not_applicable,"no interrogative wh-word appears in the prompt, so there is no question word to report",,not_applicable,"the prompt has 0 distinct wh-word(s), so there is no second one",0,ok,,0,ok,,0,ok,,False,ok,,False,ok,,False,ok,,False,ok,,,not_applicable,"the prompt gives no command, so there is no task verb (a content verb inside a question does not count)",0,ok,,False,ok,,False,ok,,,not_applicable,the prompt does not state how many items it wants,7,ok,,1,ok,,1,ok,,1,ok,,0,ok,,1,ok,,0,ok,,0,ok,,10,ok,,0,ok,,0,ok,,0,ok,,False,ok,,False,ok,,False,ok,,False,ok,,False,ok,,0,ok,,0,ok,,0,ok,,0,ok,,0,ok,,1,ok,,0.024,ok,,False,ok,,0,ok,,none,not_applicable,the prompt contains no time expression at all,False,ok,,0,ok,,,not_applicable,"the prompt names no year, so there is no earliest year",,not_applicable,"the prompt names no year, so there is no latest year",,not_applicable,"the prompt names no year, so the window has no width; reporting 0 here would look like a single-year constraint",False,ok,,False,ok,,0,ok,,False,ok,,False,ok,,,not_applicable,the prompt is not phrased as a comparison,False,ok,,False,ok,,False,ok,,False,ok,,0,ok,,2,ok,,3,ok,,0,ok,,Fact Retrieval,ok,,0.5,ok,,,not_applicable,no domain lexicon matched this prompt,en,ok,,1.0,ok,,True,ok,,0.0,ok,,0,ok,,0,ok,,False,ok,,0,ok,,0.593,ok,,False,ok,,0,ok,,0.0,ok,,False,ok,,False,ok,,,not_applicable,the prompt does not ask for a particular output format,False,ok,,False,ok,,0.0,ok,,False,ok,,False,ok,,0.998,ok,,0,ok,,False,ok,,0,ok,,0,ok,,0,ok,,2,ok,,False,ok,,False,ok,,False,ok,,0.0,ok,,0.323,ok,,0.167,ok,,0.354,ok,,0.0,ok,,0.253,ok,,10.0,False,False,False,False,False,20,False,10,22.1,3.784471194529326,False
4715,0.06666666666666667,2,30,history,1706,ok,,316,ok,,383,ok,,15,ok,,13,ok,,50,ok,,21.07,ok,,4.26,ok,,11,ok,,0.171,ok,,1.21,ok,,0.028,ok,,0.187,ok,,0.037,ok,,0.002,ok,,6.2,ok,,True,ok,,74.07,ok,,7.55,ok,,6.55,ok,,8.64,ok,,45,ok,,0.142,ok,,1.41,ok,,23,ok,,0.535,ok,,9.507,ok,,60.45,ok,,6.76,ok,,4.4,ok,,0.509,ok,,155,ok,,5.8,ok,,1.41,ok,,5,ok,,0.016,ok,,0.116,ok,,0,ok,,3,ok,,who,ok,,which,ok,,2,ok,,2,ok,,3,ok,,False,ok,,True,ok,,False,ok,,True,ok,,,not_applicable,"the prompt gives no command, so there is no task verb (a content verb inside a question does not count)",6,ok,,True,ok,,True,ok,,,not_applicable,the prompt does not state how many items it wants,17,ok,,19,ok,,22,ok,,7,ok,,7,ok,,6,ok,,4,ok,,2,ok,,33,ok,,0,ok,,1,ok,,8,ok,,False,ok,,False,ok,,False,ok,,False,ok,,False,ok,,0,ok,,1,ok,,0,ok,,0,ok,,0,ok,,21,ok,,0.135,ok,,True,ok,,4,ok,,range,ok,,False,ok,,1,ok,,1774.0,ok,,1774.0,ok,,0.0,ok,,False,ok,,True,ok,,8,ok,,False,ok,,True,ok,,2.0,ok,,False,ok,,False,ok,,True,ok,,False,ok,,0,ok,,2,ok,,4,ok,,4,ok,,Fact Retrieval,ok,,3.0,ok,,legal,ok,,en,ok,,1.0,ok,,True,ok,,0.001,ok,,0,ok,,0,ok,,False,ok,,0,ok,,0.477,ok,,False,ok,,1,ok,,0.033,ok,,False,ok,,False,ok,,,not_applicable,the prompt does not ask for a particular output format,False,ok,,False,ok,,0.0,ok,,False,ok,,False,ok,,0.963,ok,,0,ok,,True,ok,,0,ok,,1,ok,,0,ok,,15,ok,,False,ok,,False,ok,,False,ok,,0.15,ok,,0.781,ok,,0.85,ok,,0.076,ok,,0.25,ok,,0.679,ok,,9.0,False,False,False,False,False,227,True,9,53.11111111111112,13.37389663153978,False
4724,0.0,0,30,history,1526,ok,,267,ok,,330,ok,,11,ok,,17,ok,,42,ok,,24.27,ok,,4.54,ok,,11,ok,,0.193,ok,,1.24,ok,,0.025,ok,,0.179,ok,,0.033,ok,,0.003,ok,,7.62,ok,,True,ok,,63.07,ok,,9.43,ok,,8.27,ok,,9.0,ok,,47,ok,,0.176,ok,,1.54,ok,,36,ok,,0.532,ok,,8.719,ok,,52.91,ok,,6.54,ok,,4.44,ok,,0.546,ok,,122,ok,,5.94,ok,,2.1,ok,,5,ok,,0.019,ok,,0.18,ok,,0,ok,,3,ok,,what,ok,,,not_applicable,"the prompt has 1 distinct wh-word(s), so there is no second one",1,ok,,1,ok,,0,ok,,False,ok,,True,ok,,False,ok,,True,ok,,,not_applicable,"the prompt gives no command, so there is no task verb (a content verb inside a question does not count)",0,ok,,False,ok,,False,ok,,,not_applicable,the prompt does not state how many items it wants,12,ok,,20,ok,,22,ok,,6,ok,,6,ok,,12,ok,,0,ok,,2,ok,,18,ok,,0,ok,,1,ok,,4,ok,,False,ok,,False,ok,,False,ok,,False,ok,,False,ok,,0,ok,,1,ok,,0,ok,,0,ok,,0,ok,,22,ok,,0.18,ok,,True,ok,,5,ok,,range,ok,,True,ok,,1,ok,,1987.0,ok,,1987.0,ok,,0.0,ok,,False,ok,,True,ok,,8,ok,,False,ok,,False,ok,,,not_applicable,the prompt is not phrased as a comparison,True,ok,,False,ok,,False,ok,,False,ok,,0,ok,,3,ok,,4,ok,,3,ok,,Reasoning,ok,,3.0,ok,,,not_applicable,no domain lexicon matched this prompt,en,ok,,1.0,ok,,True,ok,,0.001,ok,,0,ok,,0,ok,,False,ok,,0,ok,,0.524,ok,,False,ok,,1,ok,,0.421,ok,,False,ok,,False,ok,,,not_applicable,the prompt does not ask for a particular output format,False,ok,,False,ok,,0.0,ok,,False,ok,,False,ok,,0.968,ok,,0,ok,,True,ok,,0,ok,,0,ok,,0,ok,,16,ok,,False,ok,,False,ok,,False,ok,,0.15,ok,,0.808,ok,,0.25,ok,,0.102,ok,,0.75,ok,,0.65,ok,,10.0,False,False,False,False,False,172,True,10,47.1,13.127155907591796,False
4726,0.0,0,30,history,1016,ok,,171,ok,,239,ok,,21,ok,,14,ok,,16,ok,,8.14,ok,,4.65,ok,,14,ok,,0.233,ok,,1.4,ok,,0.046,ok,,0.171,ok,,0.072,ok,,0.006,ok,,6.28,ok,,True,ok,,63.88,ok,,8.96,ok,,7.36,ok,,9.93,ok,,45,ok,,0.263,ok,,1.62,ok,,26,ok,,0.663,ok,,8.692,ok,,53.59,ok,,6.34,ok,,4.57,ok,,0.448,ok,,95,ok,,5.7,ok,,1.57,ok,,4,ok,,0.023,ok,,0.2,ok,,0,ok,,3,ok,,what,ok,,,not_applicable,"the prompt has 1 distinct wh-word(s), so there is no second one",1,ok,,1,ok,,1,ok,,False,ok,,True,ok,,False,ok,,True,ok,,,not_applicable,"the prompt gives no command, so there is no task verb (a content verb inside a question does not count)",1,ok,,False,ok,,False,ok,,,not_applicable,the prompt does not state how many items it wants,12,ok,,21,ok,,23,ok,,10,ok,,1,ok,,7,ok,,9,ok,,4,ok,,39,ok,,0,ok,,0,ok,,0,ok,,False,ok,,False,ok,,False,ok,,False,ok,,False,ok,,0,ok,,2,ok,,0,ok,,0,ok,,0,ok,,23,ok,,0.242,ok,,True,ok,,3,ok,,range,ok,,False,ok,,1,ok,,1955.0,ok,,1955.0,ok,,0.0,ok,,False,ok,,True,ok,,4,ok,,False,ok,,False,ok,,,not_applicable,the prompt is not phrased as a comparison,True,ok,,False,ok,,False,ok,,False,ok,,0,ok,,2,ok,,3,ok,,3,ok,,Definition,ok,,1.0,ok,,history,ok,,en,ok,,1.0,ok,,True,ok,,0.0,ok,,0,ok,,0,ok,,False,ok,,0,ok,,0.578,ok,,False,ok,,0,ok,,0.0,ok,,False,ok,,False,ok,,,not_applicable,the prompt does not ask for a particular output format,False,ok,,False,ok,,0.0,ok,,False,ok,,False,ok,,0.996,ok,,0,ok,,True,ok,,0,ok,,4,ok,,0,ok,,5,ok,,False,ok,,False,ok,,False,ok,,0.15,ok,,0.845,ok,,0.167,ok,,0.133,ok,,0.25,ok,,0.463,ok,,10.0,False,False,False,False,False,130,True,10,18.9,4.954235000930461,False
4741,0.0,0,30,history,1494,ok,,264,ok,,323,ok,,12,ok,,14,ok,,32,ok,,22.0,ok,,4.55,ok,,12,ok,,0.243,ok,,1.22,ok,,0.025,ok,,0.179,ok,,0.046,ok,,0.004,ok,,10.05,ok,,True,ok,,54.38,ok,,12.8,ok,,8.55,ok,,9.65,ok,,60,ok,,0.227,ok,,1.59,ok,,46,ok,,0.574,ok,,9.311,ok,,52.67,ok,,6.6,ok,,4.5,ok,,0.513,ok,,128,ok,,5.9,ok,,2.93,ok,,2,ok,,0.008,ok,,0.164,ok,,0,ok,,3,ok,,which,ok,,who,ok,,5,ok,,2,ok,,1,ok,,False,ok,,True,ok,,False,ok,,False,ok,,,not_applicable,"the prompt gives no command, so there is no task verb (a content verb inside a question does not count)",1,ok,,False,ok,,False,ok,,,not_applicable,the prompt does not state how many items it wants,15,ok,,12,ok,,14,ok,,6,ok,,9,ok,,1,ok,,0,ok,,2,ok,,39,ok,,0,ok,,1,ok,,6,ok,,False,ok,,False,ok,,False,ok,,False,ok,,False,ok,,0,ok,,2,ok,,0,ok,,0,ok,,0,ok,,15,ok,,0.117,ok,,True,ok,,5,ok,,range,ok,,False,ok,,1,ok,,1924.0,ok,,1924.0,ok,,0.0,ok,,True,ok,,True,ok,,2,ok,,True,ok,,True,ok,,2.0,ok,,False,ok,,True,ok,,True,ok,,False,ok,,0,ok,,3,ok,,5,ok,,5,ok,,Creative,ok,,1.5,ok,,finance,ok,,en,ok,,1.0,ok,,True,ok,,0.003,ok,,0,ok,,0,ok,,False,ok,,0,ok,,0.373,ok,,False,ok,,0,ok,,0.0,ok,,False,ok,,False,ok,,,not_applicable,the prompt does not ask for a particular output format,False,ok,,False,ok,,0.0,ok,,False,ok,,False,ok,,0.997,ok,,0,ok,,True,ok,,0,ok,,5,ok,,0,ok,,21,ok,,False,ok,,False,ok,,False,ok,,0.15,ok,,0.77,ok,,0.5,ok,,0.085,ok,,0.25,ok,,0.638,ok,,10.0,False,True,False,False,False,229,True,10,14.9,3.3482997343593826,False
4751,0.43333333333333335,13,30,history,1420,ok,,243,ok,,314,ok,,24,ok,,29,ok,,40,ok,,10.12,ok,,4.45,ok,,12,ok,,0.127,ok,,1.29,ok,,0.038,ok,,0.184,ok,,0.067,ok,,0.0,ok,,6.33,ok,,True,ok,,73.72,ok,,9.02,ok,,8.38,ok,,8.66,ok,,33,ok,,0.136,ok,,1.39,ok,,25,ok,,0.524,ok,,8.315,ok,,48.07,ok,,6.39,ok,,4.56,ok,,0.512,ok,,122,ok,,5.76,ok,,1.86,ok,,2,ok,,0.008,ok,,0.131,ok,,0,ok,,2,ok,,what,ok,,which,ok,,7,ok,,4,ok,,3,ok,,False,ok,,True,ok,,False,ok,,True,ok,,,not_applicable,"the prompt gives no command, so there is no task verb (a content verb inside a question does not count)",4,ok,,True,ok,,True,ok,,,not_applicable,the prompt does not state how many items it wants,7,ok,,19,ok,,21,ok,,7,ok,,2,ok,,8,ok,,8,ok,,1,ok,,44,ok,,0,ok,,2,ok,,6,ok,,False,ok,,False,ok,,False,ok,,False,ok,,False,ok,,0,ok,,0,ok,,0,ok,,0,ok,,0,ok,,21,ok,,0.172,ok,,True,ok,,3,ok,,relative,ok,,True,ok,,0,ok,,,not_applicable,"the prompt names no year, so there is no earliest year",,not_applicable,"the prompt names no year, so there is no latest year",,not_applicable,"the prompt names no year, so the window has no width; reporting 0 here would look like a single-year constraint",False,ok,,True,ok,,1,ok,,False,ok,,False,ok,,,not_applicable,the prompt is not phrased as a comparison,True,ok,,True,ok,,False,ok,,False,ok,,0,ok,,2,ok,,4,ok,,3,ok,,Reasoning,ok,,2.0,ok,,history,ok,,en,ok,,1.0,ok,,True,ok,,0.0,ok,,0,ok,,0,ok,,False,ok,,0,ok,,0.512,ok,,False,ok,,0,ok,,0.0,ok,,False,ok,,False,ok,,,not_applicable,the prompt does not ask for a particular output format,True,ok,,False,ok,,0.0,ok,,False,ok,,False,ok,,0.987,ok,,0,ok,,True,ok,,2,ok,,1,ok,,0,ok,,10,ok,,False,ok,,False,ok,,True,ok,,0.3,ok,,0.803,ok,,0.6,ok,,0.085,ok,,0.75,ok,,0.767,ok,,10.0,False,False,False,False,False,119,True,10,68.1,15.919589609450783,False
4765,0.0,0,30,history,253,ok,,40,ok,,70,ok,,1,ok,,11,ok,,2,ok,,40.0,ok,,5.3,ok,,11,ok,,0.375,ok,,1.75,ok,,0.043,ok,,0.158,ok,,0.149,ok,,0.0,ok,,10.43,ok,,True,ok,,38.06,ok,,14.0,ok,,10.53,ok,,13.21,ok,,13,ok,,0.325,ok,,1.88,ok,,12,ok,,0.9,ok,,5.692,ok,,112.0,unreliable,MTLD needs about 50 tokens to stabilise; this prompt has 40,5.1,ok,,4.67,ok,,0.2,ok,,32,ok,,4.92,ok,,1.45,ok,,5,ok,,0.125,ok,,0.281,ok,,1,ok,,3,ok,,which,ok,,,not_applicable,"the prompt has 1 distinct wh-word(s), so there is no second one",1,ok,,1,ok,,1,ok,,False,ok,,True,ok,,False,ok,,False,ok,,,not_applicable,"the prompt gives no command, so there is no task verb (a content verb inside a question does not count)",1,ok,,False,ok,,False,ok,,,not_applicable,the prompt does not state how many items it wants,7,ok,,7,ok,,7,ok,,3,ok,,4,ok,,0,ok,,3,ok,,0,ok,,28,ok,,0,ok,,0,ok,,0,ok,,False,ok,,False,ok,,False,ok,,False,ok,,False,ok,,0,ok,,0,ok,,0,ok,,0,ok,,0,ok,,7,ok,,0.219,ok,,True,ok,,1,ok,,relative,ok,,False,ok,,0,ok,,,not_applicable,"the prompt names no year, so there is no earliest year",,not_applicable,"the prompt names no year, so there is no latest year",,not_applicable,"the prompt names no year, so the window has no width; reporting 0 here would look like a single-year constraint",False,ok,,False,ok,,0,ok,,False,ok,,False,ok,,,not_applicable,the prompt is not phrased as a comparison,False,ok,,False,ok,,False,ok,,False,ok,,0,ok,,1,ok,,2,ok,,1,ok,,Fact Retrieval,ok,,1.5,ok,,,not_applicable,no domain lexicon matched this prompt,en,ok,,1.0,ok,,True,ok,,0.0,ok,,0,ok,,0,ok,,False,ok,,0,ok,,0.435,ok,,False,ok,,0,ok,,0.0,ok,,False,ok,,False,ok,,,not_applicable,the prompt does not ask for a particular output format,False,ok,,False,ok,,0.0,ok,,False,ok,,False,ok,,0.996,ok,,0,ok,,True,ok,,0,ok,,0,ok,,0,ok,,1,ok,,False,ok,,False,ok,,False,ok,,0.15,ok,,0.831,ok,,0.083,ok,,0.295,ok,,0.25,ok,,0.394,ok,,10.0,False,False,False,False,False,17,False,10,11.2,2.8205594401741574,False
4834,0.0,0,30,history,2202,ok,,393,ok,,499,ok,,22,ok,,14,ok,,41,ok,,17.86,ok,,4.68,ok,,14,ok,,0.226,ok,,1.27,ok,,0.035,ok,,0.18,ok,,0.047,ok,,0.0,ok,,7.98,ok,,True,ok,,64.38,ok,,10.68,ok,,9.15,ok,,9.64,ok,,74,ok,,0.188,ok,,1.51,ok,,49,ok,,0.554,ok,,10.681,ok,,47.36,ok,,6.82,ok,,4.39,ok,,0.559,ok,,164,ok,,5.83,ok,,0.0,ok,,18,ok,,0.048,ok,,0.238,ok,,1,ok,,3,ok,,which,ok,,who,ok,,6,ok,,3,ok,,2,ok,,False,ok,,True,ok,,False,ok,,True,ok,,,not_applicable,"the prompt gives no command, so there is no task verb (a content verb inside a question does not count)",2,ok,,True,ok,,True,ok,,,not_applicable,the prompt does not state how many items it wants,15,ok,,22,ok,,23,ok,,5,ok,,3,ok,,13,ok,,6,ok,,0,ok,,39,ok,,0,ok,,1,ok,,1,ok,,False,ok,,False,ok,,False,ok,,False,ok,,False,ok,,0,ok,,0,ok,,0,ok,,0,ok,,0,ok,,23,ok,,0.14,ok,,True,ok,,6,ok,,range,ok,,True,ok,,0,ok,,,not_applicable,"the prompt names no year, so there is no earliest year",,not_applicable,"the prompt names no year, so there is no latest year",,not_applicable,"the prompt names no year, so the window has no width; reporting 0 here would look like a single-year constraint",False,ok,,True,ok,,8,ok,,False,ok,,False,ok,,,not_applicable,the prompt is not phrased as a comparison,True,ok,,True,ok,,False,ok,,False,ok,,0,ok,,3,ok,,5,ok,,4,ok,,Fact Retrieval,ok,,1.5,ok,,history,ok,,en,ok,,1.0,ok,,True,ok,,0.0,ok,,0,ok,,0,ok,,False,ok,,0,ok,,0.546,ok,,False,ok,,0,ok,,0.0,ok,,False,ok,,True,ok,,letter,ok,,True,ok,,False,ok,,0.0,ok,,False,ok,,False,ok,,0.981,ok,,0,ok,,True,ok,,1,ok,,3,ok,,2,ok,,30,ok,,False,ok,,False,ok,,True,ok,,0.225,ok,,0.784,ok,,0.425,ok,,0.147,ok,,0.75,ok,,0.719,ok,,10.0,False,False,False,False,False,328,True,10,30.7,8.944893018427393,False
4839,0.0,0,30,history,150,ok,,25,ok,,53,ok,,4,ok,,5,ok,,1,ok,,6.25,ok,,4.29,ok,,11,ok,,0.143,ok,,2.12,ok,,0.1,ok,,0.167,ok,,0.07,ok,,0.16,ok,,10.21,ok,,True,ok,,66.4,ok,,11.6,ok,,8.54,ok,,11.19,ok,,2,ok,,0.08,ok,,1.43,ok,,1,ok,,0.762,ok,,3.491,ok,,18.93,unreliable,MTLD needs about 50 tokens to stabilise; this prompt has 21,3.82,ok,,4.35,ok,,0.381,ok,,13,ok,,5.98,ok,,1.31,ok,,1,ok,,0.048,ok,,0.154,ok,,0,ok,,5,ok,,other,not_applicable,"no interrogative wh-word appears in the prompt, so there is no question word to report",,not_applicable,"the prompt has 0 distinct wh-word(s), so there is no second one",0,ok,,0,ok,,0,ok,,False,ok,,False,ok,,False,ok,,False,ok,,,not_applicable,"the prompt gives no command, so there is no task verb (a content verb inside a question does not count)",0,ok,,False,ok,,False,ok,,,not_applicable,the prompt does not state how many items it wants,6,ok,,1,ok,,5,ok,,2,ok,,0,ok,,0,ok,,1,ok,,0,ok,,4,ok,,0,ok,,0,ok,,0,ok,,False,ok,,False,ok,,False,ok,,False,ok,,False,ok,,0,ok,,4,ok,,0,ok,,0,ok,,0,ok,,5,ok,,0.385,ok,,True,ok,,1,ok,,absolute,ok,,False,ok,,0,ok,,,not_applicable,"the prompt names no year, so there is no earliest year",,not_applicable,"the prompt names no year, so there is no latest year",,not_applicable,"the prompt names no year, so the window has no width; reporting 0 here would look like a single-year constraint",False,ok,,False,ok,,0,ok,,False,ok,,False,ok,,,not_applicable,the prompt is not phrased as a comparison,False,ok,,False,ok,,False,ok,,False,ok,,0,ok,,2,ok,,3,ok,,2,ok,,Fact Retrieval,ok,,2.0,ok,,,not_applicable,no domain lexicon matched this prompt,en,ok,,1.0,ok,,True,ok,,0.007,ok,,0,ok,,0,ok,,False,ok,,0,ok,,0.752,ok,,False,ok,,0,ok,,0.0,ok,,False,ok,,False,ok,,,not_applicable,the prompt does not ask for a particular output format,False,ok,,False,ok,,0.0,ok,,False,ok,,False,ok,,0.993,ok,,1,ok,,False,ok,,0,ok,,0,ok,,0,ok,,2,ok,,False,ok,,False,ok,,False,ok,,0.2,ok,,0.848,ok,,0.167,ok,,0.236,ok,,0.25,ok,,0.435,ok,,4.0,False,False,False,False,False,13,False,4,15.25,1.2583057392117916,False
4868,0.0,0,30,history,530,ok,,90,ok,,118,ok,,9,ok,,11,ok,,11,ok,,10.0,ok,,4.66,ok,,12,ok,,0.286,ok,,1.31,ok,,0.045,ok,,0.17,ok,,0.036,ok,,0.008,ok,,6.35,ok,,True,ok,,64.11,ok,,7.72,ok,,7.39,ok,,11.94,ok,,26,ok,,0.289,ok,,1.57,ok,,11,ok,,0.835,ok,,7.967,ok,,154.58,ok,,6.04,ok,,4.48,ok,,0.319,ok,,62,ok,,5.48,ok,,2.44,ok,,1,ok,,0.011,ok,,0.113,ok,,0,ok,,2,ok,,other,not_applicable,"no interrogative wh-word appears in the prompt, so there is no question word to report",,not_applicable,"the prompt has 0 distinct wh-word(s), so there is no second one",0,ok,,0,ok,,0,ok,,False,ok,,False,ok,,False,ok,,True,ok,,,not_applicable,"the prompt gives no command, so there is no task verb (a content verb inside a question does not count)",0,ok,,False,ok,,False,ok,,,not_applicable,the prompt does not state how many items it wants,8,ok,,4,ok,,5,ok,,4,ok,,2,ok,,1,ok,,1,ok,,0,ok,,10,ok,,0,ok,,0,ok,,0,ok,,False,ok,,False,ok,,False,ok,,False,ok,,False,ok,,0,ok,,1,ok,,0,ok,,0,ok,,0,ok,,5,ok,,0.081,ok,,True,ok,,1,ok,,absolute,ok,,False,ok,,1,ok,,1797.0,ok,,1797.0,ok,,0.0,ok,,False,ok,,False,ok,,0,ok,,False,ok,,False,ok,,,not_applicable,the prompt is not phrased as a comparison,False,ok,,False,ok,,False,ok,,False,ok,,0,ok,,2,ok,,3,ok,,3,ok,,Fact Retrieval,ok,,0.5,ok,,history,ok,,en,ok,,1.0,ok,,True,ok,,0.0,ok,,0,ok,,0,ok,,False,ok,,0,ok,,0.4,ok,,False,ok,,0,ok,,0.0,ok,,False,ok,,False,ok,,,not_applicable,the prompt does not ask for a particular output format,True,ok,,False,ok,,0.0,ok,,False,ok,,False,ok,,0.998,ok,,0,ok,,True,ok,,0,ok,,0,ok,,0,ok,,4,ok,,False,ok,,False,ok,,False,ok,,0.15,ok,,0.749,ok,,0.167,ok,,0.084,ok,,0.25,ok,,0.351,ok,,10.0,False,False,False,False,False,11,False,10,43.1,12.617888536166069,False
4871,0.0,0,30,history,357,ok,,47,ok,,75,ok,,10,ok,,11,ok,,3,ok,,4.7,ok,,6.36,ok,,13,ok,,0.596,ok,,1.6,ok,,0.059,ok,,0.132,ok,,0.038,ok,,0.0,ok,,29.35,ok,,True,ok,,-31.67,ok,,37.52,ok,,19.23,ok,,18.06,ok,,21,ok,,0.447,ok,,2.26,ok,,23,ok,,0.872,ok,,5.98,ok,,103.09,unreliable,MTLD needs about 50 tokens to stabilise; this prompt has 47,5.27,ok,,4.4,ok,,0.149,ok,,40,ok,,4.78,ok,,0.0,ok,,2,ok,,0.043,ok,,0.375,ok,,1,ok,,2,ok,,other,not_applicable,"no interrogative wh-word appears in the prompt, so there is no question word to report",,not_applicable,"the prompt has 0 distinct wh-word(s), so there is no second one",0,ok,,0,ok,,0,ok,,False,ok,,False,ok,,False,ok,,False,ok,,,not_applicable,"the prompt gives no command, so there is no task verb (a content verb inside a question does not count)",0,ok,,False,ok,,False,ok,,,not_applicable,the prompt does not state how many items it wants,8,ok,,1,ok,,1,ok,,1,ok,,0,ok,,1,ok,,0,ok,,0,ok,,8,ok,,0,ok,,0,ok,,0,ok,,False,ok,,False,ok,,False,ok,,False,ok,,False,ok,,0,ok,,0,ok,,0,ok,,0,ok,,0,ok,,1,ok,,0.025,ok,,False,ok,,0,ok,,none,not_applicable,the prompt contains no time expression at all,False,ok,,0,ok,,,not_applicable,"the prompt names no year, so there is no earliest year",,not_applicable,"the prompt names no year, so there is no latest year",,not_applicable,"the prompt names no year, so the window has no width; reporting 0 here would look like a single-year constraint",False,ok,,False,ok,,0,ok,,False,ok,,False,ok,,,not_applicable,the prompt is not phrased as a comparison,False,ok,,False,ok,,False,ok,,False,ok,,0,ok,,1,ok,,2,ok,,0,ok,,Fact Retrieval,ok,,0.5,ok,,business,ok,,en,ok,,1.0,ok,,True,ok,,0.0,ok,,0,ok,,0,ok,,False,ok,,0,ok,,0.606,ok,,False,ok,,0,ok,,0.0,ok,,False,ok,,False,ok,,,not_applicable,the prompt does not ask for a particular output format,False,ok,,False,ok,,0.0,ok,,False,ok,,False,ok,,0.997,ok,,0,ok,,False,ok,,0,ok,,0,ok,,0,ok,,0,ok,,False,ok,,False,ok,,False,ok,,0.0,ok,,0.323,ok,,0.083,ok,,0.246,ok,,0.0,ok,,0.164,ok,,10.0,False,False,False,False,False,17,False,10,20.0,1.699673171197595,False
4878,0.0,0,30,history,1847,ok,,325,ok,,418,ok,,12,ok,,17,ok,,52,ok,,27.08,ok,,4.48,ok,,14,ok,,0.231,ok,,1.29,ok,,0.031,ok,,0.179,ok,,0.047,ok,,0.017,ok,,9.34,ok,,True,ok,,52.13,ok,,11.57,ok,,8.05,ok,,9.08,ok,,64,ok,,0.197,ok,,1.67,ok,,66,ok,,0.53,ok,,9.488,ok,,57.26,ok,,6.78,ok,,4.58,ok,,0.52,ok,,154,ok,,5.91,ok,,2.21,ok,,2,ok,,0.006,ok,,0.104,ok,,0,ok,,3,ok,,which,ok,,,not_applicable,"the prompt has 1 distinct wh-word(s), so there is no second one",1,ok,,1,ok,,1,ok,,False,ok,,True,ok,,False,ok,,False,ok,,,not_applicable,"the prompt gives no command, so there is no task verb (a content verb inside a question does not count)",1,ok,,False,ok,,False,ok,,,not_applicable,the prompt does not state how many items it wants,18,ok,,18,ok,,25,ok,,8,ok,,4,ok,,8,ok,,2,ok,,4,ok,,37,ok,,0,ok,,3,ok,,12,ok,,False,ok,,False,ok,,False,ok,,False,ok,,False,ok,,0,ok,,6,ok,,0,ok,,4,ok,,0,ok,,31,ok,,0.201,ok,,True,ok,,7,ok,,range,ok,,True,ok,,1,ok,,1934.0,ok,,1934.0,ok,,0.0,ok,,True,ok,,True,ok,,5,ok,,False,ok,,False,ok,,,not_applicable,the prompt is not phrased as a comparison,False,ok,,True,ok,,False,ok,,False,ok,,0,ok,,2,ok,,4,ok,,3,ok,,Fact Retrieval,ok,,1.5,ok,,history,ok,,en,ok,,1.0,ok,,True,ok,,0.002,ok,,0,ok,,0,ok,,False,ok,,0,ok,,0.366,ok,,False,ok,,2,ok,,0.093,ok,,False,ok,,False,ok,,,not_applicable,the prompt does not ask for a particular output format,False,ok,,False,ok,,0.0,ok,,False,ok,,False,ok,,0.902,ok,,0,ok,,True,ok,,0,ok,,0,ok,,1,ok,,10,ok,,False,ok,,False,ok,,False,ok,,0.15,ok,,0.821,ok,,0.25,ok,,0.075,ok,,0.75,ok,,0.652,ok,,10.0,False,False,False,False,True,229,True,10,56.9,14.019430960079816,False
4886,1.0,30,30,history,1799,ok,,319,ok,,397,ok,,17,ok,,14,ok,,47,ok,,18.76,ok,,4.49,ok,,13,ok,,0.209,ok,,1.24,ok,,0.027,ok,,0.179,ok,,0.046,ok,,0.002,ok,,7.55,ok,,True,ok,,63.67,ok,,9.99,ok,,7.84,ok,,8.72,ok,,53,ok,,0.166,ok,,1.54,ok,,48,ok,,0.572,ok,,10.23,ok,,80.95,ok,,6.97,ok,,4.45,ok,,0.503,ok,,159,ok,,5.79,ok,,1.41,ok,,5,ok,,0.016,ok,,0.151,ok,,0,ok,,3,ok,,who,ok,,which,ok,,2,ok,,2,ok,,3,ok,,False,ok,,True,ok,,False,ok,,True,ok,,,not_applicable,"the prompt gives no command, so there is no task verb (a content verb inside a question does not count)",5,ok,,True,ok,,False,ok,,,not_applicable,the prompt does not state how many items it wants,12,ok,,29,ok,,33,ok,,7,ok,,4,ok,,17,ok,,6,ok,,2,ok,,35,ok,,0,ok,,1,ok,,8,ok,,False,ok,,False,ok,,False,ok,,False,ok,,False,ok,,0,ok,,1,ok,,0,ok,,0,ok,,0,ok,,31,ok,,0.195,ok,,True,ok,,4,ok,,range,ok,,False,ok,,1,ok,,1774.0,ok,,1774.0,ok,,0.0,ok,,False,ok,,True,ok,,8,ok,,True,ok,,False,ok,,,not_applicable,the prompt is not phrased as a comparison,False,ok,,True,ok,,True,ok,,False,ok,,0,ok,,2,ok,,4,ok,,5,ok,,Fact Retrieval,ok,,3.0,ok,,legal,ok,,en,ok,,1.0,ok,,True,ok,,0.001,ok,,0,ok,,0,ok,,False,ok,,0,ok,,0.471,ok,,False,ok,,1,ok,,0.032,ok,,False,ok,,False,ok,,,not_applicable,the prompt does not ask for a particular output format,False,ok,,False,ok,,0.0,ok,,False,ok,,False,ok,,0.965,ok,,0,ok,,True,ok,,0,ok,,2,ok,,0,ok,,10,ok,,False,ok,,False,ok,,False,ok,,0.15,ok,,0.817,ok,,0.6,ok,,0.091,ok,,0.25,ok,,0.67,ok,,10.0,False,True,False,False,False,239,True,10,50.0,15.769168230019828,False
4898,0.0,0,30,history,2150,ok,,373,ok,,447,ok,,11,ok,,14,ok,,49,ok,,33.91,ok,,4.64,ok,,14,ok,,0.225,ok,,1.2,ok,,0.023,ok,,0.175,ok,,0.021,ok,,0.001,ok,,10.25,ok,,True,ok,,54.77,ok,,12.5,ok,,9.44,ok,,9.43,ok,,72,ok,,0.193,ok,,1.57,ok,,51,ok,,0.537,ok,,10.393,ok,,66.75,ok,,7.0,ok,,4.36,ok,,0.553,ok,,167,ok,,5.86,ok,,2.12,ok,,5,ok,,0.013,ok,,0.228,ok,,1,ok,,5,ok,,why,ok,,which,ok,,11,ok,,4,ok,,1,ok,,False,ok,,True,ok,,False,ok,,False,ok,,,not_applicable,"the prompt gives no command, so there is no task verb (a content verb inside a question does not count)",2,ok,,True,ok,,False,ok,,,not_applicable,the prompt does not state how many items it wants,12,ok,,5,ok,,6,ok,,5,ok,,1,ok,,3,ok,,0,ok,,1,ok,,14,ok,,1,ok,,1,ok,,225,ok,,False,ok,,False,ok,,False,ok,,False,ok,,False,ok,,0,ok,,1,ok,,0,ok,,0,ok,,0,ok,,8,ok,,0.048,ok,,True,ok,,2,ok,,relative,ok,,False,ok,,0,ok,,,not_applicable,"the prompt names no year, so there is no earliest year",,not_applicable,"the prompt names no year, so there is no latest year",,not_applicable,"the prompt names no year, so the window has no width; reporting 0 here would look like a single-year constraint",False,ok,,True,ok,,11,ok,,True,ok,,True,ok,,3.0,ok,,True,ok,,False,ok,,True,ok,,True,ok,,0,ok,,3,ok,,5,ok,,6,ok,,Fact Retrieval,ok,,5.0,ok,,history,ok,,en,ok,,1.0,ok,,True,ok,,0.0,ok,,0,ok,,0,ok,,False,ok,,0,ok,,0.644,ok,,False,ok,,1,ok,,0.126,ok,,False,ok,,False,ok,,,not_applicable,the prompt does not ask for a particular output format,True,ok,,False,ok,,0.0,ok,,False,ok,,False,ok,,0.872,ok,,0,ok,,True,ok,,0,ok,,2,ok,,0,ok,,16,ok,,False,ok,,False,ok,,False,ok,,0.15,ok,,0.729,ok,,0.825,ok,,0.106,ok,,0.25,ok,,0.74,ok,,10.0,False,False,False,False,False,261,True,10,56.4,9.395034149308168,False
4923,0.0,0,30,history,2234,ok,,355,ok,,467,ok,,29,ok,,15,ok,,44,ok,,12.24,ok,,5.03,ok,,13,ok,,0.319,ok,,1.32,ok,,0.035,ok,,0.161,ok,,0.043,ok,,0.004,ok,,9.58,ok,,True,ok,,56.46,ok,,11.04,ok,,11.73,ok,,10.35,ok,,72,ok,,0.203,ok,,1.57,ok,,53,ok,,0.504,ok,,9.527,ok,,45.88,ok,,6.66,ok,,4.48,ok,,0.473,ok,,188,ok,,5.74,ok,,0.0,ok,,11,ok,,0.031,ok,,0.239,ok,,2,ok,,3,ok,,when,ok,,who,ok,,4,ok,,4,ok,,1,ok,,False,ok,,True,ok,,False,ok,,True,ok,,,not_applicable,"the prompt gives no command, so there is no task verb (a content verb inside a question does not count)",3,ok,,True,ok,,True,ok,,,not_applicable,the prompt does not state how many items it wants,9,ok,,36,ok,,42,ok,,8,ok,,5,ok,,26,ok,,5,ok,,0,ok,,33,ok,,0,ok,,0,ok,,0,ok,,False,ok,,False,ok,,False,ok,,False,ok,,True,ok,,0,ok,,2,ok,,0,ok,,0,ok,,0,ok,,38,ok,,0.202,ok,,True,ok,,5,ok,,range,ok,,False,ok,,2,ok,,1332.0,ok,,1346.0,ok,,14.0,ok,,False,ok,,True,ok,,1,ok,,False,ok,,False,ok,,,not_applicable,the prompt is not phrased as a comparison,False,ok,,True,ok,,False,ok,,False,ok,,0,ok,,2,ok,,4,ok,,4,ok,,Math,ok,,2.0,ok,,history,ok,,en,ok,,1.0,ok,,True,ok,,0.002,ok,,0,ok,,0,ok,,False,ok,,0,ok,,0.524,ok,,False,ok,,0,ok,,0.0,ok,,False,ok,,False,ok,,,not_applicable,the prompt does not ask for a particular output format,True,ok,,False,ok,,0.0,ok,,False,ok,,False,ok,,0.998,ok,,0,ok,,True,ok,,0,ok,,6,ok,,0,ok,,13,ok,,False,ok,,False,ok,,False,ok,,0.15,ok,,0.821,ok,,0.6,ok,,0.14,ok,,0.5,ok,,0.668,ok,,10.0,False,False,False,False,False,227,True,10,86.1,14.106342151276811,False
4938,0.03333333333333333,1,30,history,2291,ok,,371,ok,,445,ok,,24,ok,,14,ok,,41,ok,,15.46,ok,,4.96,ok,,13,ok,,0.269,ok,,1.2,ok,,0.023,ok,,0.163,ok,,0.049,ok,,0.004,ok,,12.2,ok,,True,ok,,39.09,ok,,13.43,ok,,11.62,ok,,10.22,ok,,90,ok,,0.243,ok,,1.75,ok,,82,ok,,0.516,ok,,10.005,ok,,67.77,ok,,6.79,ok,,4.42,ok,,0.434,ok,,213,ok,,5.81,ok,,2.57,ok,,4,ok,,0.011,ok,,0.113,ok,,0,ok,,2,ok,,which,ok,,,not_applicable,"the prompt has 1 distinct wh-word(s), so there is no second one",2,ok,,1,ok,,1,ok,,False,ok,,True,ok,,False,ok,,False,ok,,,not_applicable,"the prompt gives no command, so there is no task verb (a content verb inside a question does not count)",1,ok,,False,ok,,True,ok,,,not_applicable,the prompt does not state how many items it wants,8,ok,,37,ok,,41,ok,,8,ok,,1,ok,,12,ok,,23,ok,,1,ok,,67,ok,,0,ok,,1,ok,,168,ok,,False,ok,,False,ok,,False,ok,,False,ok,,False,ok,,0,ok,,4,ok,,0,ok,,0,ok,,0,ok,,42,ok,,0.197,ok,,True,ok,,14,ok,,range,ok,,True,ok,,2,ok,,1941.0,ok,,1941.0,ok,,0.0,ok,,True,ok,,True,ok,,1,ok,,False,ok,,True,ok,,2.0,ok,,True,ok,,True,ok,,False,ok,,False,ok,,0,ok,,3,ok,,5,ok,,3,ok,,Reasoning,ok,,5.0,ok,,history,ok,,en,ok,,1.0,ok,,True,ok,,0.003,ok,,0,ok,,0,ok,,False,ok,,0,ok,,0.489,ok,,False,ok,,0,ok,,0.0,ok,,False,ok,,False,ok,,,not_applicable,the prompt does not ask for a particular output format,False,ok,,False,ok,,0.0,ok,,False,ok,,False,ok,,0.998,ok,,0,ok,,True,ok,,0,ok,,2,ok,,0,ok,,18,ok,,False,ok,,False,ok,,False,ok,,0.15,ok,,0.818,ok,,0.5,ok,,0.07,ok,,0.75,ok,,0.698,ok,,10.0,False,False,False,False,False,201,True,10,96.2,27.144878788538445,False
4942,0.5666666666666667,17,30,history,2153,ok,,348,ok,,423,ok,,17,ok,,15,ok,,49,ok,,20.47,ok,,5.02,ok,,14,ok,,0.284,ok,,1.22,ok,,0.025,ok,,0.163,ok,,0.042,ok,,0.003,ok,,10.95,ok,,True,ok,,49.19,ok,,12.73,ok,,11.7,ok,,10.72,ok,,93,ok,,0.267,ok,,1.64,ok,,60,ok,,0.61,ok,,11.402,ok,,87.25,ok,,7.14,ok,,4.45,ok,,0.438,ok,,196,ok,,5.63,ok,,1.7,ok,,9,ok,,0.026,ok,,0.168,ok,,0,ok,,3,ok,,who,ok,,when,ok,,3,ok,,3,ok,,1,ok,,False,ok,,True,ok,,False,ok,,False,ok,,,not_applicable,"the prompt gives no command, so there is no task verb (a content verb inside a question does not count)",1,ok,,False,ok,,False,ok,,,not_applicable,the prompt does not state how many items it wants,11,ok,,36,ok,,38,ok,,6,ok,,2,ok,,24,ok,,10,ok,,0,ok,,48,ok,,0,ok,,2,ok,,84,ok,,False,ok,,False,ok,,False,ok,,False,ok,,False,ok,,0,ok,,2,ok,,0,ok,,0,ok,,0,ok,,40,ok,,0.204,ok,,True,ok,,6,ok,,range,ok,,True,ok,,1,ok,,1865.0,ok,,1865.0,ok,,0.0,ok,,False,ok,,True,ok,,4,ok,,False,ok,,False,ok,,,not_applicable,the prompt is not phrased as a comparison,True,ok,,False,ok,,False,ok,,False,ok,,0,ok,,2,ok,,3,ok,,3,ok,,Fact Retrieval,ok,,1.5,ok,,history,ok,,en,ok,,1.0,ok,,True,ok,,0.001,ok,,0,ok,,0,ok,,False,ok,,0,ok,,0.433,ok,,False,ok,,1,ok,,0.077,ok,,False,ok,,False,ok,,,not_applicable,the prompt does not ask for a particular output format,False,ok,,False,ok,,0.0,ok,,False,ok,,False,ok,,0.92,ok,,0,ok,,True,ok,,1,ok,,1,ok,,0,ok,,16,ok,,False,ok,,False,ok,,True,ok,,0.225,ok,,0.822,ok,,0.167,ok,,0.101,ok,,0.75,ok,,0.665,ok,,10.0,False,False,False,False,False,234,True,10,69.7,15.923776771440457,False
4994,0.6666666666666666,20,30,history,1835,ok,,282,ok,,365,ok,,10,ok,,14,ok,,29,ok,,28.2,ok,,5.36,ok,,15,ok,,0.316,ok,,1.29,ok,,0.018,ok,,0.155,ok,,0.031,ok,,0.011,ok,,12.92,ok,,True,ok,,33.85,ok,,14.43,ok,,13.72,ok,,11.45,ok,,81,ok,,0.287,ok,,1.82,ok,,64,ok,,0.596,ok,,10.07,ok,,99.09,ok,,6.86,ok,,4.47,ok,,0.425,ok,,164,ok,,5.47,ok,,0.0,ok,,12,ok,,0.042,ok,,0.317,ok,,6,ok,,5,ok,,whom,ok,,who,ok,,13,ok,,5,ok,,1,ok,,False,ok,,True,ok,,False,ok,,False,ok,,,not_applicable,"the prompt gives no command, so there is no task verb (a content verb inside a question does not count)",1,ok,,False,ok,,False,ok,,,not_applicable,the prompt does not state how many items it wants,18,ok,,15,ok,,19,ok,,7,ok,,1,ok,,2,ok,,11,ok,,1,ok,,31,ok,,0,ok,,0,ok,,0,ok,,False,ok,,False,ok,,False,ok,,False,ok,,False,ok,,0,ok,,4,ok,,0,ok,,0,ok,,0,ok,,19,ok,,0.116,ok,,True,ok,,14,ok,,range,ok,,True,ok,,5,ok,,1200.0,ok,,1500.0,ok,,300.0,ok,,False,ok,,False,ok,,0,ok,,True,ok,,True,ok,,2.0,ok,,True,ok,,True,ok,,False,ok,,True,ok,,0,ok,,2,ok,,5,ok,,3,ok,,Comparison,ok,,7.5,ok,,history,ok,,en,ok,,1.0,ok,,True,ok,,0.0,ok,,0,ok,,0,ok,,False,ok,,0,ok,,0.456,ok,,False,ok,,0,ok,,0.0,ok,,False,ok,,False,ok,,,not_applicable,the prompt does not ask for a particular output format,False,ok,,False,ok,,0.0,ok,,False,ok,,False,ok,,0.998,ok,,0,ok,,True,ok,,0,ok,,2,ok,,1,ok,,18,ok,,False,ok,,False,ok,,False,ok,,0.15,ok,,0.77,ok,,0.65,ok,,0.169,ok,,1.0,ok,,0.806,ok,,10.0,False,True,False,False,False,139,True,10,87.1,12.3868209534704,False
5019,0.6666666666666666,20,30,history,1403,ok,,232,ok,,313,ok,,16,ok,,13,ok,,13,ok,,14.5,ok,,4.77,ok,,14,ok,,0.264,ok,,1.35,ok,,0.041,ok,,0.167,ok,,0.076,ok,,0.029,ok,,9.36,ok,,True,ok,,49.15,ok,,12.37,ok,,10.22,ok,,11.77,ok,,67,ok,,0.289,ok,,1.7,ok,,47,ok,,0.632,ok,,9.606,ok,,58.97,ok,,6.54,ok,,4.68,ok,,0.42,ok,,134,ok,,5.65,ok,,1.6,ok,,4,ok,,0.017,ok,,0.127,ok,,4,ok,,4,ok,,which,ok,,,not_applicable,"the prompt has 1 distinct wh-word(s), so there is no second one",1,ok,,1,ok,,1,ok,,False,ok,,True,ok,,False,ok,,False,ok,,give,ok,,1,ok,,False,ok,,False,ok,,,not_applicable,the prompt does not state how many items it wants,8,ok,,27,ok,,39,ok,,8,ok,,11,ok,,8,ok,,3,ok,,5,ok,,70,ok,,1,ok,,1,ok,,65,ok,,False,ok,,False,ok,,False,ok,,False,ok,,False,ok,,0,ok,,10,ok,,0,ok,,0,ok,,0,ok,,39,ok,,0.291,ok,,True,ok,,13,ok,,range,ok,,False,ok,,10,ok,,1942.0,ok,,2016.0,ok,,74.0,ok,,False,ok,,False,ok,,0,ok,,False,ok,,True,ok,,2.0,ok,,False,ok,,True,ok,,False,ok,,False,ok,,0,ok,,2,ok,,5,ok,,3,ok,,Fact Retrieval,ok,,3.0,ok,,history,ok,,en,ok,,1.0,ok,,True,ok,,0.001,ok,,0,ok,,0,ok,,False,ok,,0,ok,,0.443,ok,,False,ok,,0,ok,,0.0,ok,,False,ok,,False,ok,,,not_applicable,the prompt does not ask for a particular output format,True,ok,,False,ok,,0.0,ok,,False,ok,,False,ok,,0.99,ok,,0,ok,,True,ok,,0,ok,,3,ok,,0,ok,,9,ok,,False,ok,,False,ok,,False,ok,,0.15,ok,,0.875,ok,,0.5,ok,,0.099,ok,,0.5,ok,,0.569,ok,,10.0,False,False,False,False,False,95,True,10,81.4,23.31523107327054,False
5041,0.3333333333333333,10,30,history,423,ok,,70,ok,,90,ok,,2,ok,,8,ok,,1,ok,,35.0,ok,,5.03,ok,,13,ok,,0.286,ok,,1.29,ok,,0.019,ok,,0.165,ok,,0.029,ok,,0.0,ok,,7.88,ok,,True,ok,,54.13,ok,,11.5,ok,,9.4,ok,,11.06,ok,,23,ok,,0.329,ok,,1.7,ok,,14,ok,,0.743,ok,,6.215,ok,,76.22,ok,,5.32,ok,,4.32,ok,,0.414,ok,,41,ok,,5.72,ok,,2.08,ok,,4,ok,,0.057,ok,,0.268,ok,,0,ok,,3,ok,,what,ok,,,not_applicable,"the prompt has 1 distinct wh-word(s), so there is no second one",1,ok,,1,ok,,1,ok,,False,ok,,True,ok,,False,ok,,False,ok,,,not_applicable,"the prompt gives no command, so there is no task verb (a content verb inside a question does not count)",1,ok,,False,ok,,False,ok,,,not_applicable,the prompt does not state how many items it wants,7,ok,,3,ok,,3,ok,,3,ok,,1,ok,,1,ok,,1,ok,,0,ok,,9,ok,,0,ok,,0,ok,,0,ok,,False,ok,,False,ok,,False,ok,,False,ok,,False,ok,,0,ok,,0,ok,,0,ok,,0,ok,,0,ok,,3,ok,,0.073,ok,,True,ok,,1,ok,,relative,ok,,False,ok,,0,ok,,,not_applicable,"the prompt names no year, so there is no earliest year",,not_applicable,"the prompt names no year, so there is no latest year",,not_applicable,"the prompt names no year, so the window has no width; reporting 0 here would look like a single-year constraint",False,ok,,False,ok,,0,ok,,False,ok,,False,ok,,,not_applicable,the prompt is not phrased as a comparison,False,ok,,False,ok,,False,ok,,False,ok,,0,ok,,2,ok,,3,ok,,1,ok,,Definition,ok,,1.0,ok,,history,ok,,en,ok,,1.0,ok,,True,ok,,0.0,ok,,0,ok,,0,ok,,False,ok,,0,ok,,0.452,ok,,False,ok,,0,ok,,0.0,ok,,False,ok,,False,ok,,,not_applicable,the prompt does not ask for a particular output format,False,ok,,False,ok,,0.0,ok,,False,ok,,False,ok,,0.998,ok,,0,ok,,False,ok,,0,ok,,0,ok,,0,ok,,8,ok,,False,ok,,False,ok,,False,ok,,0.0,ok,,0.744,ok,,0.167,ok,,0.167,ok,,0.25,ok,,0.283,ok,,7.0,False,False,False,True,False,16,False,7,43.71428571428572,13.972762620115438,False
5090,0.5333333333333333,16,30,other,125,ok,,29,ok,,62,ok,,1,ok,,11,ok,,1,ok,,29.0,ok,,3.33,ok,,9,ok,,0.167,ok,,2.14,ok,,0.168,ok,,0.232,ok,,0.26,ok,,0.2,ok,,10.37,ok,,True,ok,,72.38,ok,,14.36,ok,,-1.82,ok,,17.05,ok,,3,ok,,0.103,ok,,1.39,ok,,2,ok,,0.944,ok,,4.007,ok,,90.72,unreliable,MTLD needs about 50 tokens to stabilise; this prompt has 18,4.06,ok,,4.72,ok,,0.278,ok,,13,ok,,5.77,ok,,3.89,ok,,0,ok,,0.0,ok,,0.0,ok,,0,ok,,2,ok,,how,ok,,,not_applicable,"the prompt has 1 distinct wh-word(s), so there is no second one",1,ok,,1,ok,,1,ok,,False,ok,,True,ok,,False,ok,,False,ok,,,not_applicable,"the prompt gives no command, so there is no task verb (a content verb inside a question does not count)",1,ok,,False,ok,,False,ok,,,not_applicable,the prompt does not state how many items it wants,10,ok,,3,ok,,8,ok,,5,ok,,0,ok,,2,ok,,0,ok,,1,ok,,11,ok,,0,ok,,0,ok,,0,ok,,False,ok,,False,ok,,False,ok,,False,ok,,False,ok,,0,ok,,11,ok,,10,ok,,0,ok,,0,ok,,24,ok,,1.846,ok,,True,ok,,1,ok,,absolute,ok,,False,ok,,1,ok,,1943.0,ok,,1943.0,ok,,0.0,ok,,False,ok,,False,ok,,0,ok,,False,ok,,False,ok,,,not_applicable,the prompt is not phrased as a comparison,False,ok,,True,ok,,False,ok,,False,ok,,0,ok,,0,ok,,2,ok,,2,ok,,Fact Retrieval,ok,,0.5,ok,,,not_applicable,no domain lexicon matched this prompt,en,ok,,1.0,ok,,True,ok,,0.0,ok,,0,ok,,0,ok,,False,ok,,0,ok,,0.634,ok,,False,ok,,0,ok,,0.0,ok,,False,ok,,False,ok,,,not_applicable,the prompt does not ask for a particular output format,False,ok,,False,ok,,0.0,ok,,False,ok,,False,ok,,0.992,ok,,0,ok,,False,ok,,0,ok,,1,ok,,0,ok,,0,ok,,False,ok,,False,ok,,False,ok,,0.0,ok,,1.0,ok,,0.083,ok,,0.152,ok,,0.25,ok,,0.241,ok,,10.0,False,False,False,False,False,9,False,10,3.1,0.3162277660168379,False
5099,0.0,0,30,other,195,ok,,45,ok,,97,ok,,1,ok,,11,ok,,3,ok,,45.0,ok,,2.89,ok,,8,ok,,0.054,ok,,2.16,ok,,0.118,ok,,0.231,ok,,0.354,ok,,0.159,ok,,-0.2,ok,,True,ok,,104.51,ok,,3.58,ok,,-6.01,ok,,11.23,ok,,2,ok,,0.044,ok,,1.16,ok,,1,ok,,0.676,ok,,4.11,ok,,14.32,unreliable,MTLD needs about 50 tokens to stabilise; this prompt has 37,4.15,ok,,4.71,ok,,0.514,ok,,18,ok,,5.78,ok,,3.5,ok,,0,ok,,0.0,ok,,0.0,ok,,0,ok,,2,ok,,when,ok,,what,ok,,2,ok,,2,ok,,1,ok,,False,ok,,True,ok,,False,ok,,False,ok,,,not_applicable,"the prompt gives no command, so there is no task verb (a content verb inside a question does not count)",2,ok,,True,ok,,False,ok,,,not_applicable,the prompt does not state how many items it wants,10,ok,,3,ok,,11,ok,,3,ok,,0,ok,,1,ok,,2,ok,,0,ok,,22,ok,,10,ok,,0,ok,,0,ok,,False,ok,,False,ok,,False,ok,,False,ok,,False,ok,,0,ok,,20,ok,,0,ok,,0,ok,,0,ok,,33,ok,,1.833,ok,,True,ok,,1,ok,,relative,ok,,False,ok,,0,ok,,,not_applicable,"the prompt names no year, so there is no earliest year",,not_applicable,"the prompt names no year, so there is no latest year",,not_applicable,"the prompt names no year, so the window has no width; reporting 0 here would look like a single-year constraint",False,ok,,False,ok,,0,ok,,False,ok,,False,ok,,,not_applicable,the prompt is not phrased as a comparison,False,ok,,False,ok,,False,ok,,False,ok,,0,ok,,1,ok,,2,ok,,2,ok,,Fact Retrieval,ok,,1.5,ok,,,not_applicable,no domain lexicon matched this prompt,en,ok,,1.0,ok,,True,ok,,0.0,ok,,0,ok,,0,ok,,False,ok,,0,ok,,0.728,ok,,False,ok,,0,ok,,0.0,ok,,False,ok,,False,ok,,,not_applicable,the prompt does not ask for a particular output format,False,ok,,False,ok,,0.0,ok,,False,ok,,False,ok,,0.995,ok,,1,ok,,False,ok,,0,ok,,0,ok,,0,ok,,0,ok,,False,ok,,False,ok,,False,ok,,0.2,ok,,1.0,ok,,0.258,ok,,0.155,ok,,0.25,ok,,0.441,ok,,10.0,False,False,False,False,False,15,False,10,7.1,0.3162277660168379,False
5123,0.16666666666666666,5,30,other,742,ok,,112,ok,,140,ok,,10,ok,,8,ok,,11,ok,,11.2,ok,,5.23,ok,,16,ok,,0.353,ok,,1.25,ok,,0.03,ok,,0.151,ok,,0.031,ok,,0.0,ok,,11.68,ok,,True,ok,,36.27,ok,,17.74,ok,,13.57,ok,,12.23,ok,,34,ok,,0.304,ok,,1.8,ok,,35,ok,,0.555,ok,,6.05,ok,,50.72,ok,,5.64,ok,,4.32,ok,,0.454,ok,,65,ok,,5.68,ok,,0.0,ok,,2,ok,,0.017,ok,,0.338,ok,,1,ok,,3,ok,,which,ok,,,not_applicable,"the prompt has 1 distinct wh-word(s), so there is no second one",1,ok,,1,ok,,1,ok,,False,ok,,True,ok,,False,ok,,False,ok,,,not_applicable,"the prompt gives no command, so there is no task verb (a content verb inside a question does not count)",1,ok,,False,ok,,False,ok,,,not_applicable,the prompt does not state how many items it wants,8,ok,,2,ok,,2,ok,,2,ok,,0,ok,,2,ok,,0,ok,,0,ok,,10,ok,,1,ok,,1,ok,,7,ok,,False,ok,,False,ok,,False,ok,,False,ok,,False,ok,,0,ok,,0,ok,,0,ok,,0,ok,,0,ok,,4,ok,,0.062,ok,,True,ok,,1,ok,,relative,ok,,False,ok,,0,ok,,,not_applicable,"the prompt names no year, so there is no earliest year",,not_applicable,"the prompt names no year, so there is no latest year",,not_applicable,"the prompt names no year, so the window has no width; reporting 0 here would look like a single-year constraint",False,ok,,True,ok,,6,ok,,False,ok,,False,ok,,,not_applicable,the prompt is not phrased as a comparison,True,ok,,True,ok,,False,ok,,False,ok,,0,ok,,2,ok,,4,ok,,2,ok,,Fact Retrieval,ok,,1.5,ok,,finance,ok,,en,ok,,1.0,ok,,True,ok,,0.0,ok,,0,ok,,0,ok,,False,ok,,0,ok,,0.53,ok,,False,ok,,0,ok,,0.0,ok,,False,ok,,False,ok,,,not_applicable,the prompt does not ask for a particular output format,False,ok,,False,ok,,0.0,ok,,False,ok,,False,ok,,0.999,ok,,0,ok,,True,ok,,0,ok,,1,ok,,0,ok,,9,ok,,False,ok,,False,ok,,False,ok,,0.15,ok,,0.654,ok,,0.25,ok,,0.149,ok,,0.25,ok,,0.494,ok,,7.0,False,True,False,False,False,24,False,7,80.71428571428571,21.607979125886853,False
5127,0.3333333333333333,10,30,other,703,ok,,107,ok,,140,ok,,9,ok,,9,ok,,8,ok,,11.89,ok,,5.1,ok,,14,ok,,0.243,ok,,1.31,ok,,0.037,ok,,0.152,ok,,0.042,ok,,0.0,ok,,10.53,ok,,True,ok,,38.63,ok,,12.88,ok,,12.33,ok,,13.02,ok,,32,ok,,0.299,ok,,1.8,ok,,24,ok,,0.53,ok,,5.688,ok,,35.65,ok,,5.35,ok,,4.34,ok,,0.452,ok,,63,ok,,5.54,ok,,1.89,ok,,2,ok,,0.017,ok,,0.286,ok,,0,ok,,3,ok,,other,not_applicable,"no interrogative wh-word appears in the prompt, so there is no question word to report",,not_applicable,"the prompt has 0 distinct wh-word(s), so there is no second one",0,ok,,0,ok,,0,ok,,False,ok,,False,ok,,False,ok,,True,ok,,,not_applicable,"the prompt gives no command, so there is no task verb (a content verb inside a question does not count)",0,ok,,False,ok,,False,ok,,,not_applicable,the prompt does not state how many items it wants,8,ok,,7,ok,,7,ok,,3,ok,,2,ok,,4,ok,,0,ok,,1,ok,,14,ok,,2,ok,,0,ok,,0,ok,,False,ok,,False,ok,,False,ok,,False,ok,,False,ok,,0,ok,,0,ok,,0,ok,,0,ok,,0,ok,,9,ok,,0.143,ok,,True,ok,,4,ok,,relative,ok,,True,ok,,0,ok,,,not_applicable,"the prompt names no year, so there is no earliest year",,not_applicable,"the prompt names no year, so there is no latest year",,not_applicable,"the prompt names no year, so the window has no width; reporting 0 here would look like a single-year constraint",False,ok,,False,ok,,0,ok,,False,ok,,False,ok,,,not_applicable,the prompt is not phrased as a comparison,False,ok,,True,ok,,False,ok,,False,ok,,0,ok,,3,ok,,5,ok,,2,ok,,Fact Retrieval,ok,,0.5,ok,,finance,ok,,en,ok,,1.0,ok,,True,ok,,0.0,ok,,0,ok,,0,ok,,False,ok,,0,ok,,0.622,ok,,False,ok,,0,ok,,0.0,ok,,False,ok,,True,ok,,report,ok,,False,ok,,False,ok,,0.0,ok,,False,ok,,False,ok,,0.999,ok,,0,ok,,True,ok,,0,ok,,0,ok,,0,ok,,15,ok,,False,ok,,False,ok,,False,ok,,0.15,ok,,0.786,ok,,0.25,ok,,0.141,ok,,0.75,ok,,0.593,ok,,8.0,False,False,False,False,False,26,False,8,65.375,14.480898748745831,False
5218,0.0,0,30,other,265,ok,,37,ok,,70,ok,,1,ok,,8,ok,,4,ok,,37.0,ok,,5.77,ok,,12,ok,,0.462,ok,,1.89,ok,,0.038,ok,,0.14,ok,,0.037,ok,,0.0,ok,,10.9,ok,,True,ok,,30.12,ok,,11.61,ok,,14.37,ok,,13.82,ok,,13,ok,,0.351,ok,,1.9,ok,,10,ok,,0.846,ok,,5.284,ok,,70.98,unreliable,MTLD needs about 50 tokens to stabilise; this prompt has 39,4.94,ok,,4.52,ok,,0.256,ok,,29,ok,,4.96,ok,,1.9,ok,,6,ok,,0.154,ok,,0.379,ok,,0,ok,,5,ok,,which,ok,,,not_applicable,"the prompt has 1 distinct wh-word(s), so there is no second one",2,ok,,1,ok,,1,ok,,False,ok,,True,ok,,False,ok,,False,ok,,,not_applicable,"the prompt gives no command, so there is no task verb (a content verb inside a question does not count)",1,ok,,False,ok,,False,ok,,,not_applicable,the prompt does not state how many items it wants,7,ok,,1,ok,,1,ok,,1,ok,,0,ok,,1,ok,,0,ok,,0,ok,,8,ok,,0,ok,,0,ok,,0,ok,,False,ok,,False,ok,,False,ok,,False,ok,,False,ok,,0,ok,,0,ok,,0,ok,,0,ok,,0,ok,,1,ok,,0.034,ok,,True,ok,,1,ok,,relative,ok,,False,ok,,0,ok,,,not_applicable,"the prompt names no year, so there is no earliest year",,not_applicable,"the prompt names no year, so there is no latest year",,not_applicable,"the prompt names no year, so the window has no width; reporting 0 here would look like a single-year constraint",False,ok,,False,ok,,0,ok,,True,ok,,False,ok,,,not_applicable,the prompt is not phrased as a comparison,False,ok,,False,ok,,False,ok,,False,ok,,0,ok,,1,ok,,2,ok,,2,ok,,Fact Retrieval,ok,,1.5,ok,,,not_applicable,no domain lexicon matched this prompt,en,ok,,1.0,ok,,True,ok,,0.0,ok,,0,ok,,0,ok,,False,ok,,0,ok,,0.459,ok,,False,ok,,0,ok,,0.0,ok,,False,ok,,False,ok,,,not_applicable,the prompt does not ask for a particular output format,False,ok,,False,ok,,0.0,ok,,False,ok,,False,ok,,0.996,ok,,0,ok,,True,ok,,0,ok,,0,ok,,0,ok,,3,ok,,False,ok,,False,ok,,False,ok,,0.15,ok,,0.329,ok,,0.083,ok,,0.364,ok,,0.25,ok,,0.506,ok,,7.0,False,False,False,False,False,19,False,7,17.714285714285715,8.42049653552342,False
5228,0.0,0,30,other,144,ok,,37,ok,,71,ok,,1,ok,,11,ok,,2,ok,,37.0,ok,,3.04,ok,,8,ok,,0.038,ok,,1.92,ok,,0.146,ok,,0.257,ok,,0.232,ok,,0.118,ok,,12.55,ok,,True,ok,,70.96,ok,,15.88,ok,,-3.12,ok,,14.43,ok,,1,ok,,0.027,ok,,1.23,ok,,2,ok,,0.885,ok,,4.511,ok,,63.09,unreliable,MTLD needs about 50 tokens to stabilise; this prompt has 26,4.44,ok,,4.67,ok,,0.385,ok,,16,ok,,6.09,ok,,4.0,ok,,0,ok,,0.0,ok,,0.062,ok,,0,ok,,2,ok,,other,not_applicable,"no interrogative wh-word appears in the prompt, so there is no question word to report",,not_applicable,"the prompt has 0 distinct wh-word(s), so there is no second one",0,ok,,0,ok,,0,ok,,False,ok,,False,ok,,False,ok,,False,ok,,,not_applicable,"the prompt gives no command, so there is no task verb (a content verb inside a question does not count)",0,ok,,False,ok,,False,ok,,,not_applicable,the prompt does not state how many items it wants,10,ok,,1,ok,,7,ok,,3,ok,,0,ok,,0,ok,,1,ok,,0,ok,,12,ok,,1,ok,,0,ok,,0,ok,,False,ok,,False,ok,,False,ok,,False,ok,,False,ok,,0,ok,,11,ok,,10,ok,,0,ok,,0,ok,,23,ok,,1.438,ok,,True,ok,,2,ok,,absolute,ok,,True,ok,,1,ok,,2017.0,ok,,2017.0,ok,,0.0,ok,,False,ok,,False,ok,,0,ok,,False,ok,,False,ok,,,not_applicable,the prompt is not phrased as a comparison,False,ok,,True,ok,,False,ok,,False,ok,,0,ok,,1,ok,,3,ok,,2,ok,,Fact Retrieval,ok,,0.5,ok,,finance,ok,,en,ok,,1.0,ok,,True,ok,,0.0,ok,,0,ok,,0,ok,,False,ok,,0,ok,,0.619,ok,,False,ok,,0,ok,,0.0,ok,,False,ok,,False,ok,,,not_applicable,the prompt does not ask for a particular output format,False,ok,,False,ok,,0.0,ok,,False,ok,,False,ok,,0.993,ok,,0,ok,,False,ok,,0,ok,,0,ok,,1,ok,,2,ok,,False,ok,,False,ok,,False,ok,,0.0,ok,,1.0,ok,,0.167,ok,,0.141,ok,,0.75,ok,,0.505,ok,,10.0,False,False,False,False,False,17,False,10,2.3,0.4830458915396479,False
5270,0.0,0,30,other,615,ok,,107,ok,,171,ok,,5,ok,,11,ok,,12,ok,,21.4,ok,,4.55,ok,,12,ok,,0.17,ok,,1.6,ok,,0.063,ok,,0.174,ok,,0.043,ok,,0.085,ok,,9.12,ok,,True,ok,,61.44,ok,,12.37,ok,,7.96,ok,,13.08,ok,,16,ok,,0.15,ok,,1.56,ok,,14,ok,,0.67,ok,,6.498,ok,,65.68,ok,,5.76,ok,,4.69,ok,,0.394,ok,,57,ok,,5.48,ok,,3.06,ok,,0,ok,,0.0,ok,,0.175,ok,,0,ok,,2,ok,,whom,ok,,what,ok,,2,ok,,2,ok,,1,ok,,False,ok,,True,ok,,False,ok,,False,ok,,,not_applicable,"the prompt gives no command, so there is no task verb (a content verb inside a question does not count)",1,ok,,False,ok,,True,ok,,,not_applicable,the prompt does not state how many items it wants,9,ok,,1,ok,,16,ok,,5,ok,,0,ok,,1,ok,,0,ok,,0,ok,,14,ok,,0,ok,,0,ok,,0,ok,,False,ok,,False,ok,,False,ok,,False,ok,,True,ok,,0,ok,,14,ok,,2,ok,,11,ok,,0,ok,,28,ok,,0.491,ok,,True,ok,,3,ok,,range,ok,,False,ok,,0,ok,,,not_applicable,"the prompt names no year, so there is no earliest year",,not_applicable,"the prompt names no year, so there is no latest year",,not_applicable,"the prompt names no year, so the window has no width; reporting 0 here would look like a single-year constraint",False,ok,,False,ok,,0,ok,,False,ok,,False,ok,,,not_applicable,the prompt is not phrased as a comparison,False,ok,,False,ok,,False,ok,,False,ok,,0,ok,,2,ok,,3,ok,,4,ok,,Math,ok,,2.0,ok,,legal,ok,,en,ok,,1.0,ok,,True,ok,,0.0,ok,,0,ok,,0,ok,,False,ok,,0,ok,,0.696,ok,,False,ok,,0,ok,,0.0,ok,,False,ok,,True,ok,,report,ok,,True,ok,,False,ok,,0.0,ok,,False,ok,,False,ok,,0.998,ok,,0,ok,,False,ok,,0,ok,,0,ok,,0,ok,,2,ok,,False,ok,,False,ok,,False,ok,,0.0,ok,,0.995,ok,,0.167,ok,,0.133,ok,,0.25,ok,,0.269,ok,,10.0,False,False,False,False,True,87,True,10,5.8,0.6324555320336759,False
5275,0.0,0,30,other,206,ok,,34,ok,,53,ok,,2,ok,,8,ok,,2,ok,,17.0,ok,,5.03,ok,,11,ok,,0.382,ok,,1.56,ok,,0.039,ok,,0.165,ok,,0.11,ok,,0.0,ok,,7.85,ok,,True,ok,,53.89,ok,,12.81,ok,,8.69,ok,,13.35,ok,,12,ok,,0.353,ok,,1.71,ok,,9,ok,,0.941,ok,,5.488,ok,,161.84,unreliable,MTLD needs about 50 tokens to stabilise; this prompt has 34,4.97,ok,,4.56,ok,,0.294,ok,,24,ok,,5.33,ok,,1.36,ok,,1,ok,,0.029,ok,,0.125,ok,,0,ok,,3,ok,,which,ok,,,not_applicable,"the prompt has 1 distinct wh-word(s), so there is no second one",1,ok,,1,ok,,1,ok,,False,ok,,True,ok,,False,ok,,False,ok,,,not_applicable,"the prompt gives no command, so there is no task verb (a content verb inside a question does not count)",1,ok,,False,ok,,False,ok,,,not_applicable,the prompt does not state how many items it wants,7,ok,,2,ok,,2,ok,,2,ok,,1,ok,,1,ok,,0,ok,,0,ok,,14,ok,,1,ok,,0,ok,,0,ok,,False,ok,,False,ok,,False,ok,,False,ok,,False,ok,,0,ok,,0,ok,,0,ok,,0,ok,,0,ok,,3,ok,,0.125,ok,,True,ok,,1,ok,,relative,ok,,False,ok,,0,ok,,,not_applicable,"the prompt names no year, so there is no earliest year",,not_applicable,"the prompt names no year, so there is no latest year",,not_applicable,"the prompt names no year, so the window has no width; reporting 0 here would look like a single-year constraint",False,ok,,True,ok,,1,ok,,False,ok,,False,ok,,,not_applicable,the prompt is not phrased as a comparison,False,ok,,False,ok,,False,ok,,False,ok,,1,ok,,2,ok,,3,ok,,2,ok,,Fact Retrieval,ok,,1.5,ok,,,not_applicable,no domain lexicon matched this prompt,en,ok,,1.0,ok,,True,ok,,0.0,ok,,0,ok,,0,ok,,False,ok,,0,ok,,0.375,ok,,False,ok,,0,ok,,0.0,ok,,False,ok,,False,ok,,,not_applicable,the prompt does not ask for a particular output format,False,ok,,False,ok,,0.0,ok,,False,ok,,False,ok,,0.995,ok,,0,ok,,True,ok,,0,ok,,0,ok,,0,ok,,1,ok,,False,ok,,False,ok,,False,ok,,0.15,ok,,0.692,ok,,0.167,ok,,0.136,ok,,0.25,ok,,0.464,ok,,7.0,False,False,False,False,False,16,False,7,12.428571428571429,7.9761549395086115,False
5299,0.7000000000000001,21,30,other,816,ok,,141,ok,,176,ok,,1,ok,,11,ok,,13,ok,,141.0,ok,,4.65,ok,,14,ok,,0.25,ok,,1.25,ok,,0.021,ok,,0.173,ok,,0.017,ok,,0.0,ok,,7.49,ok,,True,ok,,64.22,ok,,11.94,ok,,8.96,ok,,10.21,ok,,32,ok,,0.227,ok,,1.51,ok,,23,ok,,0.528,ok,,6.333,ok,,32.05,ok,,5.45,ok,,4.27,ok,,0.514,ok,,69,ok,,5.85,ok,,2.26,ok,,3,ok,,0.021,ok,,0.246,ok,,0,ok,,3,ok,,other,not_applicable,"no interrogative wh-word appears in the prompt, so there is no question word to report",,not_applicable,"the prompt has 0 distinct wh-word(s), so there is no second one",0,ok,,0,ok,,0,ok,,False,ok,,False,ok,,False,ok,,False,ok,,,not_applicable,"the prompt gives no command, so there is no task verb (a content verb inside a question does not count)",0,ok,,False,ok,,False,ok,,,not_applicable,the prompt does not state how many items it wants,18,ok,,1,ok,,1,ok,,1,ok,,0,ok,,1,ok,,0,ok,,0,ok,,10,ok,,0,ok,,1,ok,,4,ok,,False,ok,,False,ok,,False,ok,,False,ok,,False,ok,,0,ok,,0,ok,,0,ok,,0,ok,,0,ok,,2,ok,,0.029,ok,,True,ok,,3,ok,,range,ok,,False,ok,,0,ok,,,not_applicable,"the prompt names no year, so there is no earliest year",,not_applicable,"the prompt names no year, so there is no latest year",,not_applicable,"the prompt names no year, so the window has no width; reporting 0 here would look like a single-year constraint",False,ok,,False,ok,,0,ok,,False,ok,,False,ok,,,not_applicable,the prompt is not phrased as a comparison,True,ok,,False,ok,,False,ok,,False,ok,,0,ok,,3,ok,,4,ok,,1,ok,,Reasoning,ok,,1.0,ok,,,not_applicable,no domain lexicon matched this prompt,en,ok,,1.0,ok,,True,ok,,0.0,ok,,0,ok,,0,ok,,False,ok,,0,ok,,0.582,ok,,False,ok,,0,ok,,0.0,ok,,False,ok,,False,ok,,,not_applicable,the prompt does not ask for a particular output format,False,ok,,False,ok,,0.0,ok,,False,ok,,False,ok,,0.999,ok,,0,ok,,False,ok,,0,ok,,0,ok,,1,ok,,19,ok,,False,ok,,False,ok,,False,ok,,0.0,ok,,0.551,ok,,0.25,ok,,0.125,ok,,0.25,ok,,0.303,ok,,10.0,False,False,False,False,False,7,False,10,73.5,11.138022964402415,False
5354,0.16666666666666666,5,30,other,286,ok,,51,ok,,73,ok,,5,ok,,10,ok,,3,ok,,10.2,ok,,4.48,ok,,12,ok,,0.212,ok,,1.43,ok,,0.038,ok,,0.178,ok,,0.125,ok,,0.0,ok,,6.56,ok,,True,ok,,59.36,ok,,9.61,ok,,5.03,ok,,11.07,ok,,13,ok,,0.255,ok,,1.63,ok,,9,ok,,0.712,ok,,5.131,ok,,45.16,ok,,4.9,ok,,4.6,ok,,0.346,ok,,34,ok,,5.78,ok,,3.02,ok,,0,ok,,0.0,ok,,0.206,ok,,0,ok,,2,ok,,which,ok,,where,ok,,2,ok,,2,ok,,1,ok,,False,ok,,True,ok,,False,ok,,False,ok,,,not_applicable,"the prompt gives no command, so there is no task verb (a content verb inside a question does not count)",1,ok,,False,ok,,False,ok,,,not_applicable,the prompt does not state how many items it wants,5,ok,,5,ok,,5,ok,,4,ok,,1,ok,,1,ok,,3,ok,,0,ok,,20,ok,,0,ok,,0,ok,,0,ok,,False,ok,,False,ok,,False,ok,,False,ok,,False,ok,,0,ok,,0,ok,,0,ok,,0,ok,,0,ok,,5,ok,,0.147,ok,,True,ok,,1,ok,,relative,ok,,False,ok,,0,ok,,,not_applicable,"the prompt names no year, so there is no earliest year",,not_applicable,"the prompt names no year, so there is no latest year",,not_applicable,"the prompt names no year, so the window has no width; reporting 0 here would look like a single-year constraint",False,ok,,False,ok,,0,ok,,False,ok,,False,ok,,,not_applicable,the prompt is not phrased as a comparison,False,ok,,False,ok,,False,ok,,False,ok,,0,ok,,1,ok,,2,ok,,1,ok,,Fact Retrieval,ok,,1.5,ok,,everyday,ok,,en,ok,,1.0,ok,,True,ok,,0.0,ok,,0,ok,,0,ok,,False,ok,,0,ok,,0.48,ok,,False,ok,,0,ok,,0.0,ok,,False,ok,,False,ok,,,not_applicable,the prompt does not ask for a particular output format,False,ok,,False,ok,,0.0,ok,,False,ok,,False,ok,,0.997,ok,,0,ok,,True,ok,,0,ok,,0,ok,,0,ok,,4,ok,,False,ok,,False,ok,,False,ok,,0.15,ok,,0.788,ok,,0.083,ok,,0.119,ok,,0.25,ok,,0.331,ok,,9.0,False,False,False,False,False,8,False,9,23.0,15.748015748023622,False
5384,0.0,0,30,other,101,ok,,28,ok,,58,ok,,2,ok,,11,ok,,1,ok,,14.0,ok,,2.89,ok,,8,ok,,0.056,ok,,2.07,ok,,0.109,ok,,0.277,ok,,0.286,ok,,0.198,ok,,8.82,ok,,True,ok,,81.73,ok,,11.2,ok,,-4.01,ok,,15.74,ok,,0,ok,,0.0,ok,,1.22,ok,,1,ok,,1.0,ok,,4.243,ok,,18.0,unreliable,MTLD needs about 50 tokens to stabilise; this prompt has 18,4.17,ok,,4.56,ok,,0.278,ok,,13,ok,,5.8,ok,,4.58,ok,,0,ok,,0.0,ok,,0.0,ok,,0,ok,,2,ok,,how,ok,,,not_applicable,"the prompt has 1 distinct wh-word(s), so there is no second one",1,ok,,1,ok,,1,ok,,False,ok,,True,ok,,False,ok,,False,ok,,,not_applicable,"the prompt gives no command, so there is no task verb (a content verb inside a question does not count)",1,ok,,False,ok,,False,ok,,,not_applicable,the prompt does not state how many items it wants,5,ok,,3,ok,,7,ok,,3,ok,,0,ok,,2,ok,,0,ok,,1,ok,,9,ok,,0,ok,,0,ok,,0,ok,,False,ok,,False,ok,,False,ok,,False,ok,,False,ok,,0,ok,,10,ok,,0,ok,,0,ok,,0,ok,,13,ok,,1.0,ok,,False,ok,,0,ok,,none,not_applicable,the prompt contains no time expression at all,False,ok,,0,ok,,,not_applicable,"the prompt names no year, so there is no earliest year",,not_applicable,"the prompt names no year, so there is no latest year",,not_applicable,"the prompt names no year, so the window has no width; reporting 0 here would look like a single-year constraint",False,ok,,False,ok,,0,ok,,False,ok,,False,ok,,,not_applicable,the prompt is not phrased as a comparison,False,ok,,True,ok,,False,ok,,False,ok,,0,ok,,0,ok,,2,ok,,1,ok,,Fact Retrieval,ok,,0.5,ok,,,not_applicable,no domain lexicon matched this prompt,en,ok,,1.0,ok,,True,ok,,0.0,ok,,0,ok,,0,ok,,False,ok,,0,ok,,0.554,ok,,False,ok,,0,ok,,0.0,ok,,False,ok,,False,ok,,,not_applicable,the prompt does not ask for a particular output format,False,ok,,False,ok,,0.0,ok,,False,ok,,False,ok,,0.99,ok,,0,ok,,False,ok,,0,ok,,1,ok,,0,ok,,0,ok,,False,ok,,False,ok,,False,ok,,0.0,ok,,1.0,ok,,0.083,ok,,0.143,ok,,0.0,ok,,0.117,ok,,10.0,False,False,False,False,False,8,False,10,2.0,0.0,False
5419,0.0,0,30,other,254,ok,,47,ok,,72,ok,,11,ok,,11,ok,,2,ok,,4.27,ok,,4.11,ok,,12,ok,,0.128,ok,,1.53,ok,,0.094,ok,,0.185,ok,,0.175,ok,,0.0,ok,,5.15,ok,,True,ok,,74.89,ok,,7.16,ok,,3.63,ok,,10.82,ok,,9,ok,,0.191,ok,,1.45,ok,,6,ok,,0.83,ok,,5.689,ok,,58.08,unreliable,MTLD needs about 50 tokens to stabilise; this prompt has 47,5.08,ok,,4.72,ok,,0.255,ok,,35,ok,,5.7,ok,,4.01,ok,,0,ok,,0.0,ok,,0.029,ok,,0,ok,,2,ok,,other,not_applicable,"no interrogative wh-word appears in the prompt, so there is no question word to report",,not_applicable,"the prompt has 0 distinct wh-word(s), so there is no second one",0,ok,,0,ok,,0,ok,,False,ok,,False,ok,,False,ok,,False,ok,,,not_applicable,"the prompt gives no command, so there is no task verb (a content verb inside a question does not count)",0,ok,,False,ok,,False,ok,,,not_applicable,the prompt does not state how many items it wants,5,ok,,13,ok,,13,ok,,5,ok,,2,ok,,2,ok,,9,ok,,0,ok,,28,ok,,0,ok,,0,ok,,0,ok,,False,ok,,False,ok,,False,ok,,False,ok,,False,ok,,0,ok,,0,ok,,0,ok,,0,ok,,0,ok,,13,ok,,0.371,ok,,False,ok,,0,ok,,none,not_applicable,the prompt contains no time expression at all,False,ok,,0,ok,,,not_applicable,"the prompt names no year, so there is no earliest year",,not_applicable,"the prompt names no year, so there is no latest year",,not_applicable,"the prompt names no year, so the window has no width; reporting 0 here would look like a single-year constraint",False,ok,,False,ok,,0,ok,,False,ok,,False,ok,,,not_applicable,the prompt is not phrased as a comparison,False,ok,,True,ok,,False,ok,,False,ok,,0,ok,,1,ok,,3,ok,,0,ok,,Fact Retrieval,ok,,0.5,ok,,,not_applicable,no domain lexicon matched this prompt,en,ok,,1.0,ok,,True,ok,,0.0,ok,,0,ok,,0,ok,,False,ok,,0,ok,,0.421,ok,,False,ok,,0,ok,,0.0,ok,,False,ok,,False,ok,,,not_applicable,the prompt does not ask for a particular output format,False,ok,,False,ok,,0.0,ok,,False,ok,,False,ok,,0.996,ok,,1,ok,,False,ok,,0,ok,,0,ok,,0,ok,,4,ok,,False,ok,,False,ok,,False,ok,,0.2,ok,,0.923,ok,,0.167,ok,,0.079,ok,,0.0,ok,,0.286,ok,,10.0,False,False,False,False,False,14,False,10,14.7,6.848357467305573,False
5473,0.0,0,30,other,956,ok,,148,ok,,186,ok,,9,ok,,10,ok,,19,ok,,16.44,ok,,5.32,ok,,11,ok,,0.356,ok,,1.26,ok,,0.026,ok,,0.155,ok,,0.024,ok,,0.0,ok,,11.79,ok,,True,ok,,36.9,ok,,13.76,ok,,12.89,ok,,11.2,ok,,23,ok,,0.155,ok,,1.83,ok,,30,ok,,0.403,ok,,4.915,ok,,34.84,ok,,5.33,ok,,4.3,ok,,0.47,ok,,79,ok,,5.79,ok,,1.88,ok,,9,ok,,0.06,ok,,0.329,ok,,0,ok,,2,ok,,which,ok,,,not_applicable,"the prompt has 1 distinct wh-word(s), so there is no second one",3,ok,,1,ok,,1,ok,,False,ok,,True,ok,,False,ok,,False,ok,,,not_applicable,"the prompt gives no command, so there is no task verb (a content verb inside a question does not count)",1,ok,,False,ok,,False,ok,,,not_applicable,the prompt does not state how many items it wants,12,ok,,6,ok,,8,ok,,2,ok,,6,ok,,0,ok,,0,ok,,0,ok,,15,ok,,0,ok,,0,ok,,0,ok,,False,ok,,False,ok,,False,ok,,False,ok,,False,ok,,0,ok,,0,ok,,0,ok,,0,ok,,0,ok,,6,ok,,0.076,ok,,True,ok,,1,ok,,relative,ok,,False,ok,,0,ok,,,not_applicable,"the prompt names no year, so there is no earliest year",,not_applicable,"the prompt names no year, so there is no latest year",,not_applicable,"the prompt names no year, so the window has no width; reporting 0 here would look like a single-year constraint",False,ok,,True,ok,,3,ok,,True,ok,,True,ok,,2.0,ok,,False,ok,,False,ok,,True,ok,,False,ok,,0,ok,,4,ok,,5,ok,,4,ok,,Comparison,ok,,1.5,ok,,medical,ok,,en,ok,,1.0,ok,,True,ok,,0.0,ok,,0,ok,,0,ok,,False,ok,,0,ok,,0.707,ok,,False,ok,,0,ok,,0.0,ok,,False,ok,,False,ok,,,not_applicable,the prompt does not ask for a particular output format,False,ok,,False,ok,,0.0,ok,,False,ok,,False,ok,,0.999,ok,,0,ok,,True,ok,,0,ok,,0,ok,,0,ok,,15,ok,,False,ok,,False,ok,,False,ok,,0.15,ok,,0.662,ok,,0.5,ok,,0.183,ok,,0.25,ok,,0.656,ok,,9.0,False,False,False,False,False,25,False,9,84.88888888888889,34.23610829389215,False
5496,0.03333333333333333,1,30,other,248,ok,,36,ok,,65,ok,,1,ok,,11,ok,,4,ok,,36.0,ok,,5.83,ok,,14,ok,,0.457,ok,,1.81,ok,,0.056,ok,,0.145,ok,,0.113,ok,,0.016,ok,,24.34,ok,,True,ok,,-15.35,ok,,28.84,ok,,15.28,ok,,17.26,ok,,18,ok,,0.5,ok,,2.23,ok,,13,ok,,0.971,ok,,5.747,ok,,343.0,unreliable,MTLD needs about 50 tokens to stabilise; this prompt has 35,5.07,ok,,4.81,ok,,0.171,ok,,29,ok,,4.96,ok,,0.0,ok,,3,ok,,0.086,ok,,0.379,ok,,1,ok,,2,ok,,which,ok,,,not_applicable,"the prompt has 1 distinct wh-word(s), so there is no second one",1,ok,,1,ok,,1,ok,,False,ok,,True,ok,,False,ok,,False,ok,,,not_applicable,"the prompt gives no command, so there is no task verb (a content verb inside a question does not count)",1,ok,,False,ok,,False,ok,,,not_applicable,the prompt does not state how many items it wants,10,ok,,2,ok,,3,ok,,2,ok,,2,ok,,0,ok,,0,ok,,0,ok,,21,ok,,0,ok,,0,ok,,0,ok,,False,ok,,False,ok,,False,ok,,False,ok,,False,ok,,0,ok,,1,ok,,0,ok,,0,ok,,0,ok,,3,ok,,0.103,ok,,True,ok,,1,ok,,absolute,ok,,False,ok,,1,ok,,1972.0,ok,,1972.0,ok,,0.0,ok,,False,ok,,False,ok,,0,ok,,False,ok,,False,ok,,,not_applicable,the prompt is not phrased as a comparison,False,ok,,False,ok,,False,ok,,False,ok,,0,ok,,2,ok,,3,ok,,2,ok,,Fact Retrieval,ok,,1.5,ok,,legal,ok,,en,ok,,1.0,ok,,True,ok,,0.0,ok,,0,ok,,0,ok,,False,ok,,0,ok,,0.503,ok,,False,ok,,0,ok,,0.0,ok,,False,ok,,False,ok,,,not_applicable,the prompt does not ask for a particular output format,False,ok,,False,ok,,0.0,ok,,True,ok,,False,ok,,0.996,ok,,0,ok,,False,ok,,0,ok,,0,ok,,0,ok,,0,ok,,False,ok,,False,ok,,False,ok,,0.0,ok,,0.678,ok,,0.167,ok,,0.297,ok,,0.25,ok,,0.334,ok,,10.0,False,False,False,False,False,16,False,10,10.1,2.024845673131659,False
5596,0.09999999999999999,3,30,other,791,ok,,118,ok,,148,ok,,1,ok,,11,ok,,12,ok,,118.0,ok,,5.69,ok,,13,ok,,0.393,ok,,1.25,ok,,0.016,ok,,0.149,ok,,0.017,ok,,0.005,ok,,10.49,ok,,True,ok,,38.93,ok,,15.14,ok,,13.88,ok,,11.8,ok,,31,ok,,0.263,ok,,1.86,ok,,32,ok,,0.615,ok,,6.656,ok,,51.57,ok,,5.83,ok,,4.34,ok,,0.419,ok,,68,ok,,5.64,ok,,2.59,ok,,3,ok,,0.026,ok,,0.309,ok,,0,ok,,3,ok,,other,not_applicable,"no interrogative wh-word appears in the prompt, so there is no question word to report",,not_applicable,"the prompt has 0 distinct wh-word(s), so there is no second one",0,ok,,0,ok,,0,ok,,False,ok,,False,ok,,False,ok,,False,ok,,,not_applicable,"the prompt gives no command, so there is no task verb (a content verb inside a question does not count)",0,ok,,False,ok,,False,ok,,,not_applicable,the prompt does not state how many items it wants,11,ok,,2,ok,,4,ok,,3,ok,,0,ok,,2,ok,,0,ok,,0,ok,,10,ok,,0,ok,,0,ok,,0,ok,,False,ok,,False,ok,,False,ok,,False,ok,,False,ok,,0,ok,,1,ok,,0,ok,,0,ok,,0,ok,,3,ok,,0.044,ok,,True,ok,,3,ok,,range,ok,,False,ok,,1,ok,,1998.0,ok,,1998.0,ok,,0.0,ok,,False,ok,,False,ok,,0,ok,,True,ok,,True,ok,,2.0,ok,,True,ok,,True,ok,,False,ok,,False,ok,,0,ok,,2,ok,,5,ok,,3,ok,,Comparison,ok,,1.5,ok,,,not_applicable,no domain lexicon matched this prompt,en,ok,,1.0,ok,,True,ok,,0.0,ok,,0,ok,,0,ok,,False,ok,,0,ok,,0.516,ok,,False,ok,,0,ok,,0.0,ok,,False,ok,,False,ok,,,not_applicable,the prompt does not ask for a particular output format,False,ok,,False,ok,,0.0,ok,,False,ok,,False,ok,,0.999,ok,,0,ok,,False,ok,,0,ok,,0,ok,,0,ok,,9,ok,,False,ok,,False,ok,,False,ok,,0.0,ok,,0.726,ok,,0.5,ok,,0.148,ok,,0.25,ok,,0.508,ok,,10.0,False,False,False,False,False,14,False,10,64.2,7.269418439218122,False
5622,0.03333333333333333,1,30,other,705,ok,,150,ok,,179,ok,,2,ok,,11,ok,,21,ok,,75.0,ok,,3.7,ok,,11,ok,,0.108,ok,,1.19,ok,,0.021,ok,,0.213,ok,,0.063,ok,,0.004,ok,,5.12,ok,,True,ok,,78.94,ok,,7.28,ok,,2.51,ok,,11.05,ok,,15,ok,,0.1,ok,,1.38,ok,,10,ok,,0.378,ok,,4.603,ok,,26.86,ok,,5.26,ok,,4.42,ok,,0.392,ok,,71,ok,,5.71,ok,,3.63,ok,,0,ok,,0.0,ok,,0.042,ok,,0,ok,,2,ok,,other,not_applicable,"no interrogative wh-word appears in the prompt, so there is no question word to report",,not_applicable,"the prompt has 0 distinct wh-word(s), so there is no second one",0,ok,,0,ok,,0,ok,,False,ok,,False,ok,,False,ok,,False,ok,,,not_applicable,"the prompt gives no command, so there is no task verb (a content verb inside a question does not count)",0,ok,,False,ok,,False,ok,,,not_applicable,the prompt does not state how many items it wants,10,ok,,4,ok,,10,ok,,5,ok,,2,ok,,2,ok,,0,ok,,0,ok,,24,ok,,0,ok,,0,ok,,0,ok,,False,ok,,False,ok,,False,ok,,False,ok,,False,ok,,0,ok,,2,ok,,0,ok,,0,ok,,0,ok,,6,ok,,0.085,ok,,True,ok,,3,ok,,relative,ok,,True,ok,,0,ok,,,not_applicable,"the prompt names no year, so there is no earliest year",,not_applicable,"the prompt names no year, so there is no latest year",,not_applicable,"the prompt names no year, so the window has no width; reporting 0 here would look like a single-year constraint",False,ok,,False,ok,,0,ok,,False,ok,,True,ok,,2.0,ok,,False,ok,,False,ok,,False,ok,,False,ok,,0,ok,,3,ok,,5,ok,,2,ok,,Comparison,ok,,1.5,ok,,,not_applicable,no domain lexicon matched this prompt,en,ok,,1.0,ok,,True,ok,,0.0,ok,,0,ok,,0,ok,,False,ok,,0,ok,,0.795,ok,,False,ok,,0,ok,,0.0,ok,,False,ok,,False,ok,,,not_applicable,the prompt does not ask for a particular output format,False,ok,,False,ok,,0.0,ok,,False,ok,,False,ok,,0.999,ok,,0,ok,,False,ok,,0,ok,,0,ok,,0,ok,,4,ok,,False,ok,,False,ok,,False,ok,,0.0,ok,,0.751,ok,,0.5,ok,,0.038,ok,,0.75,ok,,0.582,ok,,10.0,False,False,False,False,False,55,False,10,38.1,11.957796155182145,False
5692,0.3666666666666667,11,30,other,135,ok,,28,ok,,52,ok,,1,ok,,11,ok,,1,ok,,28.0,ok,,3.59,ok,,8,ok,,0.034,ok,,1.86,ok,,0.104,ok,,0.207,ok,,0.204,ok,,0.0,ok,,9.66,ok,,True,ok,,75.69,ok,,11.2,ok,,2.41,ok,,10.66,ok,,2,ok,,0.071,ok,,1.21,ok,,0,ok,,1.0,ok,,5.385,ok,,29.0,unreliable,MTLD needs about 50 tokens to stabilise; this prompt has 29,4.86,ok,,4.72,ok,,0.172,ok,,24,ok,,5.51,ok,,3.76,ok,,0,ok,,0.0,ok,,0.0,ok,,0,ok,,2,ok,,what,ok,,,not_applicable,"the prompt has 1 distinct wh-word(s), so there is no second one",1,ok,,1,ok,,1,ok,,False,ok,,True,ok,,False,ok,,False,ok,,,not_applicable,"the prompt gives no command, so there is no task verb (a content verb inside a question does not count)",1,ok,,False,ok,,False,ok,,,not_applicable,the prompt does not state how many items it wants,5,ok,,3,ok,,3,ok,,1,ok,,3,ok,,0,ok,,0,ok,,0,ok,,17,ok,,0,ok,,1,ok,,5,ok,,False,ok,,False,ok,,False,ok,,False,ok,,False,ok,,0,ok,,0,ok,,0,ok,,0,ok,,0,ok,,4,ok,,0.167,ok,,False,ok,,0,ok,,none,not_applicable,the prompt contains no time expression at all,False,ok,,0,ok,,,not_applicable,"the prompt names no year, so there is no earliest year",,not_applicable,"the prompt names no year, so there is no latest year",,not_applicable,"the prompt names no year, so the window has no width; reporting 0 here would look like a single-year constraint",False,ok,,False,ok,,0,ok,,False,ok,,False,ok,,,not_applicable,the prompt is not phrased as a comparison,False,ok,,False,ok,,False,ok,,False,ok,,0,ok,,1,ok,,2,ok,,0,ok,,Fact Retrieval,ok,,0.5,ok,,everyday,ok,,en,ok,,1.0,ok,,True,ok,,0.0,ok,,0,ok,,0,ok,,False,ok,,0,ok,,0.479,ok,,False,ok,,0,ok,,0.0,ok,,False,ok,,False,ok,,,not_applicable,the prompt does not ask for a particular output format,False,ok,,False,ok,,0.0,ok,,False,ok,,False,ok,,0.993,ok,,0,ok,,False,ok,,0,ok,,0,ok,,0,ok,,1,ok,,False,ok,,False,ok,,False,ok,,0.0,ok,,0.634,ok,,0.083,ok,,0.115,ok,,0.0,ok,,0.102,ok,,10.0,False,False,False,False,False,8,False,10,4.9,0.9944289260117531,False
5913,0.0,0,30,other,265,ok,,51,ok,,107,ok,,2,ok,,11,ok,,2,ok,,25.5,ok,,3.5,ok,,10,ok,,0.132,ok,,2.1,ok,,0.143,ok,,0.192,ok,,0.089,ok,,0.2,ok,,18.18,ok,,True,ok,,55.54,ok,,21.97,ok,,3.64,ok,,14.22,ok,,4,ok,,0.078,ok,,1.24,ok,,2,ok,,0.921,ok,,5.678,ok,,134.77,unreliable,MTLD needs about 50 tokens to stabilise; this prompt has 38,5.07,ok,,4.67,ok,,0.395,ok,,23,ok,,5.92,ok,,2.83,ok,,1,ok,,0.026,ok,,0.087,ok,,0,ok,,2,ok,,what,ok,,,not_applicable,"the prompt has 1 distinct wh-word(s), so there is no second one",1,ok,,1,ok,,1,ok,,False,ok,,True,ok,,False,ok,,False,ok,,give,ok,,1,ok,,False,ok,,False,ok,,,not_applicable,the prompt does not state how many items it wants,10,ok,,1,ok,,12,ok,,4,ok,,0,ok,,1,ok,,0,ok,,0,ok,,12,ok,,0,ok,,0,ok,,0,ok,,False,ok,,False,ok,,False,ok,,False,ok,,True,ok,,0,ok,,13,ok,,1,ok,,12,ok,,0,ok,,27,ok,,1.174,ok,,False,ok,,0,ok,,none,not_applicable,the prompt contains no time expression at all,False,ok,,0,ok,,,not_applicable,"the prompt names no year, so there is no earliest year",,not_applicable,"the prompt names no year, so there is no latest year",,not_applicable,"the prompt names no year, so the window has no width; reporting 0 here would look like a single-year constraint",False,ok,,False,ok,,0,ok,,False,ok,,False,ok,,,not_applicable,the prompt is not phrased as a comparison,False,ok,,False,ok,,False,ok,,False,ok,,0,ok,,2,ok,,3,ok,,1,ok,,Math,ok,,2.0,ok,,finance,ok,,en,ok,,1.0,ok,,True,ok,,0.0,ok,,0,ok,,0,ok,,False,ok,,0,ok,,0.717,ok,,False,ok,,0,ok,,0.0,ok,,False,ok,,False,ok,,,not_applicable,the prompt does not ask for a particular output format,False,ok,,False,ok,,0.0,ok,,False,ok,,False,ok,,0.996,ok,,0,ok,,False,ok,,0,ok,,0,ok,,0,ok,,1,ok,,False,ok,,False,ok,,False,ok,,0.0,ok,,1.0,ok,,0.167,ok,,0.194,ok,,0.0,ok,,0.181,ok,,10.0,False,False,False,False,True,31,False,10,6.3,1.1595018087284057,False
5938,0.03333333333333333,1,30,other,619,ok,,99,ok,,124,ok,,4,ok,,11,ok,,6,ok,,24.75,ok,,5.23,ok,,14,ok,,0.293,ok,,1.25,ok,,0.019,ok,,0.16,ok,,0.057,ok,,0.0,ok,,9.49,ok,,True,ok,,43.03,ok,,12.49,ok,,10.67,ok,,11.9,ok,,31,ok,,0.313,ok,,1.83,ok,,23,ok,,0.697,ok,,6.935,ok,,91.81,ok,,5.79,ok,,4.5,ok,,0.343,ok,,65,ok,,5.65,ok,,1.88,ok,,1,ok,,0.01,ok,,0.169,ok,,0,ok,,3,ok,,which,ok,,,not_applicable,"the prompt has 1 distinct wh-word(s), so there is no second one",2,ok,,1,ok,,1,ok,,False,ok,,True,ok,,False,ok,,False,ok,,,not_applicable,"the prompt gives no command, so there is no task verb (a content verb inside a question does not count)",1,ok,,False,ok,,False,ok,,,not_applicable,the prompt does not state how many items it wants,10,ok,,4,ok,,5,ok,,5,ok,,1,ok,,2,ok,,0,ok,,1,ok,,16,ok,,1,ok,,0,ok,,0,ok,,False,ok,,False,ok,,False,ok,,False,ok,,False,ok,,0,ok,,0,ok,,0,ok,,0,ok,,0,ok,,5,ok,,0.077,ok,,True,ok,,2,ok,,relative,ok,,True,ok,,0,ok,,,not_applicable,"the prompt names no year, so there is no earliest year",,not_applicable,"the prompt names no year, so there is no latest year",,not_applicable,"the prompt names no year, so the window has no width; reporting 0 here would look like a single-year constraint",False,ok,,True,ok,,1,ok,,False,ok,,False,ok,,,not_applicable,the prompt is not phrased as a comparison,False,ok,,True,ok,,False,ok,,False,ok,,0,ok,,3,ok,,5,ok,,2,ok,,Fact Retrieval,ok,,1.5,ok,,history,ok,,en,ok,,1.0,ok,,True,ok,,0.0,ok,,0,ok,,0,ok,,False,ok,,0,ok,,0.523,ok,,False,ok,,0,ok,,0.0,ok,,False,ok,,False,ok,,,not_applicable,the prompt does not ask for a particular output format,False,ok,,False,ok,,0.0,ok,,False,ok,,False,ok,,0.998,ok,,0,ok,,True,ok,,0,ok,,0,ok,,1,ok,,6,ok,,False,ok,,False,ok,,False,ok,,0.15,ok,,0.746,ok,,0.25,ok,,0.092,ok,,0.75,ok,,0.645,ok,,10.0,True,False,False,False,False,15,False,10,49.4,8.934328302800509,False
5950,0.0,0,30,other,745,ok,,147,ok,,178,ok,,17,ok,,11,ok,,27,ok,,8.65,ok,,3.97,ok,,13,ok,,0.122,ok,,1.21,ok,,0.036,ok,,0.197,ok,,0.037,ok,,0.0,ok,,5.4,ok,,True,ok,,78.15,ok,,7.62,ok,,4.31,ok,,9.19,ok,,17,ok,,0.116,ok,,1.37,ok,,10,ok,,0.395,ok,,4.784,ok,,25.76,ok,,5.08,ok,,4.19,ok,,0.605,ok,,58,ok,,6.0,ok,,2.48,ok,,2,ok,,0.014,ok,,0.155,ok,,1,ok,,3,ok,,what,ok,,when,ok,,3,ok,,2,ok,,1,ok,,False,ok,,True,ok,,False,ok,,False,ok,,,not_applicable,"the prompt gives no command, so there is no task verb (a content verb inside a question does not count)",2,ok,,True,ok,,False,ok,,,not_applicable,the prompt does not state how many items it wants,11,ok,,1,ok,,1,ok,,1,ok,,0,ok,,1,ok,,0,ok,,0,ok,,9,ok,,0,ok,,1,ok,,2,ok,,False,ok,,False,ok,,False,ok,,False,ok,,False,ok,,0,ok,,0,ok,,0,ok,,0,ok,,0,ok,,2,ok,,0.034,ok,,True,ok,,1,ok,,relative,ok,,True,ok,,0,ok,,,not_applicable,"the prompt names no year, so there is no earliest year",,not_applicable,"the prompt names no year, so there is no latest year",,not_applicable,"the prompt names no year, so the window has no width; reporting 0 here would look like a single-year constraint",False,ok,,True,ok,,8,ok,,True,ok,,False,ok,,,not_applicable,the prompt is not phrased as a comparison,True,ok,,False,ok,,False,ok,,False,ok,,0,ok,,1,ok,,2,ok,,3,ok,,Reasoning,ok,,1.0,ok,,,not_applicable,no domain lexicon matched this prompt,en,ok,,1.0,ok,,True,ok,,0.0,ok,,0,ok,,0,ok,,False,ok,,0,ok,,0.766,ok,,False,ok,,0,ok,,0.0,ok,,False,ok,,False,ok,,,not_applicable,the prompt does not ask for a particular output format,False,ok,,False,ok,,0.0,ok,,False,ok,,False,ok,,0.999,ok,,0,ok,,False,ok,,0,ok,,3,ok,,11,ok,,2,ok,,False,ok,,False,ok,,False,ok,,0.0,ok,,0.554,ok,,0.258,ok,,0.086,ok,,0.75,ok,,0.662,ok,,10.0,False,False,False,False,False,28,False,10,53.6,11.91823998937949,False
6069,0.6666666666666666,20,30,health,219,ok,,36,ok,,70,ok,,1,ok,,11,ok,,2,ok,,36.0,ok,,5.06,ok,,11,ok,,0.361,ok,,1.94,ok,,0.05,ok,,0.164,ok,,0.14,ok,,0.0,ok,,7.4,ok,,True,ok,,52.7,ok,,11.29,ok,,6.98,ok,,13.58,ok,,12,ok,,0.333,ok,,1.75,ok,,9,ok,,1.0,ok,,6.0,ok,,36.0,unreliable,MTLD needs about 50 tokens to stabilise; this prompt has 36,5.17,ok,,4.69,ok,,0.222,ok,,28,ok,,4.94,ok,,2.04,ok,,4,ok,,0.111,ok,,0.214,ok,,0,ok,,4,ok,,which,ok,,,not_applicable,"the prompt has 1 distinct wh-word(s), so there is no second one",1,ok,,1,ok,,0,ok,,False,ok,,True,ok,,False,ok,,False,ok,,,not_applicable,"the prompt gives no command, so there is no task verb (a content verb inside a question does not count)",0,ok,,False,ok,,False,ok,,,not_applicable,the prompt does not state how many items it wants,10,ok,,0,ok,,0,ok,,0,ok,,0,ok,,0,ok,,0,ok,,0,ok,,25,ok,,0,ok,,0,ok,,0,ok,,False,ok,,False,ok,,False,ok,,False,ok,,False,ok,,0,ok,,0,ok,,0,ok,,0,ok,,0,ok,,0,ok,,0.0,ok,,True,ok,,1,ok,,relative,ok,,False,ok,,0,ok,,,not_applicable,"the prompt names no year, so there is no earliest year",,not_applicable,"the prompt names no year, so there is no latest year",,not_applicable,"the prompt names no year, so the window has no width; reporting 0 here would look like a single-year constraint",False,ok,,False,ok,,0,ok,,False,ok,,False,ok,,,not_applicable,the prompt is not phrased as a comparison,False,ok,,True,ok,,False,ok,,False,ok,,0,ok,,0,ok,,2,ok,,1,ok,,Fact Retrieval,ok,,1.0,ok,,medical,ok,,en,ok,,1.0,ok,,True,ok,,0.0,ok,,0,ok,,0,ok,,False,ok,,0,ok,,0.472,ok,,False,ok,,0,ok,,0.0,ok,,False,ok,,False,ok,,,not_applicable,the prompt does not ask for a particular output format,False,ok,,False,ok,,0.0,ok,,False,ok,,False,ok,,0.995,ok,,0,ok,,True,ok,,0,ok,,1,ok,,0,ok,,0,ok,,False,ok,,True,ok,,True,ok,,0.5,ok,,0.0,ok,,0.083,ok,,0.287,ok,,0.25,ok,,0.613,ok,,10.0,False,False,False,False,False,11,False,10,11.6,3.025814858109391,False
6089,0.6,18,30,health,548,ok,,106,ok,,135,ok,,9,ok,,11,ok,,14,ok,,11.78,ok,,4.16,ok,,12,ok,,0.151,ok,,1.27,ok,,0.02,ok,,0.193,ok,,0.049,ok,,0.0,ok,,5.2,ok,,True,ok,,74.94,ok,,9.51,ok,,4.71,ok,,9.78,ok,,21,ok,,0.198,ok,,1.44,ok,,16,ok,,0.604,ok,,6.216,ok,,49.05,ok,,5.56,ok,,4.37,ok,,0.5,ok,,53,ok,,5.73,ok,,1.16,ok,,4,ok,,0.038,ok,,0.245,ok,,0,ok,,3,ok,,which,ok,,,not_applicable,"the prompt has 1 distinct wh-word(s), so there is no second one",1,ok,,1,ok,,1,ok,,False,ok,,True,ok,,False,ok,,False,ok,,,not_applicable,"the prompt gives no command, so there is no task verb (a content verb inside a question does not count)",1,ok,,False,ok,,False,ok,,,not_applicable,the prompt does not state how many items it wants,7,ok,,4,ok,,6,ok,,5,ok,,2,ok,,2,ok,,0,ok,,0,ok,,14,ok,,0,ok,,0,ok,,0,ok,,False,ok,,False,ok,,False,ok,,False,ok,,False,ok,,0,ok,,0,ok,,0,ok,,0,ok,,0,ok,,4,ok,,0.075,ok,,True,ok,,2,ok,,relative,ok,,False,ok,,0,ok,,,not_applicable,"the prompt names no year, so there is no earliest year",,not_applicable,"the prompt names no year, so there is no latest year",,not_applicable,"the prompt names no year, so the window has no width; reporting 0 here would look like a single-year constraint",False,ok,,True,ok,,1,ok,,False,ok,,False,ok,,,not_applicable,the prompt is not phrased as a comparison,True,ok,,False,ok,,False,ok,,False,ok,,0,ok,,1,ok,,2,ok,,2,ok,,Reasoning,ok,,2.0,ok,,medical,ok,,en,ok,,1.0,ok,,True,ok,,0.0,ok,,0,ok,,0,ok,,False,ok,,0,ok,,0.588,ok,,False,ok,,0,ok,,0.0,ok,,False,ok,,False,ok,,,not_applicable,the prompt does not ask for a particular output format,False,ok,,False,ok,,0.0,ok,,False,ok,,False,ok,,0.998,ok,,0,ok,,True,ok,,0,ok,,0,ok,,1,ok,,4,ok,,False,ok,,False,ok,,False,ok,,0.15,ok,,0.745,ok,,0.083,ok,,0.141,ok,,0.25,ok,,0.438,ok,,10.0,False,False,False,False,False,11,False,10,44.3,8.407007658957959,False
6196,1.0,30,30,health,139,ok,,30,ok,,62,ok,,2,ok,,11,ok,,2,ok,,15.0,ok,,3.85,ok,,10,ok,,0.15,ok,,2.07,ok,,0.151,ok,,0.216,ok,,0.164,ok,,0.151,ok,,11.45,ok,,True,ok,,66.41,ok,,16.0,ok,,0.23,ok,,17.76,ok,,5,ok,,0.167,ok,,1.45,ok,,3,ok,,1.0,ok,,4.472,ok,,20.0,unreliable,MTLD needs about 50 tokens to stabilise; this prompt has 20,4.32,ok,,4.7,ok,,0.2,ok,,16,ok,,5.39,ok,,2.53,ok,,1,ok,,0.05,ok,,0.188,ok,,0,ok,,2,ok,,what,ok,,,not_applicable,"the prompt has 1 distinct wh-word(s), so there is no second one",1,ok,,1,ok,,1,ok,,False,ok,,True,ok,,False,ok,,False,ok,,,not_applicable,"the prompt gives no command, so there is no task verb (a content verb inside a question does not count)",1,ok,,False,ok,,False,ok,,,not_applicable,the prompt does not state how many items it wants,11,ok,,0,ok,,4,ok,,1,ok,,0,ok,,0,ok,,0,ok,,0,ok,,9,ok,,0,ok,,0,ok,,0,ok,,False,ok,,False,ok,,False,ok,,False,ok,,False,ok,,0,ok,,10,ok,,10,ok,,0,ok,,0,ok,,20,ok,,1.25,ok,,False,ok,,0,ok,,none,not_applicable,the prompt contains no time expression at all,False,ok,,0,ok,,,not_applicable,"the prompt names no year, so there is no earliest year",,not_applicable,"the prompt names no year, so there is no latest year",,not_applicable,"the prompt names no year, so the window has no width; reporting 0 here would look like a single-year constraint",False,ok,,False,ok,,0,ok,,False,ok,,False,ok,,,not_applicable,the prompt is not phrased as a comparison,False,ok,,False,ok,,False,ok,,False,ok,,0,ok,,1,ok,,2,ok,,1,ok,,Definition,ok,,1.0,ok,,,not_applicable,no domain lexicon matched this prompt,en,ok,,1.0,ok,,True,ok,,0.0,ok,,0,ok,,0,ok,,False,ok,,0,ok,,0.627,ok,,False,ok,,0,ok,,0.0,ok,,False,ok,,False,ok,,,not_applicable,the prompt does not ask for a particular output format,False,ok,,False,ok,,0.0,ok,,False,ok,,False,ok,,0.993,ok,,0,ok,,False,ok,,0,ok,,0,ok,,0,ok,,1,ok,,False,ok,,False,ok,,False,ok,,0.0,ok,,0.833,ok,,0.083,ok,,0.241,ok,,0.0,ok,,0.162,ok,,10.0,False,False,False,True,False,10,False,10,3.1,0.3162277660168379,False
6214,1.0,30,30,health,310,ok,,53,ok,,80,ok,,2,ok,,11,ok,,8,ok,,26.5,ok,,4.72,ok,,12,ok,,0.296,ok,,1.51,ok,,0.039,ok,,0.171,ok,,0.102,ok,,0.0,ok,,5.19,ok,,True,ok,,68.37,ok,,6.88,ok,,5.98,ok,,11.97,ok,,15,ok,,0.283,ok,,1.54,ok,,7,ok,,0.926,ok,,6.804,ok,,204.12,ok,,5.59,ok,,4.66,ok,,0.333,ok,,36,ok,,5.61,ok,,2.54,ok,,2,ok,,0.037,ok,,0.167,ok,,0,ok,,3,ok,,which,ok,,who,ok,,2,ok,,2,ok,,1,ok,,False,ok,,True,ok,,False,ok,,False,ok,,,not_applicable,"the prompt gives no command, so there is no task verb (a content verb inside a question does not count)",2,ok,,True,ok,,False,ok,,,not_applicable,the prompt does not state how many items it wants,8,ok,,8,ok,,8,ok,,5,ok,,3,ok,,3,ok,,1,ok,,1,ok,,14,ok,,1,ok,,0,ok,,0,ok,,False,ok,,False,ok,,False,ok,,False,ok,,False,ok,,0,ok,,0,ok,,0,ok,,0,ok,,0,ok,,9,ok,,0.25,ok,,True,ok,,1,ok,,relative,ok,,False,ok,,0,ok,,,not_applicable,"the prompt names no year, so there is no earliest year",,not_applicable,"the prompt names no year, so there is no latest year",,not_applicable,"the prompt names no year, so the window has no width; reporting 0 here would look like a single-year constraint",False,ok,,True,ok,,1,ok,,False,ok,,False,ok,,,not_applicable,the prompt is not phrased as a comparison,False,ok,,False,ok,,False,ok,,False,ok,,1,ok,,1,ok,,2,ok,,2,ok,,Fact Retrieval,ok,,1.5,ok,,everyday,ok,,en,ok,,1.0,ok,,True,ok,,0.0,ok,,0,ok,,0,ok,,False,ok,,0,ok,,0.466,ok,,False,ok,,0,ok,,0.0,ok,,False,ok,,False,ok,,,not_applicable,the prompt does not ask for a particular output format,False,ok,,False,ok,,0.0,ok,,False,ok,,False,ok,,0.997,ok,,0,ok,,True,ok,,0,ok,,0,ok,,0,ok,,2,ok,,False,ok,,False,ok,,False,ok,,0.15,ok,,0.85,ok,,0.258,ok,,0.149,ok,,0.25,ok,,0.497,ok,,10.0,True,False,False,False,False,18,False,10,17.0,6.200358412579424,False
6399,0.0,0,30,health,722,ok,,128,ok,,189,ok,,11,ok,,11,ok,,1,ok,,11.64,ok,,4.54,ok,,12,ok,,0.336,ok,,1.48,ok,,0.032,ok,,0.177,ok,,0.037,ok,,0.0,ok,,9.05,ok,,True,ok,,50.94,ok,,15.9,ok,,7.53,ok,,10.5,ok,,10,ok,,0.078,ok,,1.7,ok,,36,ok,,0.258,ok,,2.917,ok,,18.74,ok,,4.26,ok,,4.19,ok,,0.492,ok,,65,ok,,5.51,ok,,1.62,ok,,14,ok,,0.109,ok,,0.385,ok,,0,ok,,4,ok,,what,ok,,,not_applicable,"the prompt has 1 distinct wh-word(s), so there is no second one",1,ok,,1,ok,,1,ok,,False,ok,,True,ok,,False,ok,,False,ok,,,not_applicable,"the prompt gives no command, so there is no task verb (a content verb inside a question does not count)",1,ok,,False,ok,,False,ok,,,not_applicable,the prompt does not state how many items it wants,8,ok,,1,ok,,1,ok,,1,ok,,0,ok,,1,ok,,0,ok,,0,ok,,10,ok,,0,ok,,0,ok,,0,ok,,False,ok,,False,ok,,False,ok,,False,ok,,False,ok,,0,ok,,0,ok,,0,ok,,0,ok,,0,ok,,1,ok,,0.015,ok,,False,ok,,0,ok,,none,not_applicable,the prompt contains no time expression at all,False,ok,,0,ok,,,not_applicable,"the prompt names no year, so there is no earliest year",,not_applicable,"the prompt names no year, so there is no latest year",,not_applicable,"the prompt names no year, so the window has no width; reporting 0 here would look like a single-year constraint",False,ok,,False,ok,,0,ok,,False,ok,,False,ok,,,not_applicable,the prompt is not phrased as a comparison,False,ok,,False,ok,,False,ok,,False,ok,,0,ok,,3,ok,,4,ok,,0,ok,,Definition,ok,,1.0,ok,,,not_applicable,no domain lexicon matched this prompt,en,ok,,1.0,ok,,True,ok,,0.0,ok,,0,ok,,0,ok,,False,ok,,0,ok,,0.83,ok,,False,ok,,0,ok,,0.0,ok,,False,ok,,False,ok,,,not_applicable,the prompt does not ask for a particular output format,False,ok,,False,ok,,0.0,ok,,False,ok,,False,ok,,0.999,ok,,0,ok,,False,ok,,0,ok,,0,ok,,0,ok,,25,ok,,False,ok,,False,ok,,False,ok,,0.0,ok,,0.317,ok,,0.25,ok,,0.27,ok,,0.0,ok,,0.254,ok,,10.0,False,False,False,True,False,4,False,10,65.8,13.348324905312191,False
6437,0.0,0,30,health,1001,ok,,145,ok,,249,ok,,12,ok,,5,ok,,16,ok,,12.08,ok,,5.57,ok,,15,ok,,0.369,ok,,1.72,ok,,0.038,ok,,0.145,ok,,0.027,ok,,0.037,ok,,10.99,ok,,True,ok,,33.28,ok,,15.0,ok,,14.19,ok,,13.16,ok,,53,ok,,0.366,ok,,1.94,ok,,42,ok,,0.709,ok,,8.422,ok,,103.07,ok,,6.33,ok,,4.64,ok,,0.319,ok,,93,ok,,5.04,ok,,1.23,ok,,18,ok,,0.128,ok,,0.441,ok,,3,ok,,6,ok,,which,ok,,,not_applicable,"the prompt has 1 distinct wh-word(s), so there is no second one",1,ok,,1,ok,,1,ok,,False,ok,,True,ok,,False,ok,,False,ok,,,not_applicable,"the prompt gives no command, so there is no task verb (a content verb inside a question does not count)",1,ok,,False,ok,,False,ok,,,not_applicable,the prompt does not state how many items it wants,8,ok,,5,ok,,18,ok,,6,ok,,1,ok,,4,ok,,0,ok,,0,ok,,13,ok,,0,ok,,0,ok,,0,ok,,False,ok,,False,ok,,False,ok,,False,ok,,True,ok,,2,ok,,13,ok,,0,ok,,0,ok,,3,ok,,20,ok,,0.215,ok,,True,ok,,2,ok,,relative,ok,,False,ok,,0,ok,,,not_applicable,"the prompt names no year, so there is no earliest year",,not_applicable,"the prompt names no year, so there is no latest year",,not_applicable,"the prompt names no year, so the window has no width; reporting 0 here would look like a single-year constraint",False,ok,,False,ok,,0,ok,,False,ok,,False,ok,,,not_applicable,the prompt is not phrased as a comparison,True,ok,,True,ok,,False,ok,,True,ok,,0,ok,,1,ok,,4,ok,,3,ok,,Math,ok,,2.0,ok,,medical,ok,,en,ok,,1.0,ok,,True,ok,,0.002,ok,,0,ok,,0,ok,,False,ok,,0,ok,,0.43,ok,,False,ok,,0,ok,,0.0,ok,,False,ok,,False,ok,,,not_applicable,the prompt does not ask for a particular output format,False,ok,,False,ok,,0.0,ok,,False,ok,,False,ok,,0.999,ok,,0,ok,,True,ok,,0,ok,,1,ok,,0,ok,,3,ok,,False,ok,,False,ok,,False,ok,,0.15,ok,,0.829,ok,,0.4,ok,,0.335,ok,,0.25,ok,,0.516,ok,,4.0,False,True,False,False,False,128,True,4,29.75,14.080127840328725,False
6501,0.4666666666666666,14,30,health,1765,ok,,299,ok,,402,ok,,18,ok,,11,ok,,43,ok,,16.61,ok,,4.7,ok,,18,ok,,0.279,ok,,1.34,ok,,0.034,ok,,0.169,ok,,0.033,ok,,0.021,ok,,8.16,ok,,True,ok,,56.24,ok,,10.46,ok,,8.84,ok,,11.28,ok,,77,ok,,0.258,ok,,1.65,ok,,51,ok,,0.612,ok,,10.498,ok,,91.48,ok,,6.95,ok,,4.5,ok,,0.473,ok,,153,ok,,5.62,ok,,1.75,ok,,7,ok,,0.024,ok,,0.209,ok,,2,ok,,3,ok,,which,ok,,,not_applicable,"the prompt has 1 distinct wh-word(s), so there is no second one",2,ok,,1,ok,,1,ok,,False,ok,,True,ok,,False,ok,,False,ok,,,not_applicable,"the prompt gives no command, so there is no task verb (a content verb inside a question does not count)",1,ok,,False,ok,,False,ok,,,not_applicable,the prompt does not state how many items it wants,14,ok,,8,ok,,24,ok,,6,ok,,4,ok,,4,ok,,0,ok,,0,ok,,23,ok,,1,ok,,1,ok,,3,ok,,False,ok,,False,ok,,False,ok,,False,ok,,True,ok,,1,ok,,18,ok,,0,ok,,0,ok,,8,ok,,29,ok,,0.19,ok,,True,ok,,2,ok,,relative,ok,,False,ok,,0,ok,,,not_applicable,"the prompt names no year, so there is no earliest year",,not_applicable,"the prompt names no year, so there is no latest year",,not_applicable,"the prompt names no year, so the window has no width; reporting 0 here would look like a single-year constraint",False,ok,,True,ok,,5,ok,,False,ok,,True,ok,,2.0,ok,,True,ok,,True,ok,,False,ok,,True,ok,,0,ok,,4,ok,,5,ok,,4,ok,,Math,ok,,2.0,ok,,medical,ok,,en,ok,,1.0,ok,,True,ok,,0.001,ok,,0,ok,,0,ok,,False,ok,,0,ok,,0.422,ok,,False,ok,,1,ok,,0.277,ok,,False,ok,,False,ok,,,not_applicable,the prompt does not ask for a particular output format,False,ok,,False,ok,,0.0,ok,,False,ok,,False,ok,,0.917,ok,,0,ok,,True,ok,,0,ok,,1,ok,,0,ok,,9,ok,,False,ok,,False,ok,,False,ok,,0.15,ok,,0.814,ok,,0.65,ok,,0.128,ok,,0.25,ok,,0.628,ok,,10.0,False,True,False,False,False,222,True,10,45.0,16.268579122549905,False
6503,0.6333333333333333,19,30,health,698,ok,,104,ok,,169,ok,,4,ok,,11,ok,,12,ok,,26.0,ok,,5.38,ok,,17,ok,,0.346,ok,,1.62,ok,,0.033,ok,,0.149,ok,,0.025,ok,,0.009,ok,,10.34,ok,,True,ok,,34.16,ok,,12.59,ok,,12.06,ok,,13.72,ok,,34,ok,,0.327,ok,,1.9,ok,,25,ok,,0.72,ok,,7.444,ok,,85.29,ok,,6.09,ok,,4.51,ok,,0.308,ok,,74,ok,,5.04,ok,,0.0,ok,,9,ok,,0.084,ok,,0.23,ok,,4,ok,,4,ok,,which,ok,,,not_applicable,"the prompt has 1 distinct wh-word(s), so there is no second one",1,ok,,1,ok,,1,ok,,False,ok,,True,ok,,False,ok,,False,ok,,,not_applicable,"the prompt gives no command, so there is no task verb (a content verb inside a question does not count)",1,ok,,False,ok,,False,ok,,,not_applicable,the prompt does not state how many items it wants,13,ok,,2,ok,,5,ok,,4,ok,,0,ok,,2,ok,,0,ok,,0,ok,,10,ok,,0,ok,,0,ok,,0,ok,,False,ok,,False,ok,,False,ok,,False,ok,,False,ok,,1,ok,,3,ok,,0,ok,,0,ok,,2,ok,,6,ok,,0.081,ok,,True,ok,,4,ok,,relative,ok,,False,ok,,0,ok,,,not_applicable,"the prompt names no year, so there is no earliest year",,not_applicable,"the prompt names no year, so there is no latest year",,not_applicable,"the prompt names no year, so the window has no width; reporting 0 here would look like a single-year constraint",False,ok,,False,ok,,0,ok,,True,ok,,False,ok,,,not_applicable,the prompt is not phrased as a comparison,False,ok,,True,ok,,False,ok,,False,ok,,0,ok,,2,ok,,4,ok,,4,ok,,Fact Retrieval,ok,,1.5,ok,,medical,ok,,en,ok,,1.0,ok,,True,ok,,0.004,ok,,0,ok,,0,ok,,False,ok,,0,ok,,0.716,ok,,False,ok,,0,ok,,0.0,ok,,False,ok,,False,ok,,,not_applicable,the prompt does not ask for a particular output format,False,ok,,False,ok,,0.0,ok,,False,ok,,False,ok,,0.999,ok,,0,ok,,True,ok,,0,ok,,1,ok,,0,ok,,2,ok,,False,ok,,False,ok,,False,ok,,0.15,ok,,0.749,ok,,0.25,ok,,0.222,ok,,0.25,ok,,0.514,ok,,10.0,True,True,False,False,False,58,False,10,29.4,5.777350411544878,False
6533,0.3333333333333333,10,30,health,254,ok,,43,ok,,72,ok,,1,ok,,11,ok,,1,ok,,43.0,ok,,4.75,ok,,14,ok,,0.273,ok,,1.67,ok,,0.051,ok,,0.169,ok,,0.106,ok,,0.0,ok,,8.35,ok,,True,ok,,50.55,ok,,10.88,ok,,7.47,ok,,13.24,ok,,14,ok,,0.326,ok,,1.73,ok,,9,ok,,0.932,ok,,6.181,ok,,180.69,unreliable,MTLD needs about 50 tokens to stabilise; this prompt has 44,5.32,ok,,4.63,ok,,0.295,ok,,31,ok,,5.39,ok,,2.66,ok,,1,ok,,0.023,ok,,0.065,ok,,0,ok,,4,ok,,which,ok,,,not_applicable,"the prompt has 1 distinct wh-word(s), so there is no second one",1,ok,,1,ok,,1,ok,,False,ok,,True,ok,,False,ok,,False,ok,,,not_applicable,"the prompt gives no command, so there is no task verb (a content verb inside a question does not count)",1,ok,,False,ok,,False,ok,,,not_applicable,the prompt does not state how many items it wants,7,ok,,4,ok,,6,ok,,4,ok,,2,ok,,2,ok,,0,ok,,0,ok,,19,ok,,0,ok,,0,ok,,0,ok,,False,ok,,False,ok,,False,ok,,False,ok,,False,ok,,0,ok,,0,ok,,0,ok,,0,ok,,0,ok,,4,ok,,0.129,ok,,True,ok,,1,ok,,relative,ok,,False,ok,,0,ok,,,not_applicable,"the prompt names no year, so there is no earliest year",,not_applicable,"the prompt names no year, so there is no latest year",,not_applicable,"the prompt names no year, so the window has no width; reporting 0 here would look like a single-year constraint",False,ok,,False,ok,,0,ok,,False,ok,,False,ok,,,not_applicable,the prompt is not phrased as a comparison,True,ok,,False,ok,,False,ok,,False,ok,,0,ok,,1,ok,,2,ok,,1,ok,,Fact Retrieval,ok,,1.5,ok,,medical,ok,,en,ok,,1.0,ok,,True,ok,,0.0,ok,,0,ok,,0,ok,,False,ok,,0,ok,,0.503,ok,,False,ok,,0,ok,,0.0,ok,,False,ok,,False,ok,,,not_applicable,the prompt does not ask for a particular output format,False,ok,,False,ok,,0.0,ok,,False,ok,,False,ok,,0.996,ok,,0,ok,,True,ok,,0,ok,,0,ok,,0,ok,,1,ok,,False,ok,,False,ok,,False,ok,,0.15,ok,,0.777,ok,,0.083,ok,,0.128,ok,,0.25,ok,,0.334,ok,,10.0,False,False,False,False,False,18,False,10,11.9,6.471304179049056,False
6537,0.26666666666666666,8,30,health,663,ok,,112,ok,,137,ok,,15,ok,,11,ok,,14,ok,,7.47,ok,,4.82,ok,,14,ok,,0.321,ok,,1.22,ok,,0.032,ok,,0.169,ok,,0.053,ok,,0.0,ok,,7.35,ok,,True,ok,,60.54,ok,,9.07,ok,,8.74,ok,,11.47,ok,,24,ok,,0.214,ok,,1.61,ok,,16,ok,,0.643,ok,,6.803,ok,,77.07,ok,,5.86,ok,,4.36,ok,,0.438,ok,,63,ok,,5.65,ok,,1.41,ok,,1,ok,,0.009,ok,,0.175,ok,,0,ok,,4,ok,,which,ok,,,not_applicable,"the prompt has 1 distinct wh-word(s), so there is no second one",1,ok,,1,ok,,1,ok,,False,ok,,True,ok,,False,ok,,False,ok,,,not_applicable,"the prompt gives no command, so there is no task verb (a content verb inside a question does not count)",1,ok,,False,ok,,False,ok,,,not_applicable,the prompt does not state how many items it wants,9,ok,,4,ok,,4,ok,,3,ok,,2,ok,,2,ok,,0,ok,,0,ok,,16,ok,,1,ok,,0,ok,,0,ok,,False,ok,,False,ok,,False,ok,,False,ok,,False,ok,,0,ok,,0,ok,,0,ok,,0,ok,,0,ok,,5,ok,,0.079,ok,,True,ok,,2,ok,,relative,ok,,False,ok,,0,ok,,,not_applicable,"the prompt names no year, so there is no earliest year",,not_applicable,"the prompt names no year, so there is no latest year",,not_applicable,"the prompt names no year, so the window has no width; reporting 0 here would look like a single-year constraint",False,ok,,True,ok,,2,ok,,False,ok,,True,ok,,2.0,ok,,False,ok,,False,ok,,False,ok,,False,ok,,0,ok,,2,ok,,4,ok,,3,ok,,Comparison,ok,,1.5,ok,,medical,ok,,en,ok,,1.0,ok,,True,ok,,0.0,ok,,0,ok,,0,ok,,False,ok,,0,ok,,0.596,ok,,False,ok,,0,ok,,0.0,ok,,False,ok,,False,ok,,,not_applicable,the prompt does not ask for a particular output format,True,ok,,False,ok,,0.0,ok,,False,ok,,False,ok,,0.998,ok,,0,ok,,True,ok,,0,ok,,0,ok,,1,ok,,2,ok,,False,ok,,False,ok,,False,ok,,0.15,ok,,0.747,ok,,0.5,ok,,0.089,ok,,0.25,ok,,0.561,ok,,10.0,True,False,False,False,False,10,False,10,54.8,18.611824198610947,False
6543,0.0,0,30,health,808,ok,,134,ok,,205,ok,,7,ok,,10,ok,,16,ok,,19.14,ok,,4.93,ok,,15,ok,,0.26,ok,,1.53,ok,,0.041,ok,,0.166,ok,,0.055,ok,,0.033,ok,,7.35,ok,,True,ok,,57.19,ok,,9.64,ok,,8.59,ok,,13.19,ok,,32,ok,,0.239,ok,,1.69,ok,,24,ok,,0.74,ok,,8.341,ok,,112.57,ok,,6.37,ok,,4.71,ok,,0.315,ok,,86,ok,,5.25,ok,,0.0,ok,,8,ok,,0.063,ok,,0.244,ok,,4,ok,,4,ok,,which,ok,,,not_applicable,"the prompt has 1 distinct wh-word(s), so there is no second one",1,ok,,1,ok,,1,ok,,False,ok,,True,ok,,False,ok,,False,ok,,,not_applicable,"the prompt gives no command, so there is no task verb (a content verb inside a question does not count)",2,ok,,True,ok,,False,ok,,,not_applicable,the prompt does not state how many items it wants,12,ok,,8,ok,,22,ok,,6,ok,,5,ok,,3,ok,,0,ok,,0,ok,,27,ok,,1,ok,,0,ok,,0,ok,,False,ok,,False,ok,,False,ok,,False,ok,,False,ok,,2,ok,,14,ok,,1,ok,,0,ok,,7,ok,,26,ok,,0.302,ok,,True,ok,,4,ok,,range,ok,,False,ok,,0,ok,,,not_applicable,"the prompt names no year, so there is no earliest year",,not_applicable,"the prompt names no year, so there is no latest year",,not_applicable,"the prompt names no year, so the window has no width; reporting 0 here would look like a single-year constraint",False,ok,,False,ok,,0,ok,,False,ok,,False,ok,,,not_applicable,the prompt is not phrased as a comparison,False,ok,,True,ok,,False,ok,,True,ok,,0,ok,,3,ok,,5,ok,,3,ok,,Fact Retrieval,ok,,1.5,ok,,medical,ok,,en,ok,,1.0,ok,,True,ok,,0.0,ok,,0,ok,,0,ok,,False,ok,,0,ok,,0.493,ok,,False,ok,,0,ok,,0.0,ok,,False,ok,,False,ok,,,not_applicable,the prompt does not ask for a particular output format,False,ok,,False,ok,,0.0,ok,,False,ok,,False,ok,,0.999,ok,,0,ok,,True,ok,,0,ok,,1,ok,,0,ok,,2,ok,,False,ok,,False,ok,,False,ok,,0.15,ok,,0.881,ok,,0.575,ok,,0.196,ok,,0.25,ok,,0.54,ok,,9.0,False,True,False,False,False,97,True,9,23.55555555555556,8.125747828832605,False
6550,0.03333333333333333,1,30,health,1310,ok,,189,ok,,311,ok,,10,ok,,11,ok,,15,ok,,18.9,ok,,5.58,ok,,15,ok,,0.393,ok,,1.65,ok,,0.035,ok,,0.144,ok,,0.039,ok,,0.015,ok,,11.27,ok,,True,ok,,32.01,ok,,15.41,ok,,14.15,ok,,13.07,ok,,65,ok,,0.344,ok,,1.94,ok,,58,ok,,0.686,ok,,9.479,ok,,109.91,ok,,6.69,ok,,4.6,ok,,0.298,ok,,132,ok,,5.03,ok,,1.52,ok,,24,ok,,0.126,ok,,0.409,ok,,1,ok,,4,ok,,who,ok,,which,ok,,2,ok,,2,ok,,1,ok,,False,ok,,True,ok,,False,ok,,False,ok,,,not_applicable,"the prompt gives no command, so there is no task verb (a content verb inside a question does not count)",1,ok,,False,ok,,False,ok,,,not_applicable,the prompt does not state how many items it wants,14,ok,,11,ok,,19,ok,,4,ok,,3,ok,,8,ok,,0,ok,,0,ok,,25,ok,,2,ok,,0,ok,,0,ok,,False,ok,,False,ok,,False,ok,,False,ok,,True,ok,,0,ok,,9,ok,,0,ok,,0,ok,,2,ok,,22,ok,,0.167,ok,,True,ok,,6,ok,,relative,ok,,True,ok,,0,ok,,,not_applicable,"the prompt names no year, so there is no earliest year",,not_applicable,"the prompt names no year, so there is no latest year",,not_applicable,"the prompt names no year, so the window has no width; reporting 0 here would look like a single-year constraint",False,ok,,True,ok,,1,ok,,False,ok,,False,ok,,,not_applicable,the prompt is not phrased as a comparison,False,ok,,True,ok,,False,ok,,False,ok,,0,ok,,2,ok,,4,ok,,4,ok,,Fact Retrieval,ok,,3.0,ok,,medical,ok,,en,ok,,1.0,ok,,True,ok,,0.002,ok,,0,ok,,0,ok,,False,ok,,0,ok,,0.511,ok,,False,ok,,0,ok,,0.0,ok,,False,ok,,False,ok,,,not_applicable,the prompt does not ask for a particular output format,False,ok,,False,ok,,0.0,ok,,False,ok,,False,ok,,0.999,ok,,0,ok,,True,ok,,0,ok,,1,ok,,0,ok,,7,ok,,False,ok,,False,ok,,False,ok,,0.15,ok,,0.8,ok,,0.25,ok,,0.314,ok,,0.75,ok,,0.686,ok,,10.0,False,True,False,False,False,131,True,10,39.7,13.224976370489289,False
6588,0.16666666666666666,5,30,health,476,ok,,71,ok,,110,ok,,1,ok,,11,ok,,8,ok,,71.0,ok,,5.25,ok,,15,ok,,0.368,ok,,1.55,ok,,0.034,ok,,0.149,ok,,0.113,ok,,0.0,ok,,10.69,ok,,True,ok,,29.89,ok,,17.23,ok,,11.39,ok,,15.3,ok,,28,ok,,0.394,ok,,1.96,ok,,26,ok,,0.711,ok,,6.194,ok,,52.01,ok,,5.45,ok,,4.65,ok,,0.224,ok,,59,ok,,4.86,ok,,0.0,ok,,4,ok,,0.053,ok,,0.288,ok,,1,ok,,3,ok,,which,ok,,,not_applicable,"the prompt has 1 distinct wh-word(s), so there is no second one",1,ok,,1,ok,,1,ok,,False,ok,,True,ok,,False,ok,,False,ok,,,not_applicable,"the prompt gives no command, so there is no task verb (a content verb inside a question does not count)",1,ok,,False,ok,,False,ok,,,not_applicable,the prompt does not state how many items it wants,13,ok,,11,ok,,13,ok,,5,ok,,6,ok,,4,ok,,1,ok,,0,ok,,22,ok,,8,ok,,0,ok,,0,ok,,False,ok,,False,ok,,False,ok,,False,ok,,False,ok,,0,ok,,0,ok,,0,ok,,0,ok,,0,ok,,19,ok,,0.322,ok,,True,ok,,1,ok,,relative,ok,,False,ok,,0,ok,,,not_applicable,"the prompt names no year, so there is no earliest year",,not_applicable,"the prompt names no year, so there is no latest year",,not_applicable,"the prompt names no year, so the window has no width; reporting 0 here would look like a single-year constraint",False,ok,,False,ok,,0,ok,,False,ok,,True,ok,,1.0,ok,,False,ok,,False,ok,,False,ok,,False,ok,,0,ok,,1,ok,,3,ok,,1,ok,,Comparison,ok,,1.5,ok,,science,ok,,en,ok,,1.0,ok,,True,ok,,0.0,ok,,0,ok,,0,ok,,False,ok,,0,ok,,0.573,ok,,False,ok,,0,ok,,0.0,ok,,False,ok,,False,ok,,,not_applicable,the prompt does not ask for a particular output format,False,ok,,False,ok,,0.0,ok,,False,ok,,False,ok,,0.998,ok,,0,ok,,True,ok,,0,ok,,0,ok,,0,ok,,1,ok,,False,ok,,False,ok,,False,ok,,0.15,ok,,0.893,ok,,0.417,ok,,0.215,ok,,0.25,ok,,0.487,ok,,10.0,False,False,False,False,False,12,False,10,35.1,15.02923077797988,False
6604,0.06666666666666667,2,30,health,495,ok,,88,ok,,130,ok,,10,ok,,11,ok,,6,ok,,8.8,ok,,4.55,ok,,12,ok,,0.169,ok,,1.48,ok,,0.024,ok,,0.178,ok,,0.056,ok,,0.0,ok,,6.3,ok,,True,ok,,64.12,ok,,10.47,ok,,6.53,ok,,10.31,ok,,24,ok,,0.273,ok,,1.58,ok,,16,ok,,0.674,ok,,6.36,ok,,25.09,ok,,5.36,ok,,4.36,ok,,0.36,ok,,57,ok,,5.3,ok,,1.42,ok,,13,ok,,0.146,ok,,0.281,ok,,0,ok,,4,ok,,which,ok,,,not_applicable,"the prompt has 1 distinct wh-word(s), so there is no second one",1,ok,,1,ok,,1,ok,,False,ok,,True,ok,,False,ok,,False,ok,,,not_applicable,"the prompt gives no command, so there is no task verb (a content verb inside a question does not count)",2,ok,,True,ok,,False,ok,,,not_applicable,the prompt does not state how many items it wants,13,ok,,3,ok,,4,ok,,4,ok,,0,ok,,2,ok,,1,ok,,0,ok,,9,ok,,0,ok,,0,ok,,0,ok,,False,ok,,False,ok,,False,ok,,False,ok,,False,ok,,0,ok,,0,ok,,0,ok,,0,ok,,0,ok,,3,ok,,0.053,ok,,False,ok,,0,ok,,none,not_applicable,the prompt contains no time expression at all,False,ok,,0,ok,,,not_applicable,"the prompt names no year, so there is no earliest year",,not_applicable,"the prompt names no year, so there is no latest year",,not_applicable,"the prompt names no year, so the window has no width; reporting 0 here would look like a single-year constraint",False,ok,,False,ok,,0,ok,,False,ok,,False,ok,,,not_applicable,the prompt is not phrased as a comparison,False,ok,,False,ok,,False,ok,,False,ok,,0,ok,,5,ok,,5,ok,,1,ok,,Fact Retrieval,ok,,1.5,ok,,medical,ok,,en,ok,,1.0,ok,,True,ok,,0.0,ok,,0,ok,,0,ok,,False,ok,,0,ok,,0.688,ok,,False,ok,,0,ok,,0.0,ok,,False,ok,,True,ok,,report,ok,,False,ok,,False,ok,,0.0,ok,,False,ok,,False,ok,,0.998,ok,,0,ok,,False,ok,,0,ok,,0,ok,,0,ok,,2,ok,,False,ok,,False,ok,,False,ok,,0.0,ok,,0.732,ok,,0.425,ok,,0.27,ok,,0.0,ok,,0.338,ok,,10.0,False,False,False,False,False,47,False,10,19.2,3.4896672875473067,False
6641,1.0,30,30,health,219,ok,,38,ok,,48,ok,,2,ok,,5,ok,,4,ok,,19.0,ok,,4.74,ok,,10,ok,,0.368,ok,,1.26,ok,,0.023,ok,,0.174,ok,,0.068,ok,,0.0,ok,,7.56,ok,,True,ok,,54.41,ok,,11.46,ok,,7.17,ok,,12.32,ok,,14,ok,,0.368,ok,,1.71,ok,,8,ok,,0.895,ok,,5.516,ok,,101.08,unreliable,MTLD needs about 50 tokens to stabilise; this prompt has 38,4.98,ok,,4.41,ok,,0.342,ok,,25,ok,,5.62,ok,,3.51,ok,,0,ok,,0.0,ok,,0.12,ok,,0,ok,,2,ok,,what,ok,,,not_applicable,"the prompt has 1 distinct wh-word(s), so there is no second one",1,ok,,1,ok,,1,ok,,False,ok,,True,ok,,False,ok,,False,ok,,,not_applicable,"the prompt gives no command, so there is no task verb (a content verb inside a question does not count)",1,ok,,False,ok,,False,ok,,,not_applicable,the prompt does not state how many items it wants,6,ok,,2,ok,,2,ok,,2,ok,,0,ok,,2,ok,,0,ok,,0,ok,,5,ok,,1,ok,,0,ok,,0,ok,,False,ok,,False,ok,,False,ok,,False,ok,,False,ok,,0,ok,,0,ok,,0,ok,,0,ok,,0,ok,,3,ok,,0.12,ok,,False,ok,,0,ok,,none,not_applicable,the prompt contains no time expression at all,False,ok,,0,ok,,,not_applicable,"the prompt names no year, so there is no earliest year",,not_applicable,"the prompt names no year, so there is no latest year",,not_applicable,"the prompt names no year, so the window has no width; reporting 0 here would look like a single-year constraint",False,ok,,False,ok,,0,ok,,False,ok,,False,ok,,,not_applicable,the prompt is not phrased as a comparison,False,ok,,True,ok,,False,ok,,False,ok,,0,ok,,1,ok,,3,ok,,0,ok,,Definition,ok,,1.0,ok,,medical,ok,,en,ok,,1.0,ok,,True,ok,,0.0,ok,,0,ok,,0,ok,,False,ok,,0,ok,,0.409,ok,,False,ok,,0,ok,,0.0,ok,,False,ok,,False,ok,,,not_applicable,the prompt does not ask for a particular output format,False,ok,,False,ok,,0.0,ok,,False,ok,,False,ok,,0.995,ok,,0,ok,,False,ok,,0,ok,,0,ok,,0,ok,,1,ok,,False,ok,,False,ok,,False,ok,,0.0,ok,,0.689,ok,,0.167,ok,,0.071,ok,,0.0,ok,,0.125,ok,,4.0,False,False,False,True,False,10,False,4,36.25,8.770214744615247,False
6682,0.6666666666666666,20,30,health,546,ok,,77,ok,,152,ok,,4,ok,,11,ok,,9,ok,,19.25,ok,,5.9,ok,,14,ok,,0.436,ok,,1.97,ok,,0.029,ok,,0.141,ok,,0.053,ok,,0.005,ok,,12.31,ok,,True,ok,,17.34,ok,,14.84,ok,,13.32,ok,,14.39,ok,,38,ok,,0.494,ok,,2.15,ok,,25,ok,,0.91,ok,,8.039,ok,,243.36,ok,,6.1,ok,,4.54,ok,,0.231,ok,,60,ok,,4.42,ok,,0.0,ok,,23,ok,,0.295,ok,,0.5,ok,,2,ok,,5,ok,,other,not_applicable,"no interrogative wh-word appears in the prompt, so there is no question word to report",,not_applicable,"the prompt has 0 distinct wh-word(s), so there is no second one",0,ok,,0,ok,,0,ok,,False,ok,,False,ok,,False,ok,,False,ok,,,not_applicable,"the prompt gives no command, so there is no task verb (a content verb inside a question does not count)",0,ok,,False,ok,,False,ok,,,not_applicable,the prompt does not state how many items it wants,11,ok,,8,ok,,11,ok,,6,ok,,5,ok,,2,ok,,0,ok,,1,ok,,26,ok,,0,ok,,0,ok,,0,ok,,False,ok,,False,ok,,False,ok,,False,ok,,False,ok,,0,ok,,2,ok,,0,ok,,0,ok,,0,ok,,10,ok,,0.167,ok,,True,ok,,1,ok,,relative,ok,,False,ok,,0,ok,,,not_applicable,"the prompt names no year, so there is no earliest year",,not_applicable,"the prompt names no year, so there is no latest year",,not_applicable,"the prompt names no year, so the window has no width; reporting 0 here would look like a single-year constraint",False,ok,,False,ok,,0,ok,,False,ok,,False,ok,,,not_applicable,the prompt is not phrased as a comparison,True,ok,,True,ok,,False,ok,,True,ok,,0,ok,,1,ok,,4,ok,,2,ok,,Reasoning,ok,,1.0,ok,,medical,ok,,en,ok,,1.0,ok,,True,ok,,0.004,ok,,0,ok,,0,ok,,False,ok,,0,ok,,0.424,ok,,False,ok,,0,ok,,0.0,ok,,False,ok,,False,ok,,,not_applicable,the prompt does not ask for a particular output format,False,ok,,False,ok,,0.0,ok,,False,ok,,False,ok,,0.998,ok,,0,ok,,False,ok,,0,ok,,1,ok,,0,ok,,3,ok,,False,ok,,False,ok,,False,ok,,0.0,ok,,0.8,ok,,0.4,ok,,0.572,ok,,0.25,ok,,0.52,ok,,10.0,False,True,False,False,False,47,False,10,18.8,2.973961069759395,False
6764,0.6,18,30,health,392,ok,,64,ok,,83,ok,,5,ok,,5,ok,,4,ok,,12.8,ok,,5.09,ok,,11,ok,,0.344,ok,,1.3,ok,,0.015,ok,,0.163,ok,,0.028,ok,,0.0,ok,,10.42,ok,,True,ok,,43.15,ok,,14.49,ok,,11.07,ok,,10.93,ok,,18,ok,,0.281,ok,,1.78,ok,,15,ok,,0.703,ok,,5.625,ok,,50.49,ok,,5.11,ok,,4.22,ok,,0.422,ok,,37,ok,,5.53,ok,,1.46,ok,,9,ok,,0.141,ok,,0.324,ok,,0,ok,,3,ok,,other,not_applicable,"no interrogative wh-word appears in the prompt, so there is no question word to report",,not_applicable,"the prompt has 0 distinct wh-word(s), so there is no second one",0,ok,,0,ok,,1,ok,,False,ok,,False,ok,,False,ok,,True,ok,,,not_applicable,"the prompt gives no command, so there is no task verb (a content verb inside a question does not count)",1,ok,,False,ok,,True,ok,,,not_applicable,the prompt does not state how many items it wants,7,ok,,4,ok,,4,ok,,3,ok,,2,ok,,2,ok,,0,ok,,0,ok,,5,ok,,0,ok,,0,ok,,0,ok,,False,ok,,False,ok,,False,ok,,False,ok,,False,ok,,0,ok,,0,ok,,0,ok,,0,ok,,0,ok,,4,ok,,0.108,ok,,True,ok,,1,ok,,relative,ok,,False,ok,,0,ok,,,not_applicable,"the prompt names no year, so there is no earliest year",,not_applicable,"the prompt names no year, so there is no latest year",,not_applicable,"the prompt names no year, so the window has no width; reporting 0 here would look like a single-year constraint",False,ok,,False,ok,,0,ok,,False,ok,,False,ok,,,not_applicable,the prompt is not phrased as a comparison,False,ok,,True,ok,,False,ok,,False,ok,,0,ok,,2,ok,,4,ok,,1,ok,,Fact Retrieval,ok,,0.5,ok,,legal,ok,,en,ok,,1.0,ok,,True,ok,,0.0,ok,,0,ok,,0,ok,,False,ok,,0,ok,,0.388,ok,,False,ok,,0,ok,,0.0,ok,,False,ok,,False,ok,,,not_applicable,the prompt does not ask for a particular output format,False,ok,,False,ok,,0.0,ok,,False,ok,,False,ok,,0.997,ok,,0,ok,,False,ok,,0,ok,,1,ok,,1,ok,,9,ok,,False,ok,,False,ok,,False,ok,,0.0,ok,,0.765,ok,,0.25,ok,,0.255,ok,,0.25,ok,,0.352,ok,,4.0,False,True,False,False,False,14,False,4,71.0,29.540932054806035,False
6774,1.0,30,30,health,351,ok,,50,ok,,91,ok,,1,ok,,10,ok,,3,ok,,50.0,ok,,6.0,ok,,12,ok,,0.46,ok,,1.82,ok,,0.028,ok,,0.142,ok,,0.069,ok,,0.0,ok,,10.9,ok,,True,ok,,25.79,ok,,17.2,ok,,12.04,ok,,14.31,ok,,15,ok,,0.3,ok,,2.08,ok,,19,ok,,0.72,ok,,5.091,ok,,41.81,ok,,5.03,ok,,4.54,ok,,0.2,ok,,40,ok,,4.68,ok,,1.42,ok,,7,ok,,0.14,ok,,0.45,ok,,0,ok,,5,ok,,what,ok,,,not_applicable,"the prompt has 1 distinct wh-word(s), so there is no second one",1,ok,,1,ok,,1,ok,,False,ok,,True,ok,,False,ok,,False,ok,,,not_applicable,"the prompt gives no command, so there is no task verb (a content verb inside a question does not count)",1,ok,,False,ok,,False,ok,,,not_applicable,the prompt does not state how many items it wants,7,ok,,7,ok,,7,ok,,2,ok,,3,ok,,4,ok,,0,ok,,0,ok,,14,ok,,0,ok,,0,ok,,0,ok,,False,ok,,False,ok,,False,ok,,False,ok,,False,ok,,0,ok,,0,ok,,0,ok,,0,ok,,0,ok,,7,ok,,0.175,ok,,False,ok,,0,ok,,none,not_applicable,the prompt contains no time expression at all,False,ok,,0,ok,,,not_applicable,"the prompt names no year, so there is no earliest year",,not_applicable,"the prompt names no year, so there is no latest year",,not_applicable,"the prompt names no year, so the window has no width; reporting 0 here would look like a single-year constraint",False,ok,,False,ok,,0,ok,,False,ok,,False,ok,,,not_applicable,the prompt is not phrased as a comparison,False,ok,,False,ok,,False,ok,,False,ok,,0,ok,,1,ok,,2,ok,,0,ok,,Definition,ok,,1.0,ok,,,not_applicable,no domain lexicon matched this prompt,en,ok,,1.0,ok,,True,ok,,0.0,ok,,0,ok,,0,ok,,False,ok,,0,ok,,0.695,ok,,False,ok,,0,ok,,0.0,ok,,False,ok,,False,ok,,,not_applicable,the prompt does not ask for a particular output format,False,ok,,False,ok,,0.0,ok,,False,ok,,False,ok,,0.997,ok,,0,ok,,False,ok,,0,ok,,2,ok,,0,ok,,1,ok,,False,ok,,False,ok,,False,ok,,0.0,ok,,0.722,ok,,0.083,ok,,0.387,ok,,0.0,ok,,0.231,ok,,9.0,False,False,False,True,False,8,False,9,30.0,5.049752469181039,False
6806,0.03333333333333333,1,30,health,1203,ok,,187,ok,,296,ok,,14,ok,,11,ok,,17,ok,,13.36,ok,,5.18,ok,,18,ok,,0.319,ok,,1.58,ok,,0.035,ok,,0.155,ok,,0.037,ok,,0.019,ok,,8.91,ok,,True,ok,,45.67,ok,,12.88,ok,,10.71,ok,,12.23,ok,,56,ok,,0.299,ok,,1.82,ok,,48,ok,,0.697,ok,,9.484,ok,,104.39,ok,,6.63,ok,,4.58,ok,,0.341,ok,,120,ok,,5.18,ok,,1.28,ok,,22,ok,,0.119,ok,,0.342,ok,,0,ok,,5,ok,,which,ok,,,not_applicable,"the prompt has 1 distinct wh-word(s), so there is no second one",1,ok,,1,ok,,1,ok,,False,ok,,True,ok,,False,ok,,False,ok,,,not_applicable,"the prompt gives no command, so there is no task verb (a content verb inside a question does not count)",1,ok,,False,ok,,False,ok,,,not_applicable,the prompt does not state how many items it wants,10,ok,,6,ok,,15,ok,,7,ok,,2,ok,,4,ok,,0,ok,,0,ok,,19,ok,,0,ok,,0,ok,,0,ok,,False,ok,,False,ok,,False,ok,,False,ok,,True,ok,,0,ok,,10,ok,,1,ok,,0,ok,,2,ok,,17,ok,,0.142,ok,,True,ok,,3,ok,,relative,ok,,False,ok,,0,ok,,,not_applicable,"the prompt names no year, so there is no earliest year",,not_applicable,"the prompt names no year, so there is no latest year",,not_applicable,"the prompt names no year, so the window has no width; reporting 0 here would look like a single-year constraint",False,ok,,True,ok,,1,ok,,False,ok,,False,ok,,,not_applicable,the prompt is not phrased as a comparison,True,ok,,True,ok,,False,ok,,True,ok,,0,ok,,3,ok,,5,ok,,4,ok,,Math,ok,,2.0,ok,,medical,ok,,en,ok,,1.0,ok,,True,ok,,0.002,ok,,0,ok,,0,ok,,False,ok,,0,ok,,0.581,ok,,False,ok,,0,ok,,0.0,ok,,False,ok,,False,ok,,,not_applicable,the prompt does not ask for a particular output format,False,ok,,False,ok,,0.0,ok,,False,ok,,False,ok,,0.999,ok,,0,ok,,True,ok,,0,ok,,1,ok,,0,ok,,10,ok,,False,ok,,False,ok,,False,ok,,0.15,ok,,0.785,ok,,0.4,ok,,0.279,ok,,0.25,ok,,0.574,ok,,10.0,False,True,False,False,False,148,True,10,24.0,6.879922480183431,False
6813,0.9666666666666667,29,30,health,441,ok,,83,ok,,192,ok,,1,ok,,11,ok,,2,ok,,83.0,ok,,3.81,ok,,11,ok,,0.024,ok,,2.31,ok,,0.132,ok,,0.188,ok,,0.197,ok,,0.0,ok,,-0.14,ok,,True,ok,,109.48,ok,,3.5,ok,,1.24,ok,,16.0,ok,,3,ok,,0.036,ok,,1.06,ok,,1,ok,,0.434,ok,,3.952,ok,,16.6,ok,,4.44,ok,,4.02,ok,,0.217,ok,,64,ok,,3.47,ok,,0.0,ok,,51,ok,,0.614,ok,,0.812,ok,,44,ok,,4,ok,,which,ok,,,not_applicable,"the prompt has 1 distinct wh-word(s), so there is no second one",1,ok,,1,ok,,1,ok,,False,ok,,True,ok,,False,ok,,False,ok,,,not_applicable,"the prompt gives no command, so there is no task verb (a content verb inside a question does not count)",1,ok,,False,ok,,False,ok,,,not_applicable,the prompt does not state how many items it wants,7,ok,,17,ok,,18,ok,,4,ok,,2,ok,,15,ok,,0,ok,,0,ok,,33,ok,,1,ok,,0,ok,,0,ok,,False,ok,,False,ok,,False,ok,,True,ok,,False,ok,,0,ok,,0,ok,,0,ok,,0,ok,,0,ok,,18,ok,,0.281,ok,,False,ok,,0,ok,,none,not_applicable,the prompt contains no time expression at all,False,ok,,0,ok,,,not_applicable,"the prompt names no year, so there is no earliest year",,not_applicable,"the prompt names no year, so there is no latest year",,not_applicable,"the prompt names no year, so the window has no width; reporting 0 here would look like a single-year constraint",False,ok,,False,ok,,0,ok,,False,ok,,False,ok,,,not_applicable,the prompt is not phrased as a comparison,False,ok,,False,ok,,False,ok,,False,ok,,0,ok,,2,ok,,3,ok,,0,ok,,Coding,ok,,2.0,ok,,,not_applicable,no domain lexicon matched this prompt,en,ok,,0.86,ok,,True,ok,,0.0,ok,,0,ok,,0,ok,,False,ok,,0,ok,,0.846,ok,,False,ok,,0,ok,,0.0,ok,,False,ok,,False,ok,,,not_applicable,the prompt does not ask for a particular output format,False,ok,,False,ok,,0.0,ok,,False,ok,,False,ok,,0.998,ok,,0,ok,,False,ok,,0,ok,,0,ok,,0,ok,,0,ok,,False,ok,,False,ok,,False,ok,,0.0,ok,,0.869,ok,,0.167,ok,,0.697,ok,,0.0,ok,,0.409,ok,,10.0,False,False,False,False,False,12,False,10,32.8,0.9189365834726816,False
6857,0.0,0,30,economics,1137,ok,,163,ok,,200,ok,,4,ok,,11,ok,,16,ok,,40.75,ok,,5.78,ok,,14,ok,,0.373,ok,,1.23,ok,,0.021,ok,,0.143,ok,,0.024,ok,,0.0,ok,,14.3,ok,,True,ok,,18.96,ok,,17.22,ok,,16.01,ok,,12.61,ok,,53,ok,,0.325,ok,,2.01,ok,,47,ok,,0.596,ok,,7.684,ok,,83.0,ok,,6.25,ok,,4.39,ok,,0.343,ok,,109,ok,,5.53,ok,,2.61,ok,,3,ok,,0.018,ok,,0.257,ok,,0,ok,,2,ok,,what,ok,,where,ok,,5,ok,,2,ok,,1,ok,,False,ok,,True,ok,,False,ok,,False,ok,,,not_applicable,"the prompt gives no command, so there is no task verb (a content verb inside a question does not count)",1,ok,,False,ok,,False,ok,,,not_applicable,the prompt does not state how many items it wants,17,ok,,2,ok,,2,ok,,2,ok,,0,ok,,2,ok,,0,ok,,0,ok,,12,ok,,0,ok,,0,ok,,0,ok,,False,ok,,False,ok,,False,ok,,False,ok,,False,ok,,0,ok,,0,ok,,0,ok,,0,ok,,0,ok,,2,ok,,0.018,ok,,False,ok,,0,ok,,none,not_applicable,the prompt contains no time expression at all,False,ok,,0,ok,,,not_applicable,"the prompt names no year, so there is no earliest year",,not_applicable,"the prompt names no year, so there is no latest year",,not_applicable,"the prompt names no year, so the window has no width; reporting 0 here would look like a single-year constraint",False,ok,,True,ok,,3,ok,,False,ok,,False,ok,,,not_applicable,the prompt is not phrased as a comparison,True,ok,,False,ok,,False,ok,,False,ok,,0,ok,,4,ok,,5,ok,,1,ok,,Definition,ok,,1.0,ok,,finance,ok,,en,ok,,1.0,ok,,True,ok,,0.0,ok,,0,ok,,0,ok,,False,ok,,0,ok,,0.427,ok,,False,ok,,0,ok,,0.0,ok,,False,ok,,False,ok,,,not_applicable,the prompt does not ask for a particular output format,False,ok,,False,ok,,0.0,ok,,False,ok,,False,ok,,0.999,ok,,0,ok,,False,ok,,0,ok,,1,ok,,0,ok,,3,ok,,False,ok,,False,ok,,False,ok,,0.0,ok,,0.627,ok,,0.25,ok,,0.123,ok,,0.0,ok,,0.312,ok,,10.0,False,False,False,True,False,4,False,10,107.1,56.32139913034832,False
6890,0.0,0,30,economics,1284,ok,,212,ok,,241,ok,,15,ok,,10,ok,,20,ok,,14.13,ok,,4.89,ok,,12,ok,,0.288,ok,,1.14,ok,,0.023,ok,,0.165,ok,,0.019,ok,,0.0,ok,,12.27,ok,,True,ok,,44.85,ok,,17.54,ok,,11.34,ok,,9.45,ok,,12,ok,,0.057,ok,,1.64,ok,,48,ok,,0.163,ok,,2.387,ok,,23.16,ok,,4.34,ok,,4.12,ok,,0.507,ok,,106,ok,,6.12,ok,,3.51,ok,,0,ok,,0.0,ok,,0.236,ok,,0,ok,,2,ok,,what,ok,,,not_applicable,"the prompt has 1 distinct wh-word(s), so there is no second one",1,ok,,1,ok,,1,ok,,False,ok,,True,ok,,False,ok,,False,ok,,,not_applicable,"the prompt gives no command, so there is no task verb (a content verb inside a question does not count)",1,ok,,False,ok,,False,ok,,,not_applicable,the prompt does not state how many items it wants,7,ok,,2,ok,,2,ok,,2,ok,,0,ok,,2,ok,,0,ok,,0,ok,,7,ok,,0,ok,,0,ok,,0,ok,,False,ok,,False,ok,,False,ok,,False,ok,,False,ok,,0,ok,,0,ok,,0,ok,,0,ok,,0,ok,,2,ok,,0.019,ok,,True,ok,,8,ok,,relative,ok,,False,ok,,0,ok,,,not_applicable,"the prompt names no year, so there is no earliest year",,not_applicable,"the prompt names no year, so there is no latest year",,not_applicable,"the prompt names no year, so the window has no width; reporting 0 here would look like a single-year constraint",False,ok,,False,ok,,0,ok,,False,ok,,True,ok,,2.0,ok,,False,ok,,False,ok,,False,ok,,False,ok,,0,ok,,1,ok,,3,ok,,2,ok,,Comparison,ok,,1.5,ok,,finance,ok,,en,ok,,1.0,ok,,True,ok,,0.0,ok,,0,ok,,0,ok,,False,ok,,0,ok,,0.896,ok,,False,ok,,0,ok,,0.0,ok,,False,ok,,False,ok,,,not_applicable,the prompt does not ask for a particular output format,True,ok,,False,ok,,0.0,ok,,False,ok,,False,ok,,0.999,ok,,0,ok,,False,ok,,0,ok,,0,ok,,0,ok,,26,ok,,False,ok,,False,ok,,False,ok,,0.0,ok,,0.628,ok,,0.417,ok,,0.089,ok,,0.25,ok,,0.365,ok,,9.0,False,False,False,True,False,12,False,9,130.11111111111111,8.006941432976209,False
6893,0.10000000000000002,3,30,economics,436,ok,,72,ok,,86,ok,,5,ok,,5,ok,,12,ok,,14.4,ok,,4.92,ok,,12,ok,,0.288,ok,,1.19,ok,,0.023,ok,,0.165,ok,,0.017,ok,,0.0,ok,,9.25,ok,,True,ok,,50.13,ok,,12.02,ok,,10.25,ok,,12.35,ok,,20,ok,,0.278,ok,,1.7,ok,,13,ok,,0.63,ok,,5.384,ok,,58.83,ok,,5.3,ok,,4.14,ok,,0.425,ok,,42,ok,,5.69,ok,,2.46,ok,,2,ok,,0.027,ok,,0.071,ok,,0,ok,,2,ok,,other,not_applicable,"no interrogative wh-word appears in the prompt, so there is no question word to report",,not_applicable,"the prompt has 0 distinct wh-word(s), so there is no second one",0,ok,,0,ok,,0,ok,,False,ok,,False,ok,,False,ok,,True,ok,,,not_applicable,"the prompt gives no command, so there is no task verb (a content verb inside a question does not count)",0,ok,,False,ok,,False,ok,,,not_applicable,the prompt does not state how many items it wants,8,ok,,1,ok,,2,ok,,2,ok,,0,ok,,1,ok,,0,ok,,0,ok,,3,ok,,0,ok,,0,ok,,0,ok,,False,ok,,False,ok,,False,ok,,False,ok,,False,ok,,0,ok,,0,ok,,0,ok,,0,ok,,0,ok,,1,ok,,0.024,ok,,False,ok,,0,ok,,none,not_applicable,the prompt contains no time expression at all,False,ok,,0,ok,,,not_applicable,"the prompt names no year, so there is no earliest year",,not_applicable,"the prompt names no year, so there is no latest year",,not_applicable,"the prompt names no year, so the window has no width; reporting 0 here would look like a single-year constraint",False,ok,,False,ok,,0,ok,,False,ok,,False,ok,,,not_applicable,the prompt is not phrased as a comparison,True,ok,,False,ok,,True,ok,,False,ok,,0,ok,,1,ok,,2,ok,,1,ok,,Reasoning,ok,,1.5,ok,,finance,ok,,en,ok,,1.0,ok,,True,ok,,0.0,ok,,0,ok,,0,ok,,False,ok,,0,ok,,0.7,ok,,False,ok,,0,ok,,0.0,ok,,False,ok,,False,ok,,,not_applicable,the prompt does not ask for a particular output format,False,ok,,False,ok,,0.0,ok,,False,ok,,False,ok,,0.998,ok,,0,ok,,False,ok,,0,ok,,1,ok,,0,ok,,4,ok,,False,ok,,False,ok,,False,ok,,0.0,ok,,0.406,ok,,0.083,ok,,0.069,ok,,0.0,ok,,0.079,ok,,4.0,False,False,True,False,False,32,False,4,60.75,3.304037933599835,False
7044,0.0,0,30,economics,869,ok,,155,ok,,201,ok,,18,ok,,11,ok,,8,ok,,8.61,ok,,4.51,ok,,11,ok,,0.293,ok,,1.3,ok,,0.055,ok,,0.178,ok,,0.122,ok,,0.0,ok,,8.33,ok,,True,ok,,54.4,ok,,11.49,ok,,7.19,ok,,13.01,ok,,21,ok,,0.135,ok,,1.67,ok,,28,ok,,0.353,ok,,4.327,ok,,31.94,ok,,5.38,ok,,4.48,ok,,0.38,ok,,88,ok,,5.6,ok,,3.08,ok,,0,ok,,0.0,ok,,0.455,ok,,0,ok,,2,ok,,which,ok,,why,ok,,3,ok,,2,ok,,1,ok,,False,ok,,True,ok,,False,ok,,False,ok,,,not_applicable,"the prompt gives no command, so there is no task verb (a content verb inside a question does not count)",2,ok,,True,ok,,False,ok,,,not_applicable,the prompt does not state how many items it wants,10,ok,,4,ok,,4,ok,,3,ok,,0,ok,,3,ok,,1,ok,,0,ok,,44,ok,,22,ok,,0,ok,,0,ok,,False,ok,,False,ok,,False,ok,,False,ok,,False,ok,,0,ok,,0,ok,,0,ok,,0,ok,,0,ok,,26,ok,,0.295,ok,,True,ok,,1,ok,,relative,ok,,False,ok,,0,ok,,,not_applicable,"the prompt names no year, so there is no earliest year",,not_applicable,"the prompt names no year, so there is no latest year",,not_applicable,"the prompt names no year, so the window has no width; reporting 0 here would look like a single-year constraint",False,ok,,False,ok,,0,ok,,False,ok,,False,ok,,,not_applicable,the prompt is not phrased as a comparison,True,ok,,False,ok,,False,ok,,False,ok,,0,ok,,2,ok,,3,ok,,2,ok,,Fact Retrieval,ok,,1.5,ok,,finance,ok,,en,ok,,1.0,ok,,True,ok,,0.0,ok,,0,ok,,0,ok,,False,ok,,0,ok,,0.798,ok,,False,ok,,0,ok,,0.0,ok,,False,ok,,False,ok,,,not_applicable,the prompt does not ask for a particular output format,True,ok,,False,ok,,0.0,ok,,False,ok,,False,ok,,0.999,ok,,0,ok,,True,ok,,0,ok,,0,ok,,0,ok,,3,ok,,False,ok,,False,ok,,False,ok,,0.15,ok,,0.877,ok,,0.342,ok,,0.177,ok,,0.25,ok,,0.448,ok,,10.0,False,False,False,False,False,66,False,10,39.9,48.8954667292037,False
7047,0.03333333333333333,1,30,economics,462,ok,,92,ok,,114,ok,,12,ok,,8,ok,,11,ok,,7.67,ok,,3.82,ok,,9,ok,,0.086,ok,,1.24,ok,,0.048,ok,,0.199,ok,,0.043,ok,,0.0,ok,,5.31,ok,,True,ok,,77.46,ok,,5.47,ok,,3.57,ok,,9.01,ok,,6,ok,,0.065,ok,,1.38,ok,,3,ok,,0.333,ok,,3.215,ok,,22.5,ok,,4.55,ok,,4.38,ok,,0.441,ok,,52,ok,,5.99,ok,,3.63,ok,,0,ok,,0.0,ok,,0.0,ok,,0,ok,,2,ok,,which,ok,,,not_applicable,"the prompt has 1 distinct wh-word(s), so there is no second one",1,ok,,1,ok,,1,ok,,False,ok,,True,ok,,False,ok,,False,ok,,,not_applicable,"the prompt gives no command, so there is no task verb (a content verb inside a question does not count)",1,ok,,False,ok,,False,ok,,,not_applicable,the prompt does not state how many items it wants,7,ok,,1,ok,,1,ok,,1,ok,,0,ok,,1,ok,,0,ok,,0,ok,,6,ok,,0,ok,,0,ok,,0,ok,,False,ok,,False,ok,,False,ok,,False,ok,,False,ok,,0,ok,,0,ok,,0,ok,,0,ok,,0,ok,,1,ok,,0.019,ok,,True,ok,,1,ok,,relative,ok,,False,ok,,0,ok,,,not_applicable,"the prompt names no year, so there is no earliest year",,not_applicable,"the prompt names no year, so there is no latest year",,not_applicable,"the prompt names no year, so the window has no width; reporting 0 here would look like a single-year constraint",False,ok,,True,ok,,2,ok,,False,ok,,False,ok,,,not_applicable,the prompt is not phrased as a comparison,False,ok,,False,ok,,False,ok,,False,ok,,0,ok,,1,ok,,2,ok,,3,ok,,Fact Retrieval,ok,,1.5,ok,,,not_applicable,no domain lexicon matched this prompt,en,ok,,1.0,ok,,True,ok,,0.0,ok,,0,ok,,0,ok,,False,ok,,0,ok,,0.828,ok,,False,ok,,0,ok,,0.0,ok,,False,ok,,False,ok,,,not_applicable,the prompt does not ask for a particular output format,True,ok,,False,ok,,0.0,ok,,False,ok,,False,ok,,0.998,ok,,0,ok,,True,ok,,0,ok,,0,ok,,0,ok,,8,ok,,False,ok,,False,ok,,False,ok,,0.15,ok,,0.32,ok,,0.083,ok,,0.032,ok,,0.25,ok,,0.405,ok,,7.0,False,False,False,False,False,6,False,7,57.0,15.811388300841896,False
7056,0.5,15,30,economics,784,ok,,127,ok,,150,ok,,10,ok,,11,ok,,17,ok,,12.7,ok,,5.09,ok,,11,ok,,0.346,ok,,1.18,ok,,0.027,ok,,0.162,ok,,0.017,ok,,0.0,ok,,9.63,ok,,True,ok,,46.57,ok,,14.38,ok,,10.68,ok,,12.66,ok,,18,ok,,0.142,ok,,1.76,ok,,31,ok,,0.362,ok,,4.082,ok,,17.23,ok,,4.77,ok,,4.29,ok,,0.339,ok,,84,ok,,5.68,ok,,2.08,ok,,1,ok,,0.008,ok,,0.036,ok,,0,ok,,2,ok,,when,ok,,,not_applicable,"the prompt has 1 distinct wh-word(s), so there is no second one",1,ok,,1,ok,,0,ok,,False,ok,,True,ok,,False,ok,,True,ok,,,not_applicable,"the prompt gives no command, so there is no task verb (a content verb inside a question does not count)",0,ok,,False,ok,,False,ok,,,not_applicable,the prompt does not state how many items it wants,6,ok,,1,ok,,1,ok,,1,ok,,0,ok,,1,ok,,0,ok,,0,ok,,8,ok,,0,ok,,0,ok,,0,ok,,False,ok,,False,ok,,False,ok,,False,ok,,False,ok,,0,ok,,0,ok,,0,ok,,0,ok,,0,ok,,1,ok,,0.012,ok,,False,ok,,0,ok,,none,not_applicable,the prompt contains no time expression at all,False,ok,,0,ok,,,not_applicable,"the prompt names no year, so there is no earliest year",,not_applicable,"the prompt names no year, so there is no latest year",,not_applicable,"the prompt names no year, so the window has no width; reporting 0 here would look like a single-year constraint",False,ok,,False,ok,,0,ok,,False,ok,,False,ok,,,not_applicable,the prompt is not phrased as a comparison,True,ok,,False,ok,,False,ok,,False,ok,,0,ok,,1,ok,,2,ok,,0,ok,,Fact Retrieval,ok,,1.5,ok,,finance,ok,,en,ok,,1.0,ok,,True,ok,,0.0,ok,,0,ok,,0,ok,,False,ok,,0,ok,,0.846,ok,,False,ok,,0,ok,,0.0,ok,,False,ok,,False,ok,,,not_applicable,the prompt does not ask for a particular output format,False,ok,,False,ok,,0.0,ok,,False,ok,,False,ok,,0.999,ok,,0,ok,,False,ok,,0,ok,,2,ok,,0,ok,,23,ok,,False,ok,,False,ok,,False,ok,,0.0,ok,,0.316,ok,,0.083,ok,,0.041,ok,,0.0,ok,,0.065,ok,,10.0,False,False,False,False,False,23,False,10,60.6,12.285492799775406,False
7077,0.03333333333333333,1,30,economics,821,ok,,132,ok,,155,ok,,5,ok,,11,ok,,16,ok,,26.4,ok,,5.15,ok,,13,ok,,0.278,ok,,1.17,ok,,0.017,ok,,0.161,ok,,0.031,ok,,0.0,ok,,10.63,ok,,True,ok,,40.2,ok,,12.98,ok,,11.39,ok,,12.61,ok,,25,ok,,0.189,ok,,1.81,ok,,29,ok,,0.444,ok,,5.116,ok,,33.71,ok,,5.27,ok,,4.35,ok,,0.368,ok,,84,ok,,5.65,ok,,3.12,ok,,0,ok,,0.0,ok,,0.107,ok,,0,ok,,2,ok,,other,not_applicable,"no interrogative wh-word appears in the prompt, so there is no question word to report",,not_applicable,"the prompt has 0 distinct wh-word(s), so there is no second one",0,ok,,0,ok,,1,ok,,False,ok,,False,ok,,True,ok,,False,ok,,,not_applicable,"the prompt gives no command, so there is no task verb (a content verb inside a question does not count)",1,ok,,False,ok,,False,ok,,,not_applicable,the prompt does not state how many items it wants,10,ok,,2,ok,,2,ok,,2,ok,,0,ok,,2,ok,,0,ok,,0,ok,,12,ok,,0,ok,,0,ok,,0,ok,,False,ok,,False,ok,,False,ok,,False,ok,,False,ok,,0,ok,,0,ok,,0,ok,,0,ok,,0,ok,,2,ok,,0.024,ok,,False,ok,,0,ok,,none,not_applicable,the prompt contains no time expression at all,False,ok,,0,ok,,,not_applicable,"the prompt names no year, so there is no earliest year",,not_applicable,"the prompt names no year, so there is no latest year",,not_applicable,"the prompt names no year, so the window has no width; reporting 0 here would look like a single-year constraint",False,ok,,True,ok,,2,ok,,False,ok,,False,ok,,,not_applicable,the prompt is not phrased as a comparison,True,ok,,False,ok,,True,ok,,False,ok,,0,ok,,1,ok,,2,ok,,3,ok,,Reasoning,ok,,1.5,ok,,finance,ok,,en,ok,,1.0,ok,,True,ok,,0.0,ok,,0,ok,,0,ok,,False,ok,,0,ok,,0.673,ok,,False,ok,,0,ok,,0.0,ok,,False,ok,,False,ok,,,not_applicable,the prompt does not ask for a particular output format,True,ok,,False,ok,,0.0,ok,,False,ok,,False,ok,,0.999,ok,,1,ok,,False,ok,,0,ok,,0,ok,,0,ok,,9,ok,,False,ok,,False,ok,,False,ok,,0.2,ok,,0.631,ok,,0.083,ok,,0.055,ok,,0.0,ok,,0.353,ok,,10.0,False,False,False,False,False,12,False,10,71.3,5.982381539896038,False
7090,0.0,0,30,economics,1071,ok,,183,ok,,208,ok,,1,ok,,11,ok,,24,ok,,183.0,ok,,4.83,ok,,12,ok,,0.208,ok,,1.14,ok,,0.014,ok,,0.171,ok,,0.024,ok,,0.0,ok,,9.98,ok,,True,ok,,53.11,ok,,13.21,ok,,10.09,ok,,10.33,ok,,27,ok,,0.148,ok,,1.62,ok,,33,ok,,0.464,ok,,6.283,ok,,51.44,ok,,5.9,ok,,4.25,ok,,0.421,ok,,106,ok,,5.65,ok,,3.1,ok,,0,ok,,0.0,ok,,0.075,ok,,0,ok,,2,ok,,what,ok,,when,ok,,5,ok,,2,ok,,1,ok,,False,ok,,True,ok,,False,ok,,False,ok,,,not_applicable,"the prompt gives no command, so there is no task verb (a content verb inside a question does not count)",4,ok,,True,ok,,True,ok,,,not_applicable,the prompt does not state how many items it wants,11,ok,,7,ok,,12,ok,,6,ok,,3,ok,,3,ok,,1,ok,,0,ok,,14,ok,,0,ok,,1,ok,,2,ok,,False,ok,,False,ok,,False,ok,,False,ok,,False,ok,,0,ok,,0,ok,,0,ok,,0,ok,,0,ok,,8,ok,,0.075,ok,,False,ok,,0,ok,,none,not_applicable,the prompt contains no time expression at all,False,ok,,0,ok,,,not_applicable,"the prompt names no year, so there is no earliest year",,not_applicable,"the prompt names no year, so there is no latest year",,not_applicable,"the prompt names no year, so the window has no width; reporting 0 here would look like a single-year constraint",False,ok,,False,ok,,0,ok,,False,ok,,True,ok,,2.0,ok,,False,ok,,False,ok,,False,ok,,False,ok,,0,ok,,2,ok,,4,ok,,0,ok,,Definition,ok,,2.0,ok,,finance,ok,,en,ok,,1.0,ok,,True,ok,,0.0,ok,,0,ok,,0,ok,,False,ok,,0,ok,,0.608,ok,,False,ok,,0,ok,,0.0,ok,,False,ok,,False,ok,,,not_applicable,the prompt does not ask for a particular output format,False,ok,,False,ok,,0.0,ok,,True,ok,,False,ok,,0.999,ok,,0,ok,,True,ok,,0,ok,,1,ok,,0,ok,,9,ok,,False,ok,,False,ok,,False,ok,,0.15,ok,,0.745,ok,,0.85,ok,,0.041,ok,,0.0,ok,,0.549,ok,,10.0,False,False,False,True,False,14,False,10,94.8,36.47464873031679,False
7199,0.03333333333333333,1,30,economics,592,ok,,129,ok,,232,ok,,7,ok,,11,ok,,4,ok,,18.43,ok,,5.06,ok,,10,ok,,0.41,ok,,1.8,ok,,0.23,ok,,0.218,ok,,0.508,ok,,0.01,ok,,0.57,ok,,True,ok,,104.38,ok,,3.98,ok,,7.32,ok,,18.85,ok,,3,ok,,0.023,ok,,1.13,ok,,3,ok,,0.385,ok,,3.397,ok,,16.37,ok,,4.22,ok,,4.34,ok,,0.026,ok,,76,ok,,1.21,ok,,0.0,ok,,61,ok,,0.782,ok,,0.829,ok,,60,ok,,3,ok,,other,not_applicable,"no interrogative wh-word appears in the prompt, so there is no question word to report",,not_applicable,"the prompt has 0 distinct wh-word(s), so there is no second one",0,ok,,0,ok,,0,ok,,False,ok,,False,ok,,False,ok,,True,ok,,,not_applicable,"the prompt gives no command, so there is no task verb (a content verb inside a question does not count)",0,ok,,False,ok,,False,ok,,,not_applicable,the prompt does not state how many items it wants,7,ok,,2,ok,,2,ok,,2,ok,,1,ok,,1,ok,,0,ok,,0,ok,,54,ok,,0,ok,,0,ok,,0,ok,,False,ok,,False,ok,,False,ok,,False,ok,,False,ok,,0,ok,,6,ok,,0,ok,,0,ok,,0,ok,,8,ok,,0.105,ok,,False,ok,,0,ok,,none,not_applicable,the prompt contains no time expression at all,False,ok,,0,ok,,,not_applicable,"the prompt names no year, so there is no earliest year",,not_applicable,"the prompt names no year, so there is no latest year",,not_applicable,"the prompt names no year, so the window has no width; reporting 0 here would look like a single-year constraint",False,ok,,False,ok,,0,ok,,False,ok,,False,ok,,,not_applicable,the prompt is not phrased as a comparison,False,ok,,False,ok,,False,ok,,False,ok,,0,ok,,1,ok,,2,ok,,1,ok,,Fact Retrieval,ok,,0.5,ok,,,not_applicable,no domain lexicon matched this prompt,ro,ok,,0.71,ok,,False,ok,,0.0,ok,,0,ok,,0,ok,,False,ok,,0,ok,,0.751,ok,,False,ok,,0,ok,,0.0,ok,,False,ok,,False,ok,,,not_applicable,the prompt does not ask for a particular output format,False,ok,,False,ok,,0.0,ok,,False,ok,,False,ok,,0.998,ok,,0,ok,,False,ok,,0,ok,,0,ok,,0,ok,,1,ok,,False,ok,,False,ok,,False,ok,,0.0,ok,,0.68,ok,,0.083,ok,,0.81,ok,,0.0,ok,,0.83,ok,,10.0,False,False,False,False,False,7,False,10,49.6,20.111909130882847,False
7200,0.03333333333333333,1,30,economics,942,ok,,165,ok,,218,ok,,13,ok,,11,ok,,24,ok,,12.69,ok,,4.58,ok,,13,ok,,0.174,ok,,1.32,ok,,0.024,ok,,0.175,ok,,0.049,ok,,0.0,ok,,7.74,ok,,True,ok,,62.18,ok,,10.17,ok,,8.37,ok,,11.44,ok,,27,ok,,0.164,ok,,1.54,ok,,23,ok,,0.479,ok,,6.191,ok,,39.88,ok,,5.81,ok,,4.46,ok,,0.413,ok,,92,ok,,5.48,ok,,1.54,ok,,11,ok,,0.066,ok,,0.196,ok,,0,ok,,3,ok,,other,not_applicable,"no interrogative wh-word appears in the prompt, so there is no question word to report",,not_applicable,"the prompt has 0 distinct wh-word(s), so there is no second one",0,ok,,0,ok,,1,ok,,False,ok,,False,ok,,False,ok,,True,ok,,,not_applicable,"the prompt gives no command, so there is no task verb (a content verb inside a question does not count)",1,ok,,False,ok,,False,ok,,,not_applicable,the prompt does not state how many items it wants,8,ok,,2,ok,,3,ok,,3,ok,,0,ok,,1,ok,,0,ok,,1,ok,,26,ok,,0,ok,,0,ok,,0,ok,,False,ok,,False,ok,,False,ok,,False,ok,,False,ok,,0,ok,,0,ok,,0,ok,,0,ok,,0,ok,,2,ok,,0.022,ok,,False,ok,,0,ok,,none,not_applicable,the prompt contains no time expression at all,False,ok,,0,ok,,,not_applicable,"the prompt names no year, so there is no earliest year",,not_applicable,"the prompt names no year, so there is no latest year",,not_applicable,"the prompt names no year, so the window has no width; reporting 0 here would look like a single-year constraint",False,ok,,True,ok,,2,ok,,False,ok,,False,ok,,,not_applicable,the prompt is not phrased as a comparison,False,ok,,False,ok,,True,ok,,True,ok,,0,ok,,2,ok,,4,ok,,2,ok,,Fact Retrieval,ok,,0.5,ok,,,not_applicable,no domain lexicon matched this prompt,en,ok,,1.0,ok,,True,ok,,0.0,ok,,0,ok,,0,ok,,False,ok,,0,ok,,0.655,ok,,False,ok,,0,ok,,0.0,ok,,False,ok,,False,ok,,,not_applicable,the prompt does not ask for a particular output format,False,ok,,False,ok,,0.0,ok,,False,ok,,False,ok,,0.999,ok,,1,ok,,False,ok,,0,ok,,0,ok,,0,ok,,12,ok,,False,ok,,False,ok,,False,ok,,0.2,ok,,0.713,ok,,0.4,ok,,0.156,ok,,0.0,ok,,0.499,ok,,10.0,False,False,True,False,False,43,False,10,66.8,20.932696380967688,False
7313,0.3,9,30,economics,830,ok,,145,ok,,230,ok,,5,ok,,15,ok,,12,ok,,29.0,ok,,4.21,ok,,14,ok,,0.221,ok,,1.59,ok,,0.088,ok,,0.189,ok,,0.035,ok,,0.0,ok,,8.41,ok,,True,ok,,56.29,ok,,11.73,ok,,5.75,ok,,11.42,ok,,21,ok,,0.145,ok,,1.63,ok,,27,ok,,0.434,ok,,5.232,ok,,19.14,ok,,5.38,ok,,4.47,ok,,0.483,ok,,75,ok,,5.68,ok,,1.87,ok,,4,ok,,0.028,ok,,0.24,ok,,0,ok,,2,ok,,which,ok,,,not_applicable,"the prompt has 1 distinct wh-word(s), so there is no second one",1,ok,,1,ok,,1,ok,,False,ok,,True,ok,,False,ok,,False,ok,,,not_applicable,"the prompt gives no command, so there is no task verb (a content verb inside a question does not count)",1,ok,,False,ok,,True,ok,,,not_applicable,the prompt does not state how many items it wants,12,ok,,5,ok,,5,ok,,2,ok,,4,ok,,1,ok,,0,ok,,0,ok,,34,ok,,2,ok,,0,ok,,0,ok,,False,ok,,False,ok,,False,ok,,False,ok,,False,ok,,0,ok,,0,ok,,0,ok,,0,ok,,0,ok,,7,ok,,0.093,ok,,True,ok,,1,ok,,relative,ok,,False,ok,,0,ok,,,not_applicable,"the prompt names no year, so there is no earliest year",,not_applicable,"the prompt names no year, so there is no latest year",,not_applicable,"the prompt names no year, so the window has no width; reporting 0 here would look like a single-year constraint",False,ok,,True,ok,,1,ok,,True,ok,,False,ok,,,not_applicable,the prompt is not phrased as a comparison,True,ok,,True,ok,,False,ok,,False,ok,,0,ok,,2,ok,,4,ok,,3,ok,,Fact Retrieval,ok,,1.5,ok,,,not_applicable,no domain lexicon matched this prompt,en,ok,,1.0,ok,,True,ok,,0.0,ok,,0,ok,,0,ok,,False,ok,,0,ok,,0.783,ok,,False,ok,,0,ok,,0.0,ok,,False,ok,,False,ok,,,not_applicable,the prompt does not ask for a particular output format,False,ok,,False,ok,,0.0,ok,,False,ok,,False,ok,,0.984,ok,,0,ok,,True,ok,,0,ok,,1,ok,,0,ok,,8,ok,,False,ok,,False,ok,,False,ok,,0.15,ok,,0.672,ok,,0.25,ok,,0.174,ok,,0.25,ok,,0.591,ok,,10.0,False,False,False,False,False,91,True,10,20.8,3.7653389990514494,False
7329,0.0,0,30,economics,933,ok,,151,ok,,175,ok,,8,ok,,11,ok,,14,ok,,18.88,ok,,5.15,ok,,13,ok,,0.285,ok,,1.16,ok,,0.016,ok,,0.162,ok,,0.027,ok,,0.0,ok,,11.02,ok,,True,ok,,40.51,ok,,12.91,ok,,11.5,ok,,12.26,ok,,39,ok,,0.258,ok,,1.8,ok,,30,ok,,0.55,ok,,6.754,ok,,47.77,ok,,5.84,ok,,4.3,ok,,0.444,ok,,84,ok,,5.6,ok,,2.85,ok,,1,ok,,0.007,ok,,0.202,ok,,0,ok,,2,ok,,what,ok,,how,ok,,6,ok,,4,ok,,1,ok,,False,ok,,True,ok,,False,ok,,False,ok,,,not_applicable,"the prompt gives no command, so there is no task verb (a content verb inside a question does not count)",3,ok,,True,ok,,False,ok,,,not_applicable,the prompt does not state how many items it wants,13,ok,,1,ok,,1,ok,,1,ok,,0,ok,,1,ok,,0,ok,,0,ok,,10,ok,,0,ok,,0,ok,,0,ok,,False,ok,,False,ok,,False,ok,,False,ok,,False,ok,,0,ok,,0,ok,,0,ok,,0,ok,,0,ok,,1,ok,,0.012,ok,,True,ok,,1,ok,,relative,ok,,False,ok,,0,ok,,,not_applicable,"the prompt names no year, so there is no earliest year",,not_applicable,"the prompt names no year, so there is no latest year",,not_applicable,"the prompt names no year, so the window has no width; reporting 0 here would look like a single-year constraint",False,ok,,True,ok,,1,ok,,False,ok,,False,ok,,,not_applicable,the prompt is not phrased as a comparison,True,ok,,True,ok,,False,ok,,False,ok,,0,ok,,4,ok,,5,ok,,2,ok,,Definition,ok,,1.0,ok,,finance,ok,,en,ok,,1.0,ok,,True,ok,,0.0,ok,,0,ok,,0,ok,,False,ok,,0,ok,,0.53,ok,,False,ok,,6,ok,,0.689,ok,,False,ok,,False,ok,,,not_applicable,the prompt does not ask for a particular output format,False,ok,,False,ok,,0.0,ok,,False,ok,,False,ok,,0.235,ok,,0,ok,,False,ok,,0,ok,,2,ok,,0,ok,,9,ok,,False,ok,,False,ok,,False,ok,,0.0,ok,,0.316,ok,,0.6,ok,,0.088,ok,,0.25,ok,,0.638,ok,,10.0,False,False,False,True,False,8,False,10,83.8,22.592033994308704,False
7338,0.26666666666666666,8,30,economics,520,ok,,93,ok,,169,ok,,2,ok,,11,ok,,7,ok,,46.5,ok,,5.05,ok,,11,ok,,0.415,ok,,1.82,ok,,0.088,ok,,0.179,ok,,0.038,ok,,0.123,ok,,5.29,ok,,True,ok,,68.37,ok,,5.94,ok,,6.46,ok,,14.16,ok,,13,ok,,0.14,ok,,1.71,ok,,9,ok,,0.646,ok,,5.209,ok,,13.71,ok,,4.76,ok,,4.69,ok,,0.308,ok,,45,ok,,5.57,ok,,3.16,ok,,0,ok,,0.0,ok,,0.089,ok,,0,ok,,2,ok,,why,ok,,why,ok,,2,ok,,2,ok,,1,ok,,False,ok,,True,ok,,False,ok,,True,ok,,calculate,ok,,1,ok,,False,ok,,False,ok,,,not_applicable,the prompt does not state how many items it wants,8,ok,,0,ok,,17,ok,,2,ok,,0,ok,,0,ok,,0,ok,,0,ok,,9,ok,,0,ok,,0,ok,,0,ok,,False,ok,,False,ok,,False,ok,,False,ok,,False,ok,,0,ok,,17,ok,,0,ok,,11,ok,,0,ok,,28,ok,,0.622,ok,,True,ok,,1,ok,,relative,ok,,False,ok,,0,ok,,,not_applicable,"the prompt names no year, so there is no earliest year",,not_applicable,"the prompt names no year, so there is no latest year",,not_applicable,"the prompt names no year, so the window has no width; reporting 0 here would look like a single-year constraint",False,ok,,False,ok,,0,ok,,False,ok,,False,ok,,,not_applicable,the prompt is not phrased as a comparison,True,ok,,True,ok,,True,ok,,False,ok,,0,ok,,1,ok,,3,ok,,3,ok,,Reasoning,ok,,2.5,ok,,finance,ok,,en,ok,,1.0,ok,,True,ok,,0.0,ok,,0,ok,,0,ok,,False,ok,,0,ok,,0.75,ok,,False,ok,,1,ok,,0.565,ok,,False,ok,,False,ok,,,not_applicable,the prompt does not ask for a particular output format,False,ok,,False,ok,,0.0,ok,,False,ok,,False,ok,,0.431,ok,,0,ok,,True,ok,,0,ok,,0,ok,,0,ok,,5,ok,,False,ok,,False,ok,,False,ok,,0.15,ok,,0.917,ok,,0.167,ok,,0.136,ok,,0.25,ok,,0.476,ok,,10.0,False,False,False,False,True,53,False,10,15.0,0.0,False
7383,0.0,0,30,economics,432,ok,,91,ok,,149,ok,,2,ok,,11,ok,,5,ok,,45.5,ok,,3.78,ok,,10,ok,,0.128,ok,,1.64,ok,,0.079,ok,,0.211,ok,,0.039,ok,,0.056,ok,,2.28,ok,,True,ok,,92.06,ok,,5.67,ok,,0.04,ok,,12.43,ok,,10,ok,,0.11,ok,,1.29,ok,,7,ok,,0.577,ok,,5.095,ok,,12.67,ok,,4.91,ok,,4.55,ok,,0.462,ok,,42,ok,,5.79,ok,,0.0,ok,,1,ok,,0.013,ok,,0.071,ok,,2,ok,,3,ok,,what,ok,,where,ok,,2,ok,,2,ok,,0,ok,,False,ok,,True,ok,,False,ok,,False,ok,,,not_applicable,"the prompt gives no command, so there is no task verb (a content verb inside a question does not count)",0,ok,,False,ok,,False,ok,,,not_applicable,the prompt does not state how many items it wants,12,ok,,0,ok,,14,ok,,3,ok,,0,ok,,0,ok,,0,ok,,0,ok,,9,ok,,0,ok,,0,ok,,0,ok,,False,ok,,False,ok,,False,ok,,False,ok,,True,ok,,0,ok,,14,ok,,11,ok,,2,ok,,0,ok,,27,ok,,0.643,ok,,False,ok,,0,ok,,none,not_applicable,the prompt contains no time expression at all,False,ok,,0,ok,,,not_applicable,"the prompt names no year, so there is no earliest year",,not_applicable,"the prompt names no year, so there is no latest year",,not_applicable,"the prompt names no year, so the window has no width; reporting 0 here would look like a single-year constraint",False,ok,,False,ok,,0,ok,,False,ok,,False,ok,,,not_applicable,the prompt is not phrased as a comparison,False,ok,,True,ok,,False,ok,,False,ok,,0,ok,,3,ok,,5,ok,,1,ok,,Math,ok,,2.0,ok,,finance,ok,,en,ok,,1.0,ok,,True,ok,,0.0,ok,,0,ok,,0,ok,,False,ok,,0,ok,,0.803,ok,,False,ok,,1,ok,,0.639,ok,,False,ok,,False,ok,,,not_applicable,the prompt does not ask for a particular output format,False,ok,,False,ok,,0.0,ok,,False,ok,,False,ok,,0.356,ok,,0,ok,,False,ok,,0,ok,,0,ok,,0,ok,,3,ok,,False,ok,,False,ok,,False,ok,,0.0,ok,,1.0,ok,,0.25,ok,,0.117,ok,,0.0,ok,,0.345,ok,,10.0,False,False,False,False,True,51,False,10,11.5,0.7071067811865476,False
7392,0.0,0,30,economics,461,ok,,76,ok,,105,ok,,2,ok,,11,ok,,9,ok,,38.0,ok,,5.01,ok,,15,ok,,0.329,ok,,1.38,ok,,0.03,ok,,0.165,ok,,0.059,ok,,0.0,ok,,7.22,ok,,True,ok,,54.58,ok,,11.48,ok,,7.84,ok,,12.88,ok,,26,ok,,0.342,ok,,1.72,ok,,18,ok,,0.776,ok,,6.768,ok,,95.13,ok,,5.56,ok,,4.42,ok,,0.368,ok,,48,ok,,5.39,ok,,1.82,ok,,3,ok,,0.039,ok,,0.167,ok,,0,ok,,3,ok,,other,not_applicable,"no interrogative wh-word appears in the prompt, so there is no question word to report",,not_applicable,"the prompt has 0 distinct wh-word(s), so there is no second one",0,ok,,0,ok,,0,ok,,False,ok,,False,ok,,False,ok,,True,ok,,define,ok,,3,ok,,True,ok,,True,ok,,2.0,ok,,9,ok,,8,ok,,10,ok,,4,ok,,2,ok,,5,ok,,0,ok,,1,ok,,17,ok,,0,ok,,0,ok,,0,ok,,False,ok,,False,ok,,False,ok,,False,ok,,False,ok,,0,ok,,0,ok,,0,ok,,0,ok,,0,ok,,8,ok,,0.167,ok,,False,ok,,0,ok,,none,not_applicable,the prompt contains no time expression at all,False,ok,,0,ok,,,not_applicable,"the prompt names no year, so there is no earliest year",,not_applicable,"the prompt names no year, so there is no latest year",,not_applicable,"the prompt names no year, so the window has no width; reporting 0 here would look like a single-year constraint",False,ok,,False,ok,,0,ok,,False,ok,,False,ok,,,not_applicable,the prompt is not phrased as a comparison,False,ok,,False,ok,,True,ok,,True,ok,,0,ok,,1,ok,,3,ok,,2,ok,,Coding,ok,,2.0,ok,,finance,ok,,en,ok,,1.0,ok,,True,ok,,0.0,ok,,0,ok,,0,ok,,False,ok,,0,ok,,0.524,ok,,False,ok,,0,ok,,0.0,ok,,False,ok,,False,ok,,,not_applicable,the prompt does not ask for a particular output format,False,ok,,False,ok,,0.0,ok,,False,ok,,False,ok,,0.998,ok,,0,ok,,False,ok,,0,ok,,0,ok,,0,ok,,0,ok,,False,ok,,False,ok,,False,ok,,0.0,ok,,0.8,ok,,0.667,ok,,0.133,ok,,0.0,ok,,0.409,ok,,10.0,False,False,False,False,False,30,False,10,23.9,4.771442828607157,False
7462,0.0,0,30,economics,250,ok,,39,ok,,101,ok,,3,ok,,11,ok,,6,ok,,13.0,ok,,4.03,ok,,10,ok,,0.276,ok,,2.59,ok,,0.156,ok,,0.156,ok,,0.119,ok,,0.284,ok,,7.75,ok,,True,ok,,74.24,ok,,12.93,ok,,8.26,ok,,15.94,ok,,6,ok,,0.154,ok,,1.45,ok,,5,ok,,0.966,ok,,5.199,ok,,235.48,unreliable,MTLD needs about 50 tokens to stabilise; this prompt has 29,4.79,ok,,4.54,ok,,0.31,ok,,20,ok,,5.45,ok,,0.0,ok,,1,ok,,0.034,ok,,0.1,ok,,1,ok,,4,ok,,what,ok,,,not_applicable,"the prompt has 1 distinct wh-word(s), so there is no second one",1,ok,,1,ok,,1,ok,,False,ok,,True,ok,,False,ok,,True,ok,,,not_applicable,"the prompt gives no command, so there is no task verb (a content verb inside a question does not count)",1,ok,,False,ok,,False,ok,,,not_applicable,the prompt does not state how many items it wants,6,ok,,0,ok,,11,ok,,1,ok,,0,ok,,0,ok,,0,ok,,0,ok,,10,ok,,0,ok,,0,ok,,0,ok,,False,ok,,False,ok,,False,ok,,False,ok,,True,ok,,1,ok,,12,ok,,1,ok,,11,ok,,0,ok,,25,ok,,1.25,ok,,False,ok,,0,ok,,none,not_applicable,the prompt contains no time expression at all,False,ok,,0,ok,,,not_applicable,"the prompt names no year, so there is no earliest year",,not_applicable,"the prompt names no year, so there is no latest year",,not_applicable,"the prompt names no year, so the window has no width; reporting 0 here would look like a single-year constraint",False,ok,,False,ok,,0,ok,,False,ok,,False,ok,,,not_applicable,the prompt is not phrased as a comparison,False,ok,,False,ok,,True,ok,,False,ok,,0,ok,,1,ok,,2,ok,,2,ok,,Math,ok,,3.2,ok,,,not_applicable,no domain lexicon matched this prompt,en,ok,,1.0,ok,,True,ok,,0.0,ok,,0,ok,,0,ok,,False,ok,,0,ok,,0.749,ok,,False,ok,,0,ok,,0.0,ok,,False,ok,,False,ok,,,not_applicable,the prompt does not ask for a particular output format,False,ok,,False,ok,,0.0,ok,,False,ok,,False,ok,,0.996,ok,,0,ok,,False,ok,,0,ok,,0,ok,,0,ok,,1,ok,,False,ok,,False,ok,,False,ok,,0.0,ok,,0.833,ok,,0.083,ok,,0.258,ok,,0.0,ok,,0.17,ok,,10.0,False,False,True,False,True,19,False,10,8.2,0.6324555320336759,False
7580,0.0,0,30,economics,1454,ok,,267,ok,,290,ok,,11,ok,,11,ok,,26,ok,,24.27,ok,,4.38,ok,,11,ok,,0.231,ok,,1.09,ok,,0.016,ok,,0.184,ok,,0.018,ok,,0.0,ok,,12.92,ok,,True,ok,,45.63,ok,,14.05,ok,,8.27,ok,,9.51,ok,,9,ok,,0.034,ok,,1.61,ok,,51,ok,,0.157,ok,,2.566,ok,,19.14,ok,,4.34,ok,,4.19,ok,,0.496,ok,,135,ok,,6.06,ok,,3.71,ok,,0,ok,,0.0,ok,,0.081,ok,,0,ok,,2,ok,,which,ok,,where,ok,,11,ok,,2,ok,,1,ok,,False,ok,,True,ok,,False,ok,,True,ok,,find,ok,,1,ok,,False,ok,,False,ok,,,not_applicable,the prompt does not state how many items it wants,11,ok,,8,ok,,8,ok,,2,ok,,7,ok,,1,ok,,0,ok,,0,ok,,9,ok,,0,ok,,0,ok,,0,ok,,False,ok,,False,ok,,False,ok,,False,ok,,False,ok,,0,ok,,0,ok,,0,ok,,0,ok,,0,ok,,8,ok,,0.059,ok,,True,ok,,1,ok,,relative,ok,,False,ok,,0,ok,,,not_applicable,"the prompt names no year, so there is no earliest year",,not_applicable,"the prompt names no year, so there is no latest year",,not_applicable,"the prompt names no year, so the window has no width; reporting 0 here would look like a single-year constraint",False,ok,,False,ok,,0,ok,,False,ok,,False,ok,,,not_applicable,the prompt is not phrased as a comparison,False,ok,,True,ok,,False,ok,,False,ok,,0,ok,,2,ok,,4,ok,,2,ok,,Fact Retrieval,ok,,1.5,ok,,finance,ok,,en,ok,,1.0,ok,,True,ok,,0.0,ok,,0,ok,,0,ok,,False,ok,,0,ok,,0.887,ok,,False,ok,,0,ok,,0.0,ok,,False,ok,,False,ok,,,not_applicable,the prompt does not ask for a particular output format,True,ok,,False,ok,,0.0,ok,,False,ok,,False,ok,,0.999,ok,,0,ok,,True,ok,,0,ok,,0,ok,,0,ok,,39,ok,,False,ok,,False,ok,,False,ok,,0.15,ok,,0.652,ok,,0.25,ok,,0.036,ok,,0.25,ok,,0.368,ok,,10.0,False,False,False,False,False,19,False,10,130.7,30.973285980735792,False
7633,0.0,0,30,economics,314,ok,,56,ok,,77,ok,,11,ok,,10,ok,,11,ok,,5.09,ok,,4.43,ok,,10,ok,,0.196,ok,,1.38,ok,,0.061,ok,,0.178,ok,,0.059,ok,,0.0,ok,,4.31,ok,,True,ok,,73.26,ok,,7.04,ok,,3.14,ok,,12.63,ok,,12,ok,,0.214,ok,,1.52,ok,,7,ok,,0.696,ok,,5.212,ok,,46.17,ok,,4.92,ok,,4.36,ok,,0.321,ok,,38,ok,,5.71,ok,,3.9,ok,,0,ok,,0.0,ok,,0.079,ok,,0,ok,,2,ok,,other,not_applicable,"no interrogative wh-word appears in the prompt, so there is no question word to report",,not_applicable,"the prompt has 0 distinct wh-word(s), so there is no second one",0,ok,,0,ok,,0,ok,,False,ok,,False,ok,,False,ok,,True,ok,,,not_applicable,"the prompt gives no command, so there is no task verb (a content verb inside a question does not count)",0,ok,,False,ok,,False,ok,,,not_applicable,the prompt does not state how many items it wants,4,ok,,2,ok,,2,ok,,2,ok,,0,ok,,2,ok,,0,ok,,0,ok,,6,ok,,1,ok,,0,ok,,0,ok,,False,ok,,False,ok,,False,ok,,False,ok,,False,ok,,0,ok,,0,ok,,0,ok,,0,ok,,0,ok,,3,ok,,0.079,ok,,False,ok,,0,ok,,none,not_applicable,the prompt contains no time expression at all,False,ok,,0,ok,,,not_applicable,"the prompt names no year, so there is no earliest year",,not_applicable,"the prompt names no year, so there is no latest year",,not_applicable,"the prompt names no year, so the window has no width; reporting 0 here would look like a single-year constraint",False,ok,,True,ok,,1,ok,,False,ok,,False,ok,,,not_applicable,the prompt is not phrased as a comparison,False,ok,,True,ok,,True,ok,,False,ok,,0,ok,,0,ok,,2,ok,,2,ok,,Fact Retrieval,ok,,0.5,ok,,finance,ok,,en,ok,,1.0,ok,,True,ok,,0.0,ok,,0,ok,,0,ok,,False,ok,,0,ok,,0.638,ok,,False,ok,,0,ok,,0.0,ok,,False,ok,,False,ok,,,not_applicable,the prompt does not ask for a particular output format,False,ok,,False,ok,,0.0,ok,,False,ok,,False,ok,,0.997,ok,,0,ok,,False,ok,,0,ok,,0,ok,,0,ok,,4,ok,,False,ok,,False,ok,,False,ok,,0.0,ok,,0.664,ok,,0.083,ok,,0.074,ok,,0.0,ok,,0.22,ok,,9.0,False,False,True,False,False,11,False,9,23.666666666666668,3.840572873934304,False
7640,0.03333333333333333,1,30,economics,581,ok,,109,ok,,132,ok,,11,ok,,11,ok,,18,ok,,9.91,ok,,4.23,ok,,11,ok,,0.073,ok,,1.21,ok,,0.036,ok,,0.188,ok,,0.027,ok,,0.0,ok,,4.41,ok,,True,ok,,79.64,ok,,5.47,ok,,4.94,ok,,8.43,ok,,8,ok,,0.073,ok,,1.39,ok,,5,ok,,0.394,ok,,4.119,ok,,21.39,ok,,4.76,ok,,4.19,ok,,0.33,ok,,73,ok,,5.77,ok,,3.6,ok,,0,ok,,0.0,ok,,0.027,ok,,0,ok,,2,ok,,other,not_applicable,"no interrogative wh-word appears in the prompt, so there is no question word to report",,not_applicable,"the prompt has 0 distinct wh-word(s), so there is no second one",0,ok,,0,ok,,0,ok,,False,ok,,False,ok,,False,ok,,True,ok,,,not_applicable,"the prompt gives no command, so there is no task verb (a content verb inside a question does not count)",0,ok,,False,ok,,False,ok,,,not_applicable,the prompt does not state how many items it wants,10,ok,,1,ok,,1,ok,,1,ok,,0,ok,,1,ok,,0,ok,,0,ok,,6,ok,,0,ok,,0,ok,,0,ok,,False,ok,,False,ok,,False,ok,,False,ok,,False,ok,,0,ok,,0,ok,,0,ok,,0,ok,,0,ok,,1,ok,,0.014,ok,,False,ok,,0,ok,,none,not_applicable,the prompt contains no time expression at all,False,ok,,0,ok,,,not_applicable,"the prompt names no year, so there is no earliest year",,not_applicable,"the prompt names no year, so there is no latest year",,not_applicable,"the prompt names no year, so the window has no width; reporting 0 here would look like a single-year constraint",False,ok,,True,ok,,4,ok,,False,ok,,False,ok,,,not_applicable,the prompt is not phrased as a comparison,False,ok,,False,ok,,True,ok,,False,ok,,0,ok,,3,ok,,4,ok,,2,ok,,Fact Retrieval,ok,,0.5,ok,,finance,ok,,en,ok,,1.0,ok,,True,ok,,0.0,ok,,0,ok,,0,ok,,False,ok,,0,ok,,0.791,ok,,False,ok,,8,ok,,0.762,ok,,False,ok,,False,ok,,,not_applicable,the prompt does not ask for a particular output format,False,ok,,False,ok,,0.0,ok,,False,ok,,False,ok,,0.322,ok,,0,ok,,False,ok,,0,ok,,0,ok,,0,ok,,12,ok,,False,ok,,False,ok,,False,ok,,0.0,ok,,0.317,ok,,0.25,ok,,0.036,ok,,0.0,ok,,0.427,ok,,10.0,False,False,True,False,False,22,False,10,42.9,11.798775831039045,False
7673,0.06666666666666667,2,30,economics,733,ok,,135,ok,,166,ok,,8,ok,,11,ok,,28,ok,,16.88,ok,,4.27,ok,,12,ok,,0.27,ok,,1.23,ok,,0.034,ok,,0.184,ok,,0.037,ok,,0.0,ok,,7.2,ok,,True,ok,,65.28,ok,,9.95,ok,,6.41,ok,,8.69,ok,,21,ok,,0.156,ok,,1.52,ok,,19,ok,,0.489,ok,,5.724,ok,,31.18,ok,,5.33,ok,,4.29,ok,,0.482,ok,,71,ok,,5.8,ok,,2.34,ok,,2,ok,,0.015,ok,,0.141,ok,,0,ok,,3,ok,,why,ok,,,not_applicable,"the prompt has 1 distinct wh-word(s), so there is no second one",1,ok,,1,ok,,0,ok,,False,ok,,True,ok,,False,ok,,True,ok,,explain,ok,,0,ok,,False,ok,,False,ok,,,not_applicable,the prompt does not state how many items it wants,8,ok,,10,ok,,12,ok,,3,ok,,3,ok,,7,ok,,0,ok,,0,ok,,19,ok,,0,ok,,0,ok,,0,ok,,False,ok,,False,ok,,False,ok,,False,ok,,False,ok,,0,ok,,0,ok,,0,ok,,0,ok,,0,ok,,10,ok,,0.141,ok,,False,ok,,0,ok,,none,not_applicable,the prompt contains no time expression at all,False,ok,,0,ok,,,not_applicable,"the prompt names no year, so there is no earliest year",,not_applicable,"the prompt names no year, so there is no latest year",,not_applicable,"the prompt names no year, so the window has no width; reporting 0 here would look like a single-year constraint",False,ok,,True,ok,,4,ok,,False,ok,,False,ok,,,not_applicable,the prompt is not phrased as a comparison,True,ok,,False,ok,,False,ok,,False,ok,,0,ok,,1,ok,,2,ok,,1,ok,,Reasoning,ok,,3.0,ok,,finance,ok,,en,ok,,1.0,ok,,True,ok,,0.0,ok,,0,ok,,0,ok,,False,ok,,0,ok,,0.629,ok,,False,ok,,0,ok,,0.0,ok,,False,ok,,False,ok,,,not_applicable,the prompt does not ask for a particular output format,False,ok,,False,ok,,0.0,ok,,False,ok,,False,ok,,0.999,ok,,0,ok,,False,ok,,0,ok,,0,ok,,0,ok,,3,ok,,False,ok,,False,ok,,False,ok,,0.0,ok,,0.785,ok,,0.083,ok,,0.085,ok,,0.0,ok,,0.224,ok,,10.0,False,False,False,False,False,18,False,10,58.3,17.7516822364029,False
7730,0.0,0,30,math,138,ok,,33,ok,,72,ok,,2,ok,,11,ok,,1,ok,,16.5,ok,,3.68,ok,,8,ok,,0.16,ok,,2.18,ok,,0.138,ok,,0.239,ok,,0.153,ok,,0.101,ok,,10.17,ok,,True,ok,,79.18,ok,,14.05,ok,,-1.14,ok,,16.57,ok,,3,ok,,0.091,ok,,1.16,ok,,1,ok,,0.92,ok,,4.6,ok,,87.5,unreliable,MTLD needs about 50 tokens to stabilise; this prompt has 25,4.45,ok,,4.65,ok,,0.24,ok,,19,ok,,4.98,ok,,0.0,ok,,5,ok,,0.2,ok,,0.263,ok,,4,ok,,5,ok,,other,not_applicable,"no interrogative wh-word appears in the prompt, so there is no question word to report",,not_applicable,"the prompt has 0 distinct wh-word(s), so there is no second one",0,ok,,0,ok,,0,ok,,False,ok,,False,ok,,False,ok,,False,ok,,,not_applicable,"the prompt gives no command, so there is no task verb (a content verb inside a question does not count)",0,ok,,False,ok,,False,ok,,,not_applicable,the prompt does not state how many items it wants,5,ok,,1,ok,,4,ok,,2,ok,,0,ok,,1,ok,,0,ok,,0,ok,,11,ok,,0,ok,,0,ok,,0,ok,,False,ok,,False,ok,,False,ok,,True,ok,,True,ok,,2,ok,,11,ok,,0,ok,,0,ok,,0,ok,,14,ok,,0.737,ok,,False,ok,,0,ok,,none,not_applicable,the prompt contains no time expression at all,False,ok,,0,ok,,,not_applicable,"the prompt names no year, so there is no earliest year",,not_applicable,"the prompt names no year, so there is no latest year",,not_applicable,"the prompt names no year, so the window has no width; reporting 0 here would look like a single-year constraint",False,ok,,False,ok,,0,ok,,False,ok,,False,ok,,,not_applicable,the prompt is not phrased as a comparison,False,ok,,False,ok,,False,ok,,False,ok,,0,ok,,1,ok,,2,ok,,1,ok,,Coding,ok,,2.0,ok,,,not_applicable,no domain lexicon matched this prompt,en,ok,,1.0,ok,,True,ok,,0.0,ok,,0,ok,,0,ok,,False,ok,,0,ok,,0.625,ok,,False,ok,,0,ok,,0.0,ok,,False,ok,,False,ok,,,not_applicable,the prompt does not ask for a particular output format,False,ok,,False,ok,,0.0,ok,,False,ok,,False,ok,,0.993,ok,,0,ok,,False,ok,,0,ok,,0,ok,,0,ok,,3,ok,,False,ok,,False,ok,,False,ok,,0.0,ok,,0.917,ok,,0.083,ok,,0.404,ok,,0.0,ok,,0.24,ok,,10.0,False,False,False,False,False,13,False,10,3.7,3.301514803843836,False
7763,0.03333333333333333,1,30,math,194,ok,,49,ok,,96,ok,,2,ok,,11,ok,,2,ok,,24.5,ok,,3.34,ok,,9,ok,,0.125,ok,,1.96,ok,,0.103,ok,,0.253,ok,,0.14,ok,,0.201,ok,,6.82,ok,,True,ok,,86.24,ok,,10.78,ok,,-1.0,ok,,15.63,ok,,4,ok,,0.082,ok,,1.22,ok,,2,ok,,0.812,ok,,4.596,ok,,36.45,unreliable,MTLD needs about 50 tokens to stabilise; this prompt has 32,4.5,ok,,4.82,ok,,0.344,ok,,21,ok,,5.4,ok,,0.0,ok,,4,ok,,0.125,ok,,0.19,ok,,4,ok,,5,ok,,other,not_applicable,"no interrogative wh-word appears in the prompt, so there is no question word to report",,not_applicable,"the prompt has 0 distinct wh-word(s), so there is no second one",0,ok,,0,ok,,0,ok,,False,ok,,False,ok,,False,ok,,True,ok,,,not_applicable,"the prompt gives no command, so there is no task verb (a content verb inside a question does not count)",0,ok,,False,ok,,False,ok,,,not_applicable,the prompt does not state how many items it wants,9,ok,,2,ok,,10,ok,,3,ok,,0,ok,,1,ok,,0,ok,,1,ok,,11,ok,,0,ok,,0,ok,,0,ok,,False,ok,,False,ok,,False,ok,,False,ok,,True,ok,,3,ok,,15,ok,,0,ok,,0,ok,,0,ok,,20,ok,,0.952,ok,,True,ok,,1,ok,,absolute,ok,,False,ok,,1,ok,,1984.0,ok,,1984.0,ok,,0.0,ok,,False,ok,,False,ok,,0,ok,,False,ok,,False,ok,,,not_applicable,the prompt is not phrased as a comparison,False,ok,,False,ok,,False,ok,,False,ok,,0,ok,,3,ok,,4,ok,,2,ok,,Math,ok,,3.2,ok,,business,ok,,en,ok,,1.0,ok,,True,ok,,0.0,ok,,0,ok,,0,ok,,False,ok,,0,ok,,0.57,ok,,False,ok,,0,ok,,0.0,ok,,False,ok,,False,ok,,,not_applicable,the prompt does not ask for a particular output format,False,ok,,False,ok,,0.0,ok,,False,ok,,False,ok,,0.995,ok,,0,ok,,False,ok,,0,ok,,0,ok,,0,ok,,3,ok,,False,ok,,False,ok,,False,ok,,0.0,ok,,1.0,ok,,0.25,ok,,0.289,ok,,0.25,ok,,0.365,ok,,10.0,False,False,False,False,False,29,False,10,2.4,0.5163977794943223,False
7802,0.0,0,30,math,1017,ok,,188,ok,,252,ok,,19,ok,,11,ok,,18,ok,,9.89,ok,,4.26,ok,,13,ok,,0.172,ok,,1.34,ok,,0.054,ok,,0.185,ok,,0.033,ok,,0.042,ok,,7.18,ok,,True,ok,,69.05,ok,,8.95,ok,,6.27,ok,,10.46,ok,,16,ok,,0.085,ok,,1.49,ok,,24,ok,,0.333,ok,,4.397,ok,,27.93,ok,,5.15,ok,,4.57,ok,,0.425,ok,,100,ok,,5.96,ok,,3.9,ok,,0,ok,,0.0,ok,,0.06,ok,,0,ok,,2,ok,,which,ok,,,not_applicable,"the prompt has 1 distinct wh-word(s), so there is no second one",1,ok,,1,ok,,1,ok,,False,ok,,True,ok,,False,ok,,False,ok,,,not_applicable,"the prompt gives no command, so there is no task verb (a content verb inside a question does not count)",1,ok,,False,ok,,False,ok,,,not_applicable,the prompt does not state how many items it wants,8,ok,,1,ok,,20,ok,,5,ok,,0,ok,,1,ok,,0,ok,,0,ok,,9,ok,,0,ok,,0,ok,,0,ok,,False,ok,,False,ok,,False,ok,,False,ok,,True,ok,,0,ok,,12,ok,,1,ok,,9,ok,,1,ok,,23,ok,,0.23,ok,,True,ok,,3,ok,,relative,ok,,False,ok,,0,ok,,,not_applicable,"the prompt names no year, so there is no earliest year",,not_applicable,"the prompt names no year, so there is no latest year",,not_applicable,"the prompt names no year, so the window has no width; reporting 0 here would look like a single-year constraint",False,ok,,False,ok,,0,ok,,False,ok,,False,ok,,,not_applicable,the prompt is not phrased as a comparison,False,ok,,True,ok,,False,ok,,False,ok,,0,ok,,2,ok,,4,ok,,3,ok,,Math,ok,,4.4,ok,,everyday,ok,,en,ok,,1.0,ok,,True,ok,,0.001,ok,,0,ok,,0,ok,,False,ok,,0,ok,,0.866,ok,,False,ok,,0,ok,,0.0,ok,,False,ok,,False,ok,,,not_applicable,the prompt does not ask for a particular output format,False,ok,,False,ok,,0.0,ok,,False,ok,,False,ok,,0.999,ok,,0,ok,,True,ok,,0,ok,,0,ok,,6,ok,,19,ok,,False,ok,,False,ok,,False,ok,,0.15,ok,,0.838,ok,,0.25,ok,,0.063,ok,,0.25,ok,,0.377,ok,,10.0,False,False,False,False,True,53,False,10,68.9,22.26831331236782,False
7952,0.09999999999999999,3,30,math,304,ok,,43,ok,,120,ok,,2,ok,,11,ok,,4,ok,,21.5,ok,,5.74,ok,,15,ok,,0.326,ok,,2.79,ok,,0.207,ok,,0.141,ok,,0.077,ok,,0.141,ok,,7.06,ok,,True,ok,,82.71,ok,,10.46,ok,,9.53,ok,,14.62,ok,,4,ok,,0.093,ok,,1.21,ok,,2,ok,,0.884,ok,,5.795,ok,,103.54,unreliable,MTLD needs about 50 tokens to stabilise; this prompt has 43,5.18,ok,,4.94,ok,,0.302,ok,,30,ok,,4.85,ok,,1.34,ok,,10,ok,,0.233,ok,,0.367,ok,,10,ok,,7,ok,,what,ok,,,not_applicable,"the prompt has 1 distinct wh-word(s), so there is no second one",1,ok,,1,ok,,1,ok,,False,ok,,True,ok,,False,ok,,False,ok,,,not_applicable,"the prompt gives no command, so there is no task verb (a content verb inside a question does not count)",1,ok,,False,ok,,False,ok,,,not_applicable,the prompt does not state how many items it wants,7,ok,,2,ok,,4,ok,,3,ok,,0,ok,,2,ok,,0,ok,,0,ok,,17,ok,,0,ok,,0,ok,,0,ok,,False,ok,,False,ok,,False,ok,,False,ok,,False,ok,,0,ok,,21,ok,,0,ok,,0,ok,,0,ok,,23,ok,,0.767,ok,,False,ok,,0,ok,,none,not_applicable,the prompt contains no time expression at all,False,ok,,0,ok,,,not_applicable,"the prompt names no year, so there is no earliest year",,not_applicable,"the prompt names no year, so there is no latest year",,not_applicable,"the prompt names no year, so the window has no width; reporting 0 here would look like a single-year constraint",False,ok,,False,ok,,0,ok,,False,ok,,False,ok,,,not_applicable,the prompt is not phrased as a comparison,False,ok,,False,ok,,False,ok,,False,ok,,0,ok,,1,ok,,2,ok,,1,ok,,Math,ok,,1.2,ok,,,not_applicable,no domain lexicon matched this prompt,en,ok,,1.0,ok,,True,ok,,0.0,ok,,0,ok,,0,ok,,False,ok,,0,ok,,0.761,ok,,False,ok,,0,ok,,0.0,ok,,False,ok,,False,ok,,,not_applicable,the prompt does not ask for a particular output format,False,ok,,False,ok,,0.0,ok,,False,ok,,False,ok,,0.997,ok,,0,ok,,False,ok,,0,ok,,0,ok,,0,ok,,3,ok,,False,ok,,False,ok,,False,ok,,0.0,ok,,1.0,ok,,0.083,ok,,0.516,ok,,0.0,ok,,0.293,ok,,10.0,False,False,False,False,False,23,False,10,13.2,1.9888578520235063,False
7996,0.0,0,30,math,393,ok,,70,ok,,160,ok,,4,ok,,12,ok,,6,ok,,17.5,ok,,3.86,ok,,10,ok,,0.161,ok,,2.29,ok,,0.163,ok,,0.181,ok,,0.081,ok,,0.153,ok,,4.67,ok,,True,ok,,86.16,ok,,8.42,ok,,3.74,ok,,12.33,ok,,7,ok,,0.1,ok,,1.32,ok,,5,ok,,0.804,ok,,6.013,ok,,79.83,ok,,5.34,ok,,4.75,ok,,0.393,ok,,34,ok,,5.82,ok,,2.13,ok,,1,ok,,0.018,ok,,0.088,ok,,2,ok,,3,ok,,other,not_applicable,"no interrogative wh-word appears in the prompt, so there is no question word to report",,not_applicable,"the prompt has 0 distinct wh-word(s), so there is no second one",0,ok,,0,ok,,0,ok,,False,ok,,False,ok,,False,ok,,True,ok,,give,ok,,0,ok,,False,ok,,False,ok,,,not_applicable,the prompt does not state how many items it wants,14,ok,,0,ok,,13,ok,,2,ok,,0,ok,,0,ok,,0,ok,,0,ok,,9,ok,,1,ok,,0,ok,,0,ok,,False,ok,,False,ok,,False,ok,,False,ok,,True,ok,,0,ok,,16,ok,,0,ok,,10,ok,,0,ok,,27,ok,,0.794,ok,,False,ok,,0,ok,,none,not_applicable,the prompt contains no time expression at all,False,ok,,0,ok,,,not_applicable,"the prompt names no year, so there is no earliest year",,not_applicable,"the prompt names no year, so there is no latest year",,not_applicable,"the prompt names no year, so the window has no width; reporting 0 here would look like a single-year constraint",False,ok,,False,ok,,0,ok,,False,ok,,False,ok,,,not_applicable,the prompt is not phrased as a comparison,False,ok,,False,ok,,False,ok,,False,ok,,0,ok,,4,ok,,5,ok,,1,ok,,Math,ok,,2.0,ok,,,not_applicable,no domain lexicon matched this prompt,en,ok,,1.0,ok,,True,ok,,0.0,ok,,0,ok,,0,ok,,False,ok,,0,ok,,0.709,ok,,False,ok,,0,ok,,0.0,ok,,False,ok,,False,ok,,,not_applicable,the prompt does not ask for a particular output format,False,ok,,False,ok,,0.0,ok,,False,ok,,False,ok,,0.995,ok,,0,ok,,False,ok,,0,ok,,0,ok,,0,ok,,1,ok,,False,ok,,False,ok,,False,ok,,0.0,ok,,0.917,ok,,0.25,ok,,0.213,ok,,0.0,ok,,0.231,ok,,10.0,False,False,False,False,True,50,False,10,8.0,0.0,False
7999,0.0,0,30,math,169,ok,,36,ok,,108,ok,,1,ok,,11,ok,,2,ok,,36.0,ok,,3.6,ok,,11,ok,,0.12,ok,,3.0,ok,,0.254,ok,,0.213,ok,,0.344,ok,,0.172,ok,,2.53,ok,,True,ok,,98.31,ok,,5.91,ok,,-3.77,ok,,15.2,ok,,3,ok,,0.083,ok,,1.2,ok,,1,ok,,0.96,ok,,4.8,ok,,175.0,unreliable,MTLD needs about 50 tokens to stabilise; this prompt has 25,4.56,ok,,4.64,ok,,0.16,ok,,21,ok,,5.56,ok,,2.77,ok,,1,ok,,0.04,ok,,0.143,ok,,1,ok,,7,ok,,other,not_applicable,"no interrogative wh-word appears in the prompt, so there is no question word to report",,not_applicable,"the prompt has 0 distinct wh-word(s), so there is no second one",0,ok,,0,ok,,0,ok,,False,ok,,False,ok,,False,ok,,True,ok,,,not_applicable,"the prompt gives no command, so there is no task verb (a content verb inside a question does not count)",0,ok,,False,ok,,False,ok,,,not_applicable,the prompt does not state how many items it wants,9,ok,,0,ok,,4,ok,,1,ok,,0,ok,,0,ok,,0,ok,,0,ok,,13,ok,,0,ok,,0,ok,,0,ok,,False,ok,,False,ok,,False,ok,,True,ok,,True,ok,,0,ok,,12,ok,,0,ok,,1,ok,,0,ok,,13,ok,,0.619,ok,,False,ok,,0,ok,,none,not_applicable,the prompt contains no time expression at all,False,ok,,0,ok,,,not_applicable,"the prompt names no year, so there is no earliest year",,not_applicable,"the prompt names no year, so there is no latest year",,not_applicable,"the prompt names no year, so the window has no width; reporting 0 here would look like a single-year constraint",False,ok,,False,ok,,0,ok,,False,ok,,False,ok,,,not_applicable,the prompt is not phrased as a comparison,False,ok,,False,ok,,False,ok,,False,ok,,0,ok,,1,ok,,2,ok,,1,ok,,Math,ok,,3.2,ok,,,not_applicable,no domain lexicon matched this prompt,en,ok,,1.0,ok,,True,ok,,0.0,ok,,0,ok,,0,ok,,False,ok,,0,ok,,0.685,ok,,False,ok,,0,ok,,0.0,ok,,False,ok,,False,ok,,,not_applicable,the prompt does not ask for a particular output format,False,ok,,False,ok,,0.0,ok,,False,ok,,False,ok,,0.994,ok,,0,ok,,False,ok,,0,ok,,0,ok,,0,ok,,0,ok,,False,ok,,False,ok,,False,ok,,0.0,ok,,0.833,ok,,0.083,ok,,0.276,ok,,0.0,ok,,0.179,ok,,10.0,False,False,False,False,True,16,False,10,3.5,0.5270462766947299,False
8033,0.0,0,30,math,225,ok,,48,ok,,92,ok,,1,ok,,11,ok,,1,ok,,48.0,ok,,5.16,ok,,9,ok,,0.44,ok,,1.92,ok,,0.058,ok,,0.213,ok,,0.092,ok,,0.2,ok,,3.15,ok,,True,ok,,80.1,ok,,10.22,ok,,-2.49,ok,,17.62,ok,,2,ok,,0.042,ok,,1.84,ok,,10,ok,,0.64,ok,,3.2,ok,,9.97,unreliable,MTLD needs about 50 tokens to stabilise; this prompt has 25,3.32,ok,,4.37,ok,,0.16,ok,,21,ok,,5.11,ok,,2.95,ok,,1,ok,,0.04,ok,,0.048,ok,,0,ok,,2,ok,,what,ok,,,not_applicable,"the prompt has 1 distinct wh-word(s), so there is no second one",1,ok,,1,ok,,1,ok,,False,ok,,True,ok,,False,ok,,False,ok,,,not_applicable,"the prompt gives no command, so there is no task verb (a content verb inside a question does not count)",1,ok,,False,ok,,False,ok,,,not_applicable,the prompt does not state how many items it wants,6,ok,,0,ok,,18,ok,,1,ok,,0,ok,,0,ok,,0,ok,,0,ok,,9,ok,,0,ok,,0,ok,,0,ok,,False,ok,,False,ok,,False,ok,,False,ok,,True,ok,,0,ok,,22,ok,,0,ok,,0,ok,,0,ok,,22,ok,,1.048,ok,,False,ok,,0,ok,,none,not_applicable,the prompt contains no time expression at all,False,ok,,0,ok,,,not_applicable,"the prompt names no year, so there is no earliest year",,not_applicable,"the prompt names no year, so there is no latest year",,not_applicable,"the prompt names no year, so the window has no width; reporting 0 here would look like a single-year constraint",False,ok,,False,ok,,0,ok,,False,ok,,False,ok,,,not_applicable,the prompt is not phrased as a comparison,False,ok,,False,ok,,False,ok,,False,ok,,0,ok,,2,ok,,3,ok,,1,ok,,Math,ok,,2.0,ok,,,not_applicable,no domain lexicon matched this prompt,en,ok,,0.71,ok,,True,ok,,0.0,ok,,0,ok,,0,ok,,False,ok,,0,ok,,0.821,ok,,False,ok,,0,ok,,0.0,ok,,False,ok,,False,ok,,,not_applicable,the prompt does not ask for a particular output format,False,ok,,False,ok,,0.0,ok,,False,ok,,False,ok,,0.996,ok,,0,ok,,False,ok,,0,ok,,0,ok,,0,ok,,1,ok,,False,ok,,False,ok,,False,ok,,0.0,ok,,0.833,ok,,0.167,ok,,0.17,ok,,0.0,ok,,0.17,ok,,10.0,False,False,False,True,False,8,False,10,15.0,0.0,False
8058,0.0,0,30,math,133,ok,,35,ok,,83,ok,,2,ok,,11,ok,,1,ok,,17.5,ok,,3.0,ok,,11,ok,,0.062,ok,,2.37,ok,,0.241,ok,,0.263,ok,,0.289,ok,,0.211,ok,,11.21,ok,,True,ok,,77.04,ok,,15.14,ok,,-5.71,ok,,18.46,ok,,2,ok,,0.057,ok,,1.25,ok,,1,ok,,1.0,ok,,4.0,ok,,16.0,unreliable,MTLD needs about 50 tokens to stabilise; this prompt has 16,4.0,ok,,4.67,ok,,0.25,ok,,12,ok,,5.72,ok,,2.9,ok,,1,ok,,0.062,ok,,0.083,ok,,0,ok,,2,ok,,what,ok,,,not_applicable,"the prompt has 1 distinct wh-word(s), so there is no second one",1,ok,,1,ok,,1,ok,,False,ok,,True,ok,,False,ok,,False,ok,,,not_applicable,"the prompt gives no command, so there is no task verb (a content verb inside a question does not count)",1,ok,,False,ok,,False,ok,,,not_applicable,the prompt does not state how many items it wants,7,ok,,2,ok,,13,ok,,4,ok,,1,ok,,1,ok,,0,ok,,0,ok,,14,ok,,0,ok,,0,ok,,0,ok,,False,ok,,False,ok,,False,ok,,False,ok,,False,ok,,0,ok,,19,ok,,0,ok,,0,ok,,0,ok,,21,ok,,1.75,ok,,False,ok,,0,ok,,none,not_applicable,the prompt contains no time expression at all,False,ok,,0,ok,,,not_applicable,"the prompt names no year, so there is no earliest year",,not_applicable,"the prompt names no year, so there is no latest year",,not_applicable,"the prompt names no year, so the window has no width; reporting 0 here would look like a single-year constraint",False,ok,,False,ok,,0,ok,,False,ok,,False,ok,,,not_applicable,the prompt is not phrased as a comparison,False,ok,,False,ok,,False,ok,,False,ok,,0,ok,,1,ok,,2,ok,,1,ok,,Math,ok,,1.2,ok,,,not_applicable,no domain lexicon matched this prompt,en,ok,,1.0,ok,,True,ok,,0.0,ok,,0,ok,,0,ok,,False,ok,,0,ok,,0.641,ok,,False,ok,,0,ok,,0.0,ok,,False,ok,,False,ok,,,not_applicable,the prompt does not ask for a particular output format,False,ok,,False,ok,,0.0,ok,,False,ok,,False,ok,,0.992,ok,,0,ok,,False,ok,,0,ok,,0,ok,,0,ok,,1,ok,,False,ok,,False,ok,,False,ok,,0.0,ok,,1.0,ok,,0.083,ok,,0.259,ok,,0.0,ok,,0.171,ok,,10.0,False,False,False,True,False,15,False,10,2.4,0.699205898780101,False
8068,0.0,0,30,math,175,ok,,44,ok,,82,ok,,2,ok,,11,ok,,1,ok,,22.0,ok,,3.07,ok,,9,ok,,0.067,ok,,1.86,ok,,0.063,ok,,0.251,ok,,0.134,ok,,0.217,ok,,15.25,ok,,True,ok,,64.12,ok,,19.42,ok,,-0.65,ok,,14.79,ok,,2,ok,,0.045,ok,,1.23,ok,,2,ok,,0.833,ok,,4.564,ok,,50.4,unreliable,MTLD needs about 50 tokens to stabilise; this prompt has 30,4.57,ok,,4.59,ok,,0.4,ok,,18,ok,,6.07,ok,,4.68,ok,,0,ok,,0.0,ok,,0.0,ok,,0,ok,,2,ok,,how,ok,,,not_applicable,"the prompt has 1 distinct wh-word(s), so there is no second one",1,ok,,1,ok,,1,ok,,False,ok,,True,ok,,False,ok,,False,ok,,,not_applicable,"the prompt gives no command, so there is no task verb (a content verb inside a question does not count)",1,ok,,False,ok,,False,ok,,,not_applicable,the prompt does not state how many items it wants,7,ok,,0,ok,,8,ok,,2,ok,,0,ok,,0,ok,,0,ok,,0,ok,,9,ok,,0,ok,,0,ok,,0,ok,,False,ok,,False,ok,,False,ok,,False,ok,,False,ok,,0,ok,,14,ok,,0,ok,,0,ok,,0,ok,,14,ok,,0.778,ok,,True,ok,,4,ok,,range,ok,,False,ok,,4,ok,,1000.0,ok,,1500.0,ok,,500.0,ok,,False,ok,,False,ok,,0,ok,,False,ok,,False,ok,,,not_applicable,the prompt is not phrased as a comparison,False,ok,,True,ok,,False,ok,,False,ok,,0,ok,,1,ok,,3,ok,,2,ok,,Reasoning,not_applicable,"no category lexicon matched, so the category defaults to Reasoning",0.0,ok,,,not_applicable,no domain lexicon matched this prompt,en,ok,,1.0,ok,,True,ok,,0.0,ok,,0,ok,,0,ok,,False,ok,,0,ok,,0.638,ok,,False,ok,,0,ok,,0.0,ok,,False,ok,,False,ok,,,not_applicable,the prompt does not ask for a particular output format,False,ok,,False,ok,,0.0,ok,,False,ok,,False,ok,,0.994,ok,,0,ok,,False,ok,,0,ok,,1,ok,,0,ok,,0,ok,,False,ok,,False,ok,,False,ok,,0.0,ok,,0.917,ok,,0.167,ok,,0.115,ok,,0.5,ok,,0.381,ok,,10.0,False,False,False,False,False,24,False,10,3.4,0.5163977794943223,False
8098,0.6666666666666666,20,30,math,766,ok,,133,ok,,259,ok,,6,ok,,11,ok,,19,ok,,22.17,ok,,4.77,ok,,14,ok,,0.198,ok,,1.95,ok,,0.153,ok,,0.174,ok,,0.044,ok,,0.074,ok,,7.83,ok,,True,ok,,78.11,ok,,10.92,ok,,5.53,ok,,10.83,ok,,11,ok,,0.083,ok,,1.28,ok,,8,ok,,0.636,ok,,7.0,ok,,49.98,ok,,5.85,ok,,4.82,ok,,0.488,ok,,62,ok,,5.56,ok,,0.0,ok,,11,ok,,0.091,ok,,0.274,ok,,11,ok,,9,ok,,which,ok,,,not_applicable,"the prompt has 1 distinct wh-word(s), so there is no second one",1,ok,,1,ok,,0,ok,,False,ok,,True,ok,,False,ok,,True,ok,,,not_applicable,"the prompt gives no command, so there is no task verb (a content verb inside a question does not count)",0,ok,,False,ok,,False,ok,,,not_applicable,the prompt does not state how many items it wants,10,ok,,4,ok,,19,ok,,5,ok,,3,ok,,1,ok,,0,ok,,0,ok,,16,ok,,0,ok,,0,ok,,0,ok,,False,ok,,False,ok,,False,ok,,True,ok,,True,ok,,0,ok,,37,ok,,0,ok,,2,ok,,0,ok,,43,ok,,0.694,ok,,True,ok,,1,ok,,relative,ok,,False,ok,,0,ok,,,not_applicable,"the prompt names no year, so there is no earliest year",,not_applicable,"the prompt names no year, so there is no latest year",,not_applicable,"the prompt names no year, so the window has no width; reporting 0 here would look like a single-year constraint",False,ok,,True,ok,,2,ok,,False,ok,,False,ok,,,not_applicable,the prompt is not phrased as a comparison,False,ok,,True,ok,,False,ok,,False,ok,,0,ok,,3,ok,,5,ok,,3,ok,,Math,ok,,3.2,ok,,,not_applicable,no domain lexicon matched this prompt,en,ok,,1.0,ok,,True,ok,,0.0,ok,,0,ok,,0,ok,,False,ok,,0,ok,,0.814,ok,,False,ok,,0,ok,,0.0,ok,,False,ok,,False,ok,,,not_applicable,the prompt does not ask for a particular output format,False,ok,,False,ok,,0.0,ok,,False,ok,,False,ok,,0.999,ok,,0,ok,,False,ok,,0,ok,,0,ok,,1,ok,,8,ok,,False,ok,,False,ok,,False,ok,,0.0,ok,,1.0,ok,,0.25,ok,,0.285,ok,,0.25,ok,,0.458,ok,,10.0,False,False,True,False,True,113,True,10,14.2,0.6324555320336759,False
8215,0.09999999999999999,3,30,math,485,ok,,95,ok,,200,ok,,15,ok,,11,ok,,11,ok,,6.33,ok,,4.21,ok,,17,ok,,0.181,ok,,2.11,ok,,0.175,ok,,0.196,ok,,0.075,ok,,0.082,ok,,2.87,ok,,True,ok,,85.04,ok,,6.16,ok,,-1.92,ok,,13.4,ok,,13,ok,,0.137,ok,,1.49,ok,,9,ok,,0.792,ok,,6.718,ok,,96.77,ok,,5.68,ok,,4.95,ok,,0.403,ok,,39,ok,,5.5,ok,,0.0,ok,,6,ok,,0.083,ok,,0.308,ok,,7,ok,,13,ok,,what,ok,,,not_applicable,"the prompt has 1 distinct wh-word(s), so there is no second one",1,ok,,1,ok,,1,ok,,False,ok,,True,ok,,False,ok,,True,ok,,,not_applicable,"the prompt gives no command, so there is no task verb (a content verb inside a question does not count)",1,ok,,False,ok,,True,ok,,,not_applicable,the prompt does not state how many items it wants,5,ok,,2,ok,,26,ok,,4,ok,,0,ok,,1,ok,,1,ok,,0,ok,,10,ok,,0,ok,,0,ok,,0,ok,,False,ok,,False,ok,,False,ok,,True,ok,,True,ok,,0,ok,,33,ok,,0,ok,,0,ok,,0,ok,,35,ok,,0.897,ok,,False,ok,,0,ok,,none,not_applicable,the prompt contains no time expression at all,False,ok,,0,ok,,,not_applicable,"the prompt names no year, so there is no earliest year",,not_applicable,"the prompt names no year, so there is no latest year",,not_applicable,"the prompt names no year, so the window has no width; reporting 0 here would look like a single-year constraint",False,ok,,False,ok,,0,ok,,False,ok,,False,ok,,,not_applicable,the prompt is not phrased as a comparison,False,ok,,False,ok,,True,ok,,False,ok,,0,ok,,1,ok,,2,ok,,2,ok,,Math,ok,,3.2,ok,,,not_applicable,no domain lexicon matched this prompt,en,ok,,1.0,ok,,True,ok,,0.0,ok,,0,ok,,0,ok,,False,ok,,0,ok,,0.716,ok,,False,ok,,0,ok,,0.0,ok,,False,ok,,False,ok,,,not_applicable,the prompt does not ask for a particular output format,False,ok,,False,ok,,0.0,ok,,False,ok,,False,ok,,0.998,ok,,0,ok,,False,ok,,0,ok,,0,ok,,0,ok,,4,ok,,False,ok,,False,ok,,False,ok,,0.0,ok,,1.0,ok,,0.083,ok,,0.31,ok,,0.0,ok,,0.194,ok,,10.0,False,False,False,False,True,65,False,10,6.2,0.6324555320336759,False
8241,0.0,0,30,math,241,ok,,53,ok,,93,ok,,4,ok,,11,ok,,5,ok,,13.25,ok,,3.71,ok,,7,ok,,0.105,ok,,1.75,ok,,0.079,ok,,0.22,ok,,0.092,ok,,0.158,ok,,5.24,ok,,True,ok,,88.37,ok,,7.7,ok,,1.34,ok,,13.0,ok,,4,ok,,0.075,ok,,1.26,ok,,1,ok,,0.816,ok,,5.029,ok,,57.76,unreliable,MTLD needs about 50 tokens to stabilise; this prompt has 38,4.76,ok,,4.64,ok,,0.447,ok,,21,ok,,5.92,ok,,2.7,ok,,1,ok,,0.026,ok,,0.048,ok,,0,ok,,2,ok,,what,ok,,,not_applicable,"the prompt has 1 distinct wh-word(s), so there is no second one",1,ok,,1,ok,,1,ok,,False,ok,,True,ok,,False,ok,,False,ok,,,not_applicable,"the prompt gives no command, so there is no task verb (a content verb inside a question does not count)",1,ok,,False,ok,,False,ok,,,not_applicable,the prompt does not state how many items it wants,8,ok,,1,ok,,10,ok,,4,ok,,1,ok,,0,ok,,0,ok,,0,ok,,10,ok,,0,ok,,0,ok,,0,ok,,False,ok,,False,ok,,False,ok,,False,ok,,False,ok,,0,ok,,14,ok,,0,ok,,0,ok,,0,ok,,15,ok,,0.714,ok,,False,ok,,0,ok,,none,not_applicable,the prompt contains no time expression at all,False,ok,,0,ok,,,not_applicable,"the prompt names no year, so there is no earliest year",,not_applicable,"the prompt names no year, so there is no latest year",,not_applicable,"the prompt names no year, so the window has no width; reporting 0 here would look like a single-year constraint",False,ok,,False,ok,,0,ok,,False,ok,,False,ok,,,not_applicable,the prompt is not phrased as a comparison,False,ok,,False,ok,,False,ok,,False,ok,,0,ok,,2,ok,,3,ok,,1,ok,,Fact Retrieval,ok,,0.5,ok,,,not_applicable,no domain lexicon matched this prompt,en,ok,,1.0,ok,,True,ok,,0.0,ok,,0,ok,,0,ok,,False,ok,,0,ok,,0.611,ok,,False,ok,,0,ok,,0.0,ok,,False,ok,,False,ok,,,not_applicable,the prompt does not ask for a particular output format,False,ok,,False,ok,,0.0,ok,,False,ok,,False,ok,,0.996,ok,,0,ok,,True,ok,,0,ok,,0,ok,,0,ok,,4,ok,,False,ok,,False,ok,,False,ok,,0.15,ok,,1.0,ok,,0.167,ok,,0.136,ok,,0.0,ok,,0.269,ok,,10.0,False,False,False,False,False,33,False,10,3.0,0.0,False
8269,0.0,0,30,math,397,ok,,106,ok,,193,ok,,3,ok,,11,ok,,1,ok,,35.33,ok,,3.27,ok,,11,ok,,0.062,ok,,1.82,ok,,0.118,ok,,0.267,ok,,0.106,ok,,0.113,ok,,2.14,ok,,True,ok,,96.23,ok,,5.28,ok,,-5.12,ok,,12.77,ok,,3,ok,,0.028,ok,,1.31,ok,,4,ok,,0.469,ok,,3.75,ok,,12.18,ok,,4.21,ok,,4.5,ok,,0.656,ok,,16,ok,,6.14,ok,,2.41,ok,,1,ok,,0.016,ok,,0.25,ok,,0,ok,,3,ok,,which,ok,,,not_applicable,"the prompt has 1 distinct wh-word(s), so there is no second one",1,ok,,1,ok,,1,ok,,False,ok,,True,ok,,False,ok,,False,ok,,,not_applicable,"the prompt gives no command, so there is no task verb (a content verb inside a question does not count)",1,ok,,False,ok,,False,ok,,,not_applicable,the prompt does not state how many items it wants,7,ok,,3,ok,,41,ok,,5,ok,,0,ok,,2,ok,,0,ok,,1,ok,,9,ok,,0,ok,,0,ok,,0,ok,,False,ok,,False,ok,,False,ok,,False,ok,,True,ok,,0,ok,,38,ok,,0,ok,,0,ok,,0,ok,,41,ok,,2.562,ok,,True,ok,,1,ok,,relative,ok,,False,ok,,0,ok,,,not_applicable,"the prompt names no year, so there is no earliest year",,not_applicable,"the prompt names no year, so there is no latest year",,not_applicable,"the prompt names no year, so the window has no width; reporting 0 here would look like a single-year constraint",False,ok,,True,ok,,1,ok,,False,ok,,False,ok,,,not_applicable,the prompt is not phrased as a comparison,False,ok,,False,ok,,False,ok,,False,ok,,0,ok,,1,ok,,2,ok,,4,ok,,Math,ok,,2.0,ok,,,not_applicable,no domain lexicon matched this prompt,en,ok,,1.0,ok,,True,ok,,0.0,ok,,0,ok,,0,ok,,False,ok,,0,ok,,0.773,ok,,False,ok,,0,ok,,0.0,ok,,False,ok,,False,ok,,,not_applicable,the prompt does not ask for a particular output format,True,ok,,False,ok,,0.0,ok,,False,ok,,False,ok,,0.997,ok,,0,ok,,False,ok,,0,ok,,0,ok,,0,ok,,0,ok,,False,ok,,False,ok,,False,ok,,0.0,ok,,1.0,ok,,0.083,ok,,0.198,ok,,0.25,ok,,0.37,ok,,10.0,False,False,False,False,False,22,False,10,25.7,5.6381636096240495,False
8319,0.0,0,30,math,153,ok,,37,ok,,87,ok,,2,ok,,11,ok,,2,ok,,18.5,ok,,3.32,ok,,12,ok,,0.179,ok,,2.35,ok,,0.229,ok,,0.242,ok,,0.155,ok,,0.065,ok,,5.73,ok,,True,ok,,85.14,ok,,10.43,ok,,-3.9,ok,,16.23,ok,,4,ok,,0.108,ok,,1.29,ok,,3,ok,,0.929,ok,,4.914,ok,,109.76,unreliable,MTLD needs about 50 tokens to stabilise; this prompt has 28,4.66,ok,,4.83,ok,,0.179,ok,,19,ok,,5.0,ok,,0.0,ok,,6,ok,,0.214,ok,,0.316,ok,,1,ok,,6,ok,,what,ok,,,not_applicable,"the prompt has 1 distinct wh-word(s), so there is no second one",1,ok,,1,ok,,1,ok,,False,ok,,True,ok,,False,ok,,False,ok,,,not_applicable,"the prompt gives no command, so there is no task verb (a content verb inside a question does not count)",1,ok,,False,ok,,False,ok,,,not_applicable,the prompt does not state how many items it wants,7,ok,,2,ok,,3,ok,,3,ok,,0,ok,,1,ok,,0,ok,,1,ok,,16,ok,,0,ok,,0,ok,,0,ok,,False,ok,,False,ok,,False,ok,,True,ok,,True,ok,,0,ok,,9,ok,,0,ok,,0,ok,,0,ok,,11,ok,,0.579,ok,,False,ok,,0,ok,,none,not_applicable,the prompt contains no time expression at all,False,ok,,0,ok,,,not_applicable,"the prompt names no year, so there is no earliest year",,not_applicable,"the prompt names no year, so there is no latest year",,not_applicable,"the prompt names no year, so the window has no width; reporting 0 here would look like a single-year constraint",False,ok,,False,ok,,0,ok,,False,ok,,False,ok,,,not_applicable,the prompt is not phrased as a comparison,False,ok,,False,ok,,False,ok,,False,ok,,0,ok,,1,ok,,2,ok,,1,ok,,Math,ok,,3.2,ok,,,not_applicable,no domain lexicon matched this prompt,en,ok,,1.0,ok,,True,ok,,0.026,ok,,0,ok,,0,ok,,False,ok,,0,ok,,0.522,ok,,False,ok,,0,ok,,0.0,ok,,False,ok,,False,ok,,,not_applicable,the prompt does not ask for a particular output format,False,ok,,False,ok,,0.0,ok,,False,ok,,False,ok,,0.961,ok,,0,ok,,False,ok,,0,ok,,0,ok,,0,ok,,1,ok,,False,ok,,False,ok,,False,ok,,0.0,ok,,1.0,ok,,0.083,ok,,0.453,ok,,0.0,ok,,0.27,ok,,10.0,False,False,False,True,False,11,False,10,6.1,11.110055505411903,False
8324,0.0,0,30,math,372,ok,,68,ok,,149,ok,,3,ok,,11,ok,,4,ok,,22.67,ok,,4.39,ok,,12,ok,,0.214,ok,,2.19,ok,,0.164,ok,,0.183,ok,,0.114,ok,,0.113,ok,,1.4,ok,,True,ok,,96.05,ok,,3.65,ok,,0.14,ok,,13.7,ok,,10,ok,,0.147,ok,,1.29,ok,,2,ok,,0.714,ok,,5.345,ok,,38.19,ok,,5.04,ok,,5.0,ok,,0.321,ok,,32,ok,,5.04,ok,,0.0,ok,,9,ok,,0.161,ok,,0.281,ok,,3,ok,,7,ok,,other,not_applicable,"no interrogative wh-word appears in the prompt, so there is no question word to report",,not_applicable,"the prompt has 0 distinct wh-word(s), so there is no second one",0,ok,,0,ok,,0,ok,,False,ok,,False,ok,,False,ok,,True,ok,,find,ok,,1,ok,,False,ok,,False,ok,,,not_applicable,the prompt does not state how many items it wants,10,ok,,3,ok,,8,ok,,5,ok,,1,ok,,2,ok,,0,ok,,0,ok,,15,ok,,0,ok,,0,ok,,0,ok,,False,ok,,False,ok,,False,ok,,False,ok,,True,ok,,0,ok,,19,ok,,0,ok,,0,ok,,0,ok,,22,ok,,0.688,ok,,False,ok,,0,ok,,none,not_applicable,the prompt contains no time expression at all,False,ok,,0,ok,,,not_applicable,"the prompt names no year, so there is no earliest year",,not_applicable,"the prompt names no year, so there is no latest year",,not_applicable,"the prompt names no year, so the window has no width; reporting 0 here would look like a single-year constraint",False,ok,,False,ok,,0,ok,,False,ok,,False,ok,,,not_applicable,the prompt is not phrased as a comparison,False,ok,,False,ok,,False,ok,,False,ok,,0,ok,,2,ok,,3,ok,,1,ok,,Math,ok,,2.0,ok,,,not_applicable,no domain lexicon matched this prompt,en,ok,,1.0,ok,,True,ok,,0.0,ok,,0,ok,,0,ok,,False,ok,,0,ok,,0.738,ok,,False,ok,,0,ok,,0.0,ok,,False,ok,,False,ok,,,not_applicable,the prompt does not ask for a particular output format,False,ok,,False,ok,,0.0,ok,,False,ok,,False,ok,,0.997,ok,,0,ok,,False,ok,,0,ok,,0,ok,,0,ok,,5,ok,,False,ok,,False,ok,,False,ok,,0.0,ok,,1.0,ok,,0.167,ok,,0.377,ok,,0.0,ok,,0.264,ok,,10.0,False,False,False,False,True,38,False,10,9.4,5.680375574437544,False
8446,0.03333333333333333,1,30,math,969,ok,,166,ok,,196,ok,,17,ok,,9,ok,,24,ok,,9.76,ok,,4.66,ok,,11,ok,,0.257,ok,,1.18,ok,,0.025,ok,,0.171,ok,,0.023,ok,,0.01,ok,,9.15,ok,,True,ok,,59.01,ok,,12.91,ok,,9.63,ok,,11.02,ok,,36,ok,,0.217,ok,,1.53,ok,,27,ok,,0.545,ok,,7.042,ok,,64.89,ok,,6.04,ok,,4.39,ok,,0.539,ok,,76,ok,,5.86,ok,,3.21,ok,,0,ok,,0.0,ok,,0.092,ok,,0,ok,,2,ok,,what,ok,,who,ok,,4,ok,,2,ok,,1,ok,,False,ok,,True,ok,,False,ok,,False,ok,,,not_applicable,"the prompt gives no command, so there is no task verb (a content verb inside a question does not count)",1,ok,,False,ok,,False,ok,,,not_applicable,the prompt does not state how many items it wants,9,ok,,1,ok,,4,ok,,3,ok,,0,ok,,1,ok,,0,ok,,0,ok,,7,ok,,0,ok,,0,ok,,0,ok,,False,ok,,False,ok,,False,ok,,False,ok,,True,ok,,0,ok,,3,ok,,1,ok,,0,ok,,0,ok,,5,ok,,0.066,ok,,True,ok,,1,ok,,relative,ok,,True,ok,,0,ok,,,not_applicable,"the prompt names no year, so there is no earliest year",,not_applicable,"the prompt names no year, so there is no latest year",,not_applicable,"the prompt names no year, so the window has no width; reporting 0 here would look like a single-year constraint",False,ok,,False,ok,,0,ok,,False,ok,,False,ok,,,not_applicable,the prompt is not phrased as a comparison,True,ok,,True,ok,,True,ok,,False,ok,,0,ok,,4,ok,,5,ok,,4,ok,,Math,ok,,2.0,ok,,medical,ok,,en,ok,,1.0,ok,,True,ok,,0.0,ok,,0,ok,,0,ok,,False,ok,,0,ok,,0.592,ok,,False,ok,,0,ok,,0.0,ok,,False,ok,,True,ok,,email,ok,,False,ok,,False,ok,,0.0,ok,,False,ok,,False,ok,,0.999,ok,,0,ok,,False,ok,,1,ok,,0,ok,,0,ok,,14,ok,,False,ok,,False,ok,,False,ok,,0.075,ok,,0.74,ok,,0.25,ok,,0.052,ok,,0.75,ok,,0.54,ok,,8.0,False,False,False,False,False,42,False,8,84.875,19.05209024902892,False
8474,0.03333333333333333,1,30,math,384,ok,,79,ok,,140,ok,,2,ok,,11,ok,,11,ok,,39.5,ok,,3.86,ok,,11,ok,,0.121,ok,,1.77,ok,,0.073,ok,,0.206,ok,,0.053,ok,,0.083,ok,,15.65,ok,,True,ok,,53.23,ok,,18.33,ok,,3.79,ok,,11.99,ok,,7,ok,,0.089,ok,,1.41,ok,,5,ok,,0.682,ok,,5.539,ok,,49.5,ok,,5.29,ok,,4.78,ok,,0.515,ok,,32,ok,,5.91,ok,,3.39,ok,,0,ok,,0.0,ok,,0.125,ok,,0,ok,,2,ok,,whose,ok,,what,ok,,2,ok,,2,ok,,1,ok,,False,ok,,True,ok,,False,ok,,False,ok,,,not_applicable,"the prompt gives no command, so there is no task verb (a content verb inside a question does not count)",1,ok,,False,ok,,False,ok,,,not_applicable,the prompt does not state how many items it wants,8,ok,,1,ok,,12,ok,,3,ok,,0,ok,,1,ok,,0,ok,,0,ok,,10,ok,,0,ok,,0,ok,,0,ok,,False,ok,,False,ok,,False,ok,,False,ok,,True,ok,,0,ok,,24,ok,,0,ok,,0,ok,,0,ok,,25,ok,,0.781,ok,,False,ok,,0,ok,,none,not_applicable,the prompt contains no time expression at all,False,ok,,0,ok,,,not_applicable,"the prompt names no year, so there is no earliest year",,not_applicable,"the prompt names no year, so there is no latest year",,not_applicable,"the prompt names no year, so the window has no width; reporting 0 here would look like a single-year constraint",False,ok,,False,ok,,0,ok,,False,ok,,False,ok,,,not_applicable,the prompt is not phrased as a comparison,False,ok,,False,ok,,True,ok,,False,ok,,0,ok,,2,ok,,3,ok,,2,ok,,Math,ok,,3.2,ok,,,not_applicable,no domain lexicon matched this prompt,en,ok,,1.0,ok,,True,ok,,0.0,ok,,0,ok,,0,ok,,False,ok,,0,ok,,0.642,ok,,False,ok,,0,ok,,0.0,ok,,False,ok,,False,ok,,,not_applicable,the prompt does not ask for a particular output format,False,ok,,False,ok,,0.0,ok,,False,ok,,False,ok,,0.997,ok,,0,ok,,False,ok,,1,ok,,0,ok,,0,ok,,2,ok,,False,ok,,False,ok,,False,ok,,0.075,ok,,1.0,ok,,0.167,ok,,0.14,ok,,0.0,ok,,0.213,ok,,10.0,False,False,False,False,False,59,False,10,3.8,0.4216370213557839,False
8607,0.06666666666666667,2,30,math,210,ok,,47,ok,,82,ok,,3,ok,,11,ok,,3,ok,,15.67,ok,,3.74,ok,,10,ok,,0.147,ok,,1.74,ok,,0.062,ok,,0.224,ok,,0.111,ok,,0.157,ok,,5.58,ok,,True,ok,,82.93,ok,,8.82,ok,,0.82,ok,,13.48,ok,,4,ok,,0.085,ok,,1.38,ok,,3,ok,,0.882,ok,,5.145,ok,,80.92,unreliable,MTLD needs about 50 tokens to stabilise; this prompt has 34,4.83,ok,,4.72,ok,,0.441,ok,,19,ok,,5.89,ok,,3.93,ok,,0,ok,,0.0,ok,,0.105,ok,,0,ok,,2,ok,,how,ok,,,not_applicable,"the prompt has 1 distinct wh-word(s), so there is no second one",1,ok,,1,ok,,1,ok,,False,ok,,True,ok,,False,ok,,False,ok,,,not_applicable,"the prompt gives no command, so there is no task verb (a content verb inside a question does not count)",1,ok,,False,ok,,False,ok,,,not_applicable,the prompt does not state how many items it wants,6,ok,,0,ok,,8,ok,,2,ok,,0,ok,,0,ok,,0,ok,,0,ok,,9,ok,,0,ok,,0,ok,,0,ok,,False,ok,,False,ok,,False,ok,,False,ok,,False,ok,,0,ok,,13,ok,,0,ok,,0,ok,,0,ok,,13,ok,,0.684,ok,,False,ok,,0,ok,,none,not_applicable,the prompt contains no time expression at all,False,ok,,0,ok,,,not_applicable,"the prompt names no year, so there is no earliest year",,not_applicable,"the prompt names no year, so there is no latest year",,not_applicable,"the prompt names no year, so the window has no width; reporting 0 here would look like a single-year constraint",False,ok,,False,ok,,0,ok,,True,ok,,False,ok,,,not_applicable,the prompt is not phrased as a comparison,False,ok,,True,ok,,False,ok,,False,ok,,0,ok,,1,ok,,3,ok,,2,ok,,Reasoning,not_applicable,"no category lexicon matched, so the category defaults to Reasoning",0.0,ok,,,not_applicable,no domain lexicon matched this prompt,en,ok,,1.0,ok,,True,ok,,0.0,ok,,0,ok,,0,ok,,False,ok,,0,ok,,0.595,ok,,False,ok,,0,ok,,0.0,ok,,False,ok,,False,ok,,,not_applicable,the prompt does not ask for a particular output format,False,ok,,False,ok,,0.0,ok,,False,ok,,False,ok,,0.995,ok,,0,ok,,False,ok,,0,ok,,1,ok,,0,ok,,0,ok,,False,ok,,False,ok,,False,ok,,0.0,ok,,0.917,ok,,0.167,ok,,0.13,ok,,0.0,ok,,0.279,ok,,10.0,False,False,False,False,False,27,False,10,3.0,0.0,False
8992,0.06666666666666667,2,30,math,185,ok,,39,ok,,101,ok,,3,ok,,11,ok,,1,ok,,13.0,ok,,3.32,ok,,9,ok,,0.12,ok,,2.59,ok,,0.141,ok,,0.211,ok,,0.164,ok,,0.254,ok,,3.32,ok,,True,ok,,93.79,ok,,6.12,ok,,0.18,ok,,16.73,ok,,3,ok,,0.077,ok,,1.28,ok,,1,ok,,0.88,ok,,4.4,ok,,41.67,unreliable,MTLD needs about 50 tokens to stabilise; this prompt has 25,4.4,ok,,4.69,ok,,0.2,ok,,19,ok,,5.2,ok,,2.81,ok,,3,ok,,0.12,ok,,0.158,ok,,0,ok,,2,ok,,other,not_applicable,"no interrogative wh-word appears in the prompt, so there is no question word to report",,not_applicable,"the prompt has 0 distinct wh-word(s), so there is no second one",0,ok,,0,ok,,0,ok,,False,ok,,False,ok,,False,ok,,True,ok,,calculate,ok,,1,ok,,False,ok,,False,ok,,,not_applicable,the prompt does not state how many items it wants,5,ok,,4,ok,,13,ok,,4,ok,,1,ok,,3,ok,,0,ok,,0,ok,,12,ok,,0,ok,,0,ok,,0,ok,,False,ok,,False,ok,,False,ok,,False,ok,,True,ok,,0,ok,,13,ok,,0,ok,,0,ok,,0,ok,,17,ok,,0.895,ok,,False,ok,,0,ok,,none,not_applicable,the prompt contains no time expression at all,False,ok,,0,ok,,,not_applicable,"the prompt names no year, so there is no earliest year",,not_applicable,"the prompt names no year, so there is no latest year",,not_applicable,"the prompt names no year, so the window has no width; reporting 0 here would look like a single-year constraint",False,ok,,False,ok,,0,ok,,False,ok,,False,ok,,,not_applicable,the prompt is not phrased as a comparison,False,ok,,False,ok,,True,ok,,False,ok,,0,ok,,0,ok,,1,ok,,2,ok,,Math,ok,,4.4,ok,,,not_applicable,no domain lexicon matched this prompt,en,ok,,1.0,ok,,True,ok,,0.0,ok,,0,ok,,0,ok,,False,ok,,0,ok,,0.518,ok,,False,ok,,0,ok,,0.0,ok,,False,ok,,False,ok,,,not_applicable,the prompt does not ask for a particular output format,False,ok,,False,ok,,0.0,ok,,False,ok,,False,ok,,0.995,ok,,0,ok,,False,ok,,0,ok,,0,ok,,0,ok,,0,ok,,False,ok,,False,ok,,False,ok,,0.0,ok,,1.0,ok,,0.0,ok,,0.347,ok,,0.0,ok,,0.175,ok,,10.0,False,False,False,False,False,19,False,10,4.9,0.3162277660168379,False
9032,0.3666666666666667,11,30,math,196,ok,,43,ok,,87,ok,,3,ok,,11,ok,,3,ok,,14.33,ok,,3.6,ok,,9,ok,,0.033,ok,,2.02,ok,,0.061,ok,,0.219,ok,,0.122,ok,,0.219,ok,,7.34,ok,,True,ok,,80.74,ok,,9.53,ok,,1.84,ok,,14.25,ok,,3,ok,,0.07,ok,,1.33,ok,,1,ok,,0.933,ok,,5.112,ok,,126.0,unreliable,MTLD needs about 50 tokens to stabilise; this prompt has 30,4.77,ok,,4.67,ok,,0.367,ok,,19,ok,,5.63,ok,,3.89,ok,,0,ok,,0.0,ok,,0.0,ok,,0,ok,,2,ok,,how,ok,,,not_applicable,"the prompt has 1 distinct wh-word(s), so there is no second one",1,ok,,1,ok,,1,ok,,False,ok,,True,ok,,False,ok,,False,ok,,,not_applicable,"the prompt gives no command, so there is no task verb (a content verb inside a question does not count)",1,ok,,False,ok,,False,ok,,,not_applicable,the prompt does not state how many items it wants,5,ok,,0,ok,,8,ok,,2,ok,,0,ok,,0,ok,,0,ok,,0,ok,,9,ok,,0,ok,,0,ok,,0,ok,,False,ok,,False,ok,,False,ok,,False,ok,,False,ok,,0,ok,,13,ok,,0,ok,,0,ok,,0,ok,,13,ok,,0.684,ok,,True,ok,,7,ok,,range,ok,,False,ok,,7,ok,,1460.0,ok,,2060.0,ok,,600.0,ok,,False,ok,,False,ok,,0,ok,,False,ok,,False,ok,,,not_applicable,the prompt is not phrased as a comparison,False,ok,,True,ok,,False,ok,,False,ok,,0,ok,,1,ok,,3,ok,,4,ok,,Reasoning,not_applicable,"no category lexicon matched, so the category defaults to Reasoning",0.0,ok,,,not_applicable,no domain lexicon matched this prompt,en,ok,,1.0,ok,,True,ok,,0.0,ok,,0,ok,,0,ok,,False,ok,,0,ok,,0.654,ok,,False,ok,,0,ok,,0.0,ok,,False,ok,,True,ok,,table,ok,,True,ok,,False,ok,,0.0,ok,,False,ok,,False,ok,,0.995,ok,,0,ok,,False,ok,,0,ok,,1,ok,,0,ok,,0,ok,,False,ok,,False,ok,,False,ok,,0.0,ok,,0.917,ok,,0.167,ok,,0.136,ok,,0.5,ok,,0.387,ok,,10.0,False,False,False,False,False,23,False,10,4.0,0.0,False
9159,0.03333333333333333,1,30,physics,464,ok,,91,ok,,194,ok,,4,ok,,11,ok,,6,ok,,22.75,ok,,3.65,ok,,10,ok,,0.116,ok,,2.13,ok,,0.099,ok,,0.196,ok,,0.062,ok,,0.162,ok,,2.69,ok,,True,ok,,85.42,ok,,5.12,ok,,1.42,ok,,14.82,ok,,11,ok,,0.121,ok,,1.29,ok,,6,ok,,0.667,ok,,5.538,ok,,23.69,ok,,4.95,ok,,4.75,ok,,0.217,ok,,54,ok,,5.05,ok,,2.88,ok,,2,ok,,0.029,ok,,0.13,ok,,0,ok,,3,ok,,which,ok,,,not_applicable,"the prompt has 1 distinct wh-word(s), so there is no second one",1,ok,,1,ok,,0,ok,,False,ok,,True,ok,,False,ok,,True,ok,,calculate,ok,,0,ok,,False,ok,,False,ok,,,not_applicable,the prompt does not state how many items it wants,7,ok,,2,ok,,11,ok,,4,ok,,0,ok,,2,ok,,0,ok,,0,ok,,38,ok,,0,ok,,0,ok,,0,ok,,False,ok,,False,ok,,False,ok,,False,ok,,True,ok,,0,ok,,32,ok,,0,ok,,0,ok,,12,ok,,34,ok,,0.63,ok,,False,ok,,0,ok,,none,not_applicable,the prompt contains no time expression at all,False,ok,,0,ok,,,not_applicable,"the prompt names no year, so there is no earliest year",,not_applicable,"the prompt names no year, so there is no latest year",,not_applicable,"the prompt names no year, so the window has no width; reporting 0 here would look like a single-year constraint",False,ok,,False,ok,,0,ok,,False,ok,,False,ok,,,not_applicable,the prompt is not phrased as a comparison,False,ok,,False,ok,,False,ok,,False,ok,,0,ok,,2,ok,,3,ok,,2,ok,,Math,ok,,3.2,ok,,,not_applicable,no domain lexicon matched this prompt,en,ok,,1.0,ok,,True,ok,,0.022,ok,,0,ok,,0,ok,,False,ok,,0,ok,,0.823,ok,,False,ok,,0,ok,,0.0,ok,,False,ok,,False,ok,,,not_applicable,the prompt does not ask for a particular output format,False,ok,,False,ok,,0.0,ok,,False,ok,,False,ok,,0.998,ok,,0,ok,,False,ok,,0,ok,,0,ok,,0,ok,,2,ok,,False,ok,,False,ok,,False,ok,,0.0,ok,,1.0,ok,,0.167,ok,,0.214,ok,,0.0,ok,,0.19,ok,,10.0,False,False,False,False,False,41,False,10,18.9,0.3162277660168379,False
9390,0.0,0,30,physics,351,ok,,81,ok,,160,ok,,1,ok,,11,ok,,4,ok,,81.0,ok,,3.74,ok,,10,ok,,0.12,ok,,1.98,ok,,0.074,ok,,0.231,ok,,0.062,ok,,0.162,ok,,1.39,ok,,True,ok,,96.62,ok,,5.96,ok,,-1.27,ok,,14.63,ok,,7,ok,,0.086,ok,,1.3,ok,,6,ok,,0.72,ok,,5.091,ok,,31.92,ok,,4.76,ok,,4.57,ok,,0.3,ok,,34,ok,,4.91,ok,,1.73,ok,,10,ok,,0.2,ok,,0.353,ok,,0,ok,,2,ok,,how,ok,,,not_applicable,"the prompt has 1 distinct wh-word(s), so there is no second one",1,ok,,1,ok,,1,ok,,False,ok,,True,ok,,False,ok,,False,ok,,,not_applicable,"the prompt gives no command, so there is no task verb (a content verb inside a question does not count)",1,ok,,False,ok,,False,ok,,,not_applicable,the prompt does not state how many items it wants,13,ok,,2,ok,,15,ok,,4,ok,,0,ok,,2,ok,,0,ok,,0,ok,,19,ok,,0,ok,,0,ok,,0,ok,,False,ok,,False,ok,,False,ok,,False,ok,,True,ok,,0,ok,,32,ok,,0,ok,,0,ok,,1,ok,,34,ok,,1.0,ok,,False,ok,,0,ok,,none,not_applicable,the prompt contains no time expression at all,False,ok,,0,ok,,,not_applicable,"the prompt names no year, so there is no earliest year",,not_applicable,"the prompt names no year, so there is no latest year",,not_applicable,"the prompt names no year, so the window has no width; reporting 0 here would look like a single-year constraint",False,ok,,False,ok,,0,ok,,False,ok,,False,ok,,,not_applicable,the prompt is not phrased as a comparison,False,ok,,True,ok,,True,ok,,False,ok,,0,ok,,2,ok,,4,ok,,3,ok,,Math,ok,,2.0,ok,,science,ok,,en,ok,,1.0,ok,,True,ok,,0.028,ok,,0,ok,,0,ok,,False,ok,,0,ok,,0.804,ok,,False,ok,,0,ok,,0.0,ok,,False,ok,,False,ok,,,not_applicable,the prompt does not ask for a particular output format,False,ok,,False,ok,,0.0,ok,,False,ok,,False,ok,,0.997,ok,,0,ok,,False,ok,,0,ok,,1,ok,,0,ok,,2,ok,,False,ok,,False,ok,,False,ok,,0.0,ok,,1.0,ok,,0.25,ok,,0.41,ok,,0.0,ok,,0.315,ok,,10.0,False,False,True,False,False,31,False,10,14.1,0.7378647873726218,False
9582,0.03333333333333333,1,30,physics,598,ok,,111,ok,,173,ok,,3,ok,,11,ok,,2,ok,,37.0,ok,,4.66,ok,,10,ok,,0.384,ok,,1.56,ok,,0.043,ok,,0.186,ok,,0.047,ok,,0.124,ok,,4.34,ok,,True,ok,,79.04,ok,,4.84,ok,,5.01,ok,,14.25,ok,,11,ok,,0.099,ok,,1.52,ok,,7,ok,,0.5,ok,,4.637,ok,,8.86,ok,,4.58,ok,,4.53,ok,,0.314,ok,,56,ok,,5.47,ok,,3.06,ok,,0,ok,,0.0,ok,,0.125,ok,,0,ok,,2,ok,,other,not_applicable,"no interrogative wh-word appears in the prompt, so there is no question word to report",,not_applicable,"the prompt has 0 distinct wh-word(s), so there is no second one",0,ok,,0,ok,,0,ok,,False,ok,,False,ok,,False,ok,,True,ok,,find,ok,,1,ok,,False,ok,,False,ok,,,not_applicable,the prompt does not state how many items it wants,11,ok,,3,ok,,24,ok,,4,ok,,0,ok,,1,ok,,0,ok,,2,ok,,13,ok,,3,ok,,0,ok,,0,ok,,False,ok,,False,ok,,False,ok,,False,ok,,True,ok,,0,ok,,24,ok,,0,ok,,0,ok,,20,ok,,30,ok,,0.536,ok,,True,ok,,2,ok,,range,ok,,False,ok,,1,ok,,1000.0,ok,,1000.0,ok,,0.0,ok,,False,ok,,False,ok,,0,ok,,False,ok,,True,ok,,4.0,ok,,False,ok,,False,ok,,False,ok,,False,ok,,0,ok,,2,ok,,4,ok,,3,ok,,Math,ok,,2.0,ok,,,not_applicable,no domain lexicon matched this prompt,en,ok,,1.0,ok,,True,ok,,0.0,ok,,0,ok,,0,ok,,False,ok,,0,ok,,0.818,ok,,False,ok,,0,ok,,0.0,ok,,False,ok,,False,ok,,,not_applicable,the prompt does not ask for a particular output format,False,ok,,False,ok,,0.0,ok,,False,ok,,False,ok,,0.997,ok,,0,ok,,False,ok,,0,ok,,0,ok,,0,ok,,2,ok,,False,ok,,False,ok,,False,ok,,0.0,ok,,1.0,ok,,0.5,ok,,0.112,ok,,0.25,ok,,0.41,ok,,10.0,False,False,False,False,True,51,False,10,26.9,0.3162277660168379,False
9605,0.4666666666666666,14,30,physics,457,ok,,95,ok,,183,ok,,3,ok,,11,ok,,5,ok,,31.67,ok,,3.9,ok,,7,ok,,0.041,ok,,1.93,ok,,0.09,ok,,0.208,ok,,0.047,ok,,0.101,ok,,-0.33,ok,,True,ok,,108.68,ok,,2.95,ok,,-0.88,ok,,13.92,ok,,3,ok,,0.032,ok,,1.11,ok,,1,ok,,0.562,ok,,4.799,ok,,7.23,ok,,4.58,ok,,4.66,ok,,0.356,ok,,45,ok,,4.94,ok,,2.48,ok,,22,ok,,0.301,ok,,0.511,ok,,0,ok,,2,ok,,how,ok,,,not_applicable,"the prompt has 1 distinct wh-word(s), so there is no second one",2,ok,,1,ok,,2,ok,,False,ok,,True,ok,,False,ok,,False,ok,,,not_applicable,"the prompt gives no command, so there is no task verb (a content verb inside a question does not count)",2,ok,,True,ok,,False,ok,,,not_applicable,the prompt does not state how many items it wants,6,ok,,5,ok,,14,ok,,7,ok,,1,ok,,1,ok,,0,ok,,3,ok,,10,ok,,0,ok,,0,ok,,0,ok,,False,ok,,False,ok,,False,ok,,False,ok,,False,ok,,0,ok,,22,ok,,0,ok,,0,ok,,1,ok,,27,ok,,0.6,ok,,False,ok,,0,ok,,none,not_applicable,the prompt contains no time expression at all,False,ok,,0,ok,,,not_applicable,"the prompt names no year, so there is no earliest year",,not_applicable,"the prompt names no year, so there is no latest year",,not_applicable,"the prompt names no year, so the window has no width; reporting 0 here would look like a single-year constraint",False,ok,,False,ok,,0,ok,,False,ok,,False,ok,,,not_applicable,the prompt is not phrased as a comparison,False,ok,,True,ok,,False,ok,,False,ok,,0,ok,,1,ok,,3,ok,,2,ok,,Fact Retrieval,ok,,0.5,ok,,science,ok,,en,ok,,1.0,ok,,True,ok,,0.0,ok,,0,ok,,0,ok,,False,ok,,0,ok,,0.816,ok,,False,ok,,0,ok,,0.0,ok,,False,ok,,False,ok,,,not_applicable,the prompt does not ask for a particular output format,False,ok,,False,ok,,0.0,ok,,False,ok,,False,ok,,0.998,ok,,0,ok,,False,ok,,0,ok,,2,ok,,0,ok,,4,ok,,False,ok,,False,ok,,False,ok,,0.0,ok,,1.0,ok,,0.342,ok,,0.529,ok,,0.0,ok,,0.403,ok,,10.0,False,False,False,False,False,45,False,10,21.4,1.2649110640673518,False
9622,0.3333333333333333,10,30,physics,362,ok,,84,ok,,170,ok,,2,ok,,11,ok,,3,ok,,42.0,ok,,3.76,ok,,8,ok,,0.098,ok,,2.02,ok,,0.077,ok,,0.232,ok,,0.073,ok,,0.166,ok,,0.36,ok,,True,ok,,103.31,ok,,4.08,ok,,-1.68,ok,,15.19,ok,,6,ok,,0.071,ok,,1.2,ok,,3,ok,,0.784,ok,,5.601,ok,,40.84,ok,,4.89,ok,,4.7,ok,,0.294,ok,,36,ok,,4.8,ok,,1.67,ok,,12,ok,,0.235,ok,,0.333,ok,,1,ok,,3,ok,,how,ok,,,not_applicable,"the prompt has 1 distinct wh-word(s), so there is no second one",1,ok,,1,ok,,1,ok,,False,ok,,True,ok,,False,ok,,False,ok,,,not_applicable,"the prompt gives no command, so there is no task verb (a content verb inside a question does not count)",1,ok,,False,ok,,False,ok,,,not_applicable,the prompt does not state how many items it wants,6,ok,,3,ok,,21,ok,,5,ok,,0,ok,,2,ok,,0,ok,,1,ok,,22,ok,,0,ok,,0,ok,,0,ok,,False,ok,,False,ok,,False,ok,,False,ok,,True,ok,,0,ok,,36,ok,,1,ok,,0,ok,,0,ok,,40,ok,,1.111,ok,,False,ok,,0,ok,,none,not_applicable,the prompt contains no time expression at all,False,ok,,0,ok,,,not_applicable,"the prompt names no year, so there is no earliest year",,not_applicable,"the prompt names no year, so there is no latest year",,not_applicable,"the prompt names no year, so the window has no width; reporting 0 here would look like a single-year constraint",False,ok,,False,ok,,0,ok,,False,ok,,False,ok,,,not_applicable,the prompt is not phrased as a comparison,False,ok,,True,ok,,True,ok,,False,ok,,0,ok,,2,ok,,4,ok,,2,ok,,Math,ok,,2.0,ok,,,not_applicable,no domain lexicon matched this prompt,en,ok,,0.86,ok,,True,ok,,0.03,ok,,0,ok,,0,ok,,False,ok,,0,ok,,0.823,ok,,False,ok,,0,ok,,0.0,ok,,False,ok,,False,ok,,,not_applicable,the prompt does not ask for a particular output format,False,ok,,False,ok,,0.0,ok,,False,ok,,False,ok,,0.997,ok,,0,ok,,False,ok,,0,ok,,1,ok,,0,ok,,0,ok,,False,ok,,False,ok,,False,ok,,0.0,ok,,1.0,ok,,0.25,ok,,0.448,ok,,0.0,ok,,0.331,ok,,10.0,False,False,True,False,False,34,False,10,15.0,0.0,False
9663,0.0,0,30,physics,271,ok,,61,ok,,151,ok,,3,ok,,11,ok,,1,ok,,20.33,ok,,2.66,ok,,15,ok,,0.024,ok,,2.48,ok,,0.151,ok,,0.225,ok,,0.111,ok,,0.221,ok,,-0.59,ok,,True,ok,,107.58,ok,,2.64,ok,,-4.1,ok,,15.94,ok,,1,ok,,0.016,ok,,1.15,ok,,1,ok,,0.561,ok,,3.592,ok,,9.37,unreliable,MTLD needs about 50 tokens to stabilise; this prompt has 41,3.74,ok,,4.48,ok,,0.171,ok,,24,ok,,5.33,ok,,3.58,ok,,0,ok,,0.0,ok,,0.042,ok,,0,ok,,2,ok,,what,ok,,,not_applicable,"the prompt has 1 distinct wh-word(s), so there is no second one",1,ok,,1,ok,,1,ok,,False,ok,,True,ok,,False,ok,,False,ok,,,not_applicable,"the prompt gives no command, so there is no task verb (a content verb inside a question does not count)",1,ok,,False,ok,,False,ok,,,not_applicable,the prompt does not state how many items it wants,7,ok,,6,ok,,20,ok,,4,ok,,0,ok,,5,ok,,0,ok,,1,ok,,39,ok,,0,ok,,0,ok,,0,ok,,False,ok,,False,ok,,False,ok,,False,ok,,True,ok,,0,ok,,30,ok,,0,ok,,0,ok,,0,ok,,36,ok,,1.5,ok,,False,ok,,0,ok,,none,not_applicable,the prompt contains no time expression at all,False,ok,,0,ok,,,not_applicable,"the prompt names no year, so there is no earliest year",,not_applicable,"the prompt names no year, so there is no latest year",,not_applicable,"the prompt names no year, so the window has no width; reporting 0 here would look like a single-year constraint",False,ok,,False,ok,,0,ok,,False,ok,,False,ok,,,not_applicable,the prompt is not phrased as a comparison,False,ok,,False,ok,,False,ok,,False,ok,,0,ok,,2,ok,,3,ok,,1,ok,,Math,ok,,2.0,ok,,,not_applicable,no domain lexicon matched this prompt,en,ok,,1.0,ok,,True,ok,,0.037,ok,,0,ok,,0,ok,,False,ok,,0,ok,,0.827,ok,,False,ok,,0,ok,,0.0,ok,,False,ok,,False,ok,,,not_applicable,the prompt does not ask for a particular output format,False,ok,,False,ok,,0.0,ok,,False,ok,,False,ok,,0.996,ok,,0,ok,,False,ok,,0,ok,,0,ok,,0,ok,,1,ok,,False,ok,,False,ok,,False,ok,,0.0,ok,,1.0,ok,,0.167,ok,,0.21,ok,,0.0,ok,,0.188,ok,,10.0,False,False,False,True,False,11,False,10,17.0,0.0,False
9674,0.0,0,30,physics,269,ok,,59,ok,,124,ok,,3,ok,,11,ok,,3,ok,,19.67,ok,,3.53,ok,,10,ok,,0.122,ok,,2.1,ok,,0.089,ok,,0.219,ok,,0.075,ok,,0.093,ok,,0.93,ok,,True,ok,,97.17,ok,,5.36,ok,,-3.54,ok,,14.32,ok,,7,ok,,0.119,ok,,1.29,ok,,4,ok,,0.612,ok,,4.286,ok,,13.36,unreliable,MTLD needs about 50 tokens to stabilise; this prompt has 49,4.33,ok,,4.59,ok,,0.286,ok,,35,ok,,5.21,ok,,0.0,ok,,4,ok,,0.082,ok,,0.171,ok,,2,ok,,5,ok,,other,not_applicable,"no interrogative wh-word appears in the prompt, so there is no question word to report",,not_applicable,"the prompt has 0 distinct wh-word(s), so there is no second one",0,ok,,0,ok,,0,ok,,False,ok,,False,ok,,False,ok,,True,ok,,find,ok,,1,ok,,False,ok,,False,ok,,,not_applicable,the prompt does not state how many items it wants,12,ok,,0,ok,,2,ok,,2,ok,,0,ok,,0,ok,,0,ok,,0,ok,,11,ok,,0,ok,,0,ok,,0,ok,,False,ok,,False,ok,,False,ok,,False,ok,,False,ok,,1,ok,,11,ok,,0,ok,,0,ok,,10,ok,,12,ok,,0.343,ok,,False,ok,,0,ok,,none,not_applicable,the prompt contains no time expression at all,False,ok,,0,ok,,,not_applicable,"the prompt names no year, so there is no earliest year",,not_applicable,"the prompt names no year, so there is no latest year",,not_applicable,"the prompt names no year, so the window has no width; reporting 0 here would look like a single-year constraint",False,ok,,False,ok,,0,ok,,False,ok,,False,ok,,,not_applicable,the prompt is not phrased as a comparison,False,ok,,False,ok,,False,ok,,False,ok,,0,ok,,5,ok,,5,ok,,2,ok,,Reasoning,not_applicable,"no category lexicon matched, so the category defaults to Reasoning",0.0,ok,,,not_applicable,no domain lexicon matched this prompt,en,ok,,1.0,ok,,True,ok,,0.0,ok,,0,ok,,0,ok,,False,ok,,0,ok,,0.725,ok,,False,ok,,0,ok,,0.0,ok,,False,ok,,False,ok,,,not_applicable,the prompt does not ask for a particular output format,False,ok,,False,ok,,0.0,ok,,False,ok,,False,ok,,0.996,ok,,0,ok,,False,ok,,0,ok,,0,ok,,0,ok,,3,ok,,False,ok,,False,ok,,False,ok,,0.0,ok,,0.822,ok,,0.25,ok,,0.266,ok,,0.0,ok,,0.253,ok,,10.0,False,False,False,False,False,29,False,10,6.1,0.3162277660168379,False
9767,0.03333333333333333,1,30,physics,971,ok,,147,ok,,198,ok,,10,ok,,11,ok,,22,ok,,14.7,ok,,5.53,ok,,13,ok,,0.333,ok,,1.35,ok,,0.023,ok,,0.151,ok,,0.039,ok,,0.0,ok,,10.41,ok,,True,ok,,44.21,ok,,13.51,ok,,13.63,ok,,12.25,ok,,10,ok,,0.068,ok,,1.76,ok,,31,ok,,0.231,ok,,2.804,ok,,24.11,ok,,4.47,ok,,4.41,ok,,0.333,ok,,98,ok,,4.87,ok,,1.82,ok,,29,ok,,0.197,ok,,0.357,ok,,0,ok,,2,ok,,which,ok,,,not_applicable,"the prompt has 1 distinct wh-word(s), so there is no second one",1,ok,,1,ok,,1,ok,,False,ok,,True,ok,,False,ok,,False,ok,,,not_applicable,"the prompt gives no command, so there is no task verb (a content verb inside a question does not count)",2,ok,,True,ok,,False,ok,,,not_applicable,the prompt does not state how many items it wants,7,ok,,18,ok,,18,ok,,3,ok,,3,ok,,5,ok,,10,ok,,0,ok,,26,ok,,0,ok,,0,ok,,0,ok,,False,ok,,False,ok,,False,ok,,False,ok,,False,ok,,0,ok,,0,ok,,0,ok,,0,ok,,0,ok,,18,ok,,0.184,ok,,True,ok,,1,ok,,relative,ok,,False,ok,,0,ok,,,not_applicable,"the prompt names no year, so there is no earliest year",,not_applicable,"the prompt names no year, so there is no latest year",,not_applicable,"the prompt names no year, so the window has no width; reporting 0 here would look like a single-year constraint",False,ok,,True,ok,,5,ok,,False,ok,,True,ok,,2.0,ok,,False,ok,,False,ok,,False,ok,,False,ok,,0,ok,,1,ok,,3,ok,,2,ok,,Comparison,ok,,1.5,ok,,,not_applicable,no domain lexicon matched this prompt,en,ok,,1.0,ok,,True,ok,,0.0,ok,,0,ok,,0,ok,,False,ok,,0,ok,,0.894,ok,,False,ok,,5,ok,,0.478,ok,,False,ok,,False,ok,,,not_applicable,the prompt does not ask for a particular output format,False,ok,,False,ok,,0.0,ok,,False,ok,,False,ok,,0.531,ok,,0,ok,,True,ok,,0,ok,,0,ok,,1,ok,,1,ok,,False,ok,,False,ok,,False,ok,,0.15,ok,,0.81,ok,,0.592,ok,,0.328,ok,,0.25,ok,,0.693,ok,,10.0,False,False,False,False,False,11,False,10,85.9,8.5693251387337,False
9801,0.0,0,30,physics,246,ok,,47,ok,,110,ok,,3,ok,,11,ok,,5,ok,,15.67,ok,,4.11,ok,,9,ok,,0.2,ok,,2.34,ok,,0.11,ok,,0.191,ok,,0.09,ok,,0.154,ok,,8.39,ok,,True,ok,,76.78,ok,,10.25,ok,,4.17,ok,,16.56,ok,,8,ok,,0.17,ok,,1.34,ok,,2,ok,,0.886,ok,,5.24,ok,,85.75,unreliable,MTLD needs about 50 tokens to stabilise; this prompt has 35,4.88,ok,,4.68,ok,,0.229,ok,,27,ok,,5.07,ok,,1.29,ok,,3,ok,,0.086,ok,,0.185,ok,,0,ok,,3,ok,,what,ok,,,not_applicable,"the prompt has 1 distinct wh-word(s), so there is no second one",1,ok,,1,ok,,1,ok,,False,ok,,True,ok,,False,ok,,False,ok,,,not_applicable,"the prompt gives no command, so there is no task verb (a content verb inside a question does not count)",1,ok,,False,ok,,False,ok,,,not_applicable,the prompt does not state how many items it wants,7,ok,,0,ok,,7,ok,,1,ok,,0,ok,,0,ok,,0,ok,,0,ok,,13,ok,,0,ok,,0,ok,,0,ok,,False,ok,,False,ok,,False,ok,,False,ok,,False,ok,,0,ok,,12,ok,,0,ok,,0,ok,,2,ok,,12,ok,,0.444,ok,,True,ok,,1,ok,,relative,ok,,False,ok,,0,ok,,,not_applicable,"the prompt names no year, so there is no earliest year",,not_applicable,"the prompt names no year, so there is no latest year",,not_applicable,"the prompt names no year, so the window has no width; reporting 0 here would look like a single-year constraint",False,ok,,False,ok,,0,ok,,False,ok,,False,ok,,,not_applicable,the prompt is not phrased as a comparison,False,ok,,False,ok,,True,ok,,False,ok,,0,ok,,1,ok,,2,ok,,4,ok,,Definition,ok,,1.0,ok,,,not_applicable,no domain lexicon matched this prompt,en,ok,,1.0,ok,,True,ok,,0.0,ok,,0,ok,,0,ok,,False,ok,,0,ok,,0.654,ok,,False,ok,,0,ok,,0.0,ok,,False,ok,,False,ok,,,not_applicable,the prompt does not ask for a particular output format,False,ok,,False,ok,,0.0,ok,,False,ok,,False,ok,,0.996,ok,,0,ok,,True,ok,,0,ok,,0,ok,,0,ok,,2,ok,,False,ok,,False,ok,,False,ok,,0.15,ok,,0.8,ok,,0.083,ok,,0.306,ok,,0.25,ok,,0.398,ok,,10.0,False,False,False,True,False,27,False,10,4.0,0.0,False
9817,0.06666666666666667,2,30,physics,404,ok,,91,ok,,143,ok,,4,ok,,11,ok,,8,ok,,22.75,ok,,3.41,ok,,12,ok,,0.139,ok,,1.57,ok,,0.062,ok,,0.225,ok,,0.054,ok,,0.072,ok,,9.12,ok,,True,ok,,67.95,ok,,10.93,ok,,2.25,ok,,13.33,ok,,9,ok,,0.099,ok,,1.42,ok,,7,ok,,0.506,ok,,4.5,ok,,16.05,ok,,4.89,ok,,4.59,ok,,0.316,ok,,36,ok,,5.82,ok,,3.39,ok,,0,ok,,0.0,ok,,0.056,ok,,0,ok,,2,ok,,other,not_applicable,"no interrogative wh-word appears in the prompt, so there is no question word to report",,not_applicable,"the prompt has 0 distinct wh-word(s), so there is no second one",0,ok,,0,ok,,0,ok,,False,ok,,False,ok,,False,ok,,False,ok,,,not_applicable,"the prompt gives no command, so there is no task verb (a content verb inside a question does not count)",0,ok,,False,ok,,False,ok,,,not_applicable,the prompt does not state how many items it wants,6,ok,,2,ok,,15,ok,,6,ok,,1,ok,,1,ok,,0,ok,,0,ok,,21,ok,,0,ok,,0,ok,,0,ok,,False,ok,,False,ok,,False,ok,,False,ok,,True,ok,,10,ok,,7,ok,,0,ok,,0,ok,,5,ok,,19,ok,,0.528,ok,,True,ok,,1,ok,,relative,ok,,False,ok,,0,ok,,,not_applicable,"the prompt names no year, so there is no earliest year",,not_applicable,"the prompt names no year, so there is no latest year",,not_applicable,"the prompt names no year, so the window has no width; reporting 0 here would look like a single-year constraint",False,ok,,False,ok,,0,ok,,False,ok,,False,ok,,,not_applicable,the prompt is not phrased as a comparison,False,ok,,False,ok,,False,ok,,False,ok,,0,ok,,2,ok,,3,ok,,3,ok,,Math,ok,,2.0,ok,,,not_applicable,no domain lexicon matched this prompt,en,ok,,1.0,ok,,True,ok,,0.0,ok,,0,ok,,0,ok,,False,ok,,0,ok,,0.702,ok,,False,ok,,0,ok,,0.0,ok,,False,ok,,False,ok,,,not_applicable,the prompt does not ask for a particular output format,False,ok,,False,ok,,0.0,ok,,False,ok,,False,ok,,0.998,ok,,0,ok,,False,ok,,0,ok,,0,ok,,0,ok,,7,ok,,False,ok,,False,ok,,False,ok,,0.0,ok,,1.0,ok,,0.167,ok,,0.093,ok,,0.25,ok,,0.254,ok,,10.0,False,False,False,False,False,71,False,10,3.5,0.5270462766947299,False
9864,0.06666666666666667,2,30,physics,2586,ok,,453,ok,,692,ok,,4,ok,,11,ok,,26,ok,,113.25,ok,,5.18,ok,,13,ok,,0.347,ok,,1.53,ok,,0.063,ok,,0.175,ok,,0.029,ok,,0.056,ok,,9.02,ok,,True,ok,,58.26,ok,,11.83,ok,,8.38,ok,,14.29,ok,,17,ok,,0.038,ok,,1.69,ok,,72,ok,,0.175,ok,,3.32,ok,,31.73,ok,,4.91,ok,,4.52,ok,,0.317,ok,,230,ok,,5.32,ok,,2.17,ok,,20,ok,,0.056,ok,,0.283,ok,,1,ok,,5,ok,,when,ok,,,not_applicable,"the prompt has 1 distinct wh-word(s), so there is no second one",2,ok,,1,ok,,1,ok,,False,ok,,True,ok,,False,ok,,True,ok,,find,ok,,1,ok,,False,ok,,False,ok,,,not_applicable,the prompt does not state how many items it wants,11,ok,,21,ok,,74,ok,,6,ok,,1,ok,,20,ok,,0,ok,,0,ok,,79,ok,,0,ok,,0,ok,,0,ok,,False,ok,,False,ok,,False,ok,,False,ok,,True,ok,,0,ok,,89,ok,,0,ok,,0,ok,,41,ok,,110,ok,,0.478,ok,,True,ok,,11,ok,,relative,ok,,False,ok,,0,ok,,,not_applicable,"the prompt names no year, so there is no earliest year",,not_applicable,"the prompt names no year, so there is no latest year",,not_applicable,"the prompt names no year, so the window has no width; reporting 0 here would look like a single-year constraint",False,ok,,False,ok,,0,ok,,False,ok,,True,ok,,2.0,ok,,False,ok,,False,ok,,False,ok,,False,ok,,0,ok,,3,ok,,5,ok,,3,ok,,Comparison,ok,,3.0,ok,,,not_applicable,no domain lexicon matched this prompt,en,ok,,1.0,ok,,True,ok,,0.004,ok,,0,ok,,0,ok,,False,ok,,0,ok,,0.886,ok,,False,ok,,0,ok,,0.0,ok,,False,ok,,False,ok,,,not_applicable,the prompt does not ask for a particular output format,False,ok,,False,ok,,0.0,ok,,False,ok,,False,ok,,1.0,ok,,0,ok,,False,ok,,0,ok,,0,ok,,0,ok,,3,ok,,False,ok,,False,ok,,False,ok,,0.0,ok,,0.987,ok,,0.5,ok,,0.202,ok,,0.25,ok,,0.438,ok,,10.0,False,False,False,False,False,73,False,10,216.3,1.4944341180973262,False
9874,0.0,0,30,physics,345,ok,,62,ok,,87,ok,,1,ok,,11,ok,,1,ok,,62.0,ok,,4.48,ok,,11,ok,,0.238,ok,,1.4,ok,,0.035,ok,,0.18,ok,,0.041,ok,,0.0,ok,,5.07,ok,,True,ok,,68.76,ok,,7.42,ok,,4.3,ok,,11.56,ok,,14,ok,,0.226,ok,,1.56,ok,,10,ok,,0.778,ok,,6.173,ok,,79.38,ok,,5.32,ok,,4.33,ok,,0.365,ok,,39,ok,,5.63,ok,,0.0,ok,,2,ok,,0.032,ok,,0.154,ok,,1,ok,,4,ok,,which,ok,,,not_applicable,"the prompt has 1 distinct wh-word(s), so there is no second one",1,ok,,1,ok,,1,ok,,False,ok,,True,ok,,False,ok,,False,ok,,,not_applicable,"the prompt gives no command, so there is no task verb (a content verb inside a question does not count)",1,ok,,False,ok,,False,ok,,,not_applicable,the prompt does not state how many items it wants,21,ok,,2,ok,,2,ok,,1,ok,,0,ok,,2,ok,,0,ok,,0,ok,,9,ok,,0,ok,,0,ok,,0,ok,,False,ok,,False,ok,,False,ok,,False,ok,,False,ok,,0,ok,,0,ok,,0,ok,,0,ok,,0,ok,,2,ok,,0.051,ok,,False,ok,,0,ok,,none,not_applicable,the prompt contains no time expression at all,False,ok,,0,ok,,,not_applicable,"the prompt names no year, so there is no earliest year",,not_applicable,"the prompt names no year, so there is no latest year",,not_applicable,"the prompt names no year, so the window has no width; reporting 0 here would look like a single-year constraint",False,ok,,False,ok,,0,ok,,False,ok,,False,ok,,,not_applicable,the prompt is not phrased as a comparison,False,ok,,True,ok,,False,ok,,True,ok,,0,ok,,7,ok,,5,ok,,0,ok,,Fact Retrieval,ok,,1.5,ok,,science,ok,,en,ok,,1.0,ok,,True,ok,,0.0,ok,,0,ok,,0,ok,,False,ok,,0,ok,,0.603,ok,,False,ok,,0,ok,,0.0,ok,,False,ok,,False,ok,,,not_applicable,the prompt does not ask for a particular output format,False,ok,,False,ok,,0.0,ok,,False,ok,,False,ok,,0.997,ok,,0,ok,,False,ok,,0,ok,,1,ok,,0,ok,,1,ok,,False,ok,,False,ok,,False,ok,,0.0,ok,,0.564,ok,,0.4,ok,,0.126,ok,,0.0,ok,,0.27,ok,,10.0,False,False,False,False,False,16,False,10,20.9,5.566766466171263,False
9940,0.03333333333333333,1,30,physics,245,ok,,61,ok,,99,ok,,3,ok,,11,ok,,4,ok,,20.33,ok,,3.08,ok,,8,ok,,0.039,ok,,1.62,ok,,0.057,ok,,0.249,ok,,0.102,ok,,0.094,ok,,-0.08,ok,,True,ok,,105.51,ok,,2.22,ok,,-4.97,ok,,14.01,ok,,5,ok,,0.082,ok,,1.16,ok,,1,ok,,0.706,ok,,5.041,ok,,34.46,ok,,4.93,ok,,4.66,ok,,0.294,ok,,29,ok,,5.39,ok,,2.92,ok,,1,ok,,0.02,ok,,0.103,ok,,0,ok,,2,ok,,other,not_applicable,"no interrogative wh-word appears in the prompt, so there is no question word to report",,not_applicable,"the prompt has 0 distinct wh-word(s), so there is no second one",0,ok,,0,ok,,0,ok,,False,ok,,False,ok,,False,ok,,True,ok,,,not_applicable,"the prompt gives no command, so there is no task verb (a content verb inside a question does not count)",0,ok,,False,ok,,False,ok,,,not_applicable,the prompt does not state how many items it wants,7,ok,,1,ok,,10,ok,,3,ok,,0,ok,,1,ok,,0,ok,,0,ok,,14,ok,,0,ok,,0,ok,,0,ok,,False,ok,,False,ok,,False,ok,,False,ok,,False,ok,,0,ok,,12,ok,,0,ok,,0,ok,,5,ok,,13,ok,,0.448,ok,,False,ok,,0,ok,,none,not_applicable,the prompt contains no time expression at all,False,ok,,0,ok,,,not_applicable,"the prompt names no year, so there is no earliest year",,not_applicable,"the prompt names no year, so there is no latest year",,not_applicable,"the prompt names no year, so the window has no width; reporting 0 here would look like a single-year constraint",False,ok,,True,ok,,1,ok,,False,ok,,False,ok,,,not_applicable,the prompt is not phrased as a comparison,False,ok,,True,ok,,False,ok,,False,ok,,0,ok,,1,ok,,3,ok,,3,ok,,Fact Retrieval,ok,,0.5,ok,,,not_applicable,no domain lexicon matched this prompt,en,ok,,1.0,ok,,True,ok,,0.0,ok,,0,ok,,0,ok,,False,ok,,0,ok,,0.68,ok,,False,ok,,0,ok,,0.0,ok,,False,ok,,False,ok,,,not_applicable,the prompt does not ask for a particular output format,False,ok,,False,ok,,0.0,ok,,False,ok,,False,ok,,0.996,ok,,0,ok,,False,ok,,0,ok,,0,ok,,0,ok,,1,ok,,False,ok,,False,ok,,False,ok,,0.0,ok,,0.969,ok,,0.167,ok,,0.13,ok,,0.0,ok,,0.279,ok,,10.0,False,False,False,False,False,30,False,10,5.3,2.8693785622209798,False
9947,0.0,0,30,physics,344,ok,,57,ok,,78,ok,,1,ok,,11,ok,,11,ok,,57.0,ok,,5.02,ok,,10,ok,,0.333,ok,,1.37,ok,,0.032,ok,,0.166,ok,,0.04,ok,,0.0,ok,,7.13,ok,,True,ok,,53.15,ok,,12.6,ok,,6.57,ok,,13.31,ok,,15,ok,,0.263,ok,,1.75,ok,,16,ok,,0.719,ok,,5.431,ok,,46.79,ok,,5.04,ok,,4.26,ok,,0.246,ok,,43,ok,,5.29,ok,,3.59,ok,,0,ok,,0.0,ok,,0.023,ok,,0,ok,,2,ok,,other,not_applicable,"no interrogative wh-word appears in the prompt, so there is no question word to report",,not_applicable,"the prompt has 0 distinct wh-word(s), so there is no second one",0,ok,,0,ok,,0,ok,,False,ok,,False,ok,,False,ok,,False,ok,,,not_applicable,"the prompt gives no command, so there is no task verb (a content verb inside a question does not count)",0,ok,,False,ok,,False,ok,,,not_applicable,the prompt does not state how many items it wants,8,ok,,2,ok,,2,ok,,2,ok,,0,ok,,2,ok,,0,ok,,0,ok,,9,ok,,0,ok,,0,ok,,0,ok,,False,ok,,False,ok,,False,ok,,False,ok,,False,ok,,0,ok,,0,ok,,0,ok,,0,ok,,0,ok,,2,ok,,0.047,ok,,False,ok,,0,ok,,none,not_applicable,the prompt contains no time expression at all,False,ok,,0,ok,,,not_applicable,"the prompt names no year, so there is no earliest year",,not_applicable,"the prompt names no year, so there is no latest year",,not_applicable,"the prompt names no year, so the window has no width; reporting 0 here would look like a single-year constraint",False,ok,,False,ok,,0,ok,,False,ok,,False,ok,,,not_applicable,the prompt is not phrased as a comparison,True,ok,,False,ok,,False,ok,,False,ok,,0,ok,,1,ok,,2,ok,,1,ok,,Reasoning,ok,,1.0,ok,,,not_applicable,no domain lexicon matched this prompt,en,ok,,1.0,ok,,True,ok,,0.0,ok,,0,ok,,0,ok,,False,ok,,0,ok,,0.593,ok,,False,ok,,0,ok,,0.0,ok,,False,ok,,False,ok,,,not_applicable,the prompt does not ask for a particular output format,True,ok,,False,ok,,0.0,ok,,False,ok,,False,ok,,0.997,ok,,0,ok,,False,ok,,0,ok,,0,ok,,1,ok,,3,ok,,False,ok,,False,ok,,False,ok,,0.0,ok,,0.645,ok,,0.083,ok,,0.056,ok,,0.0,ok,,0.073,ok,,10.0,False,False,False,False,False,8,False,10,25.5,6.150880695748645,False
10048,0.7999999999999999,24,30,physics,808,ok,,140,ok,,192,ok,,3,ok,,11,ok,,14,ok,,46.67,ok,,4.73,ok,,13,ok,,0.302,ok,,1.37,ok,,0.035,ok,,0.173,ok,,0.054,ok,,0.019,ok,,9.69,ok,,True,ok,,46.34,ok,,12.38,ok,,8.18,ok,,12.22,ok,,26,ok,,0.186,ok,,1.76,ok,,29,ok,,0.482,ok,,5.683,ok,,26.23,ok,,5.44,ok,,4.44,ok,,0.41,ok,,71,ok,,5.69,ok,,2.53,ok,,3,ok,,0.022,ok,,0.282,ok,,11,ok,,3,ok,,which,ok,,where,ok,,3,ok,,2,ok,,1,ok,,False,ok,,True,ok,,False,ok,,True,ok,,,not_applicable,"the prompt gives no command, so there is no task verb (a content verb inside a question does not count)",1,ok,,False,ok,,False,ok,,,not_applicable,the prompt does not state how many items it wants,12,ok,,1,ok,,5,ok,,3,ok,,0,ok,,1,ok,,0,ok,,0,ok,,20,ok,,0,ok,,0,ok,,0,ok,,False,ok,,False,ok,,False,ok,,False,ok,,False,ok,,0,ok,,13,ok,,0,ok,,0,ok,,2,ok,,14,ok,,0.197,ok,,True,ok,,9,ok,,range,ok,,False,ok,,0,ok,,,not_applicable,"the prompt names no year, so there is no earliest year",,not_applicable,"the prompt names no year, so there is no latest year",,not_applicable,"the prompt names no year, so the window has no width; reporting 0 here would look like a single-year constraint",True,ok,,False,ok,,0,ok,,False,ok,,False,ok,,,not_applicable,the prompt is not phrased as a comparison,False,ok,,True,ok,,False,ok,,False,ok,,0,ok,,1,ok,,3,ok,,3,ok,,Fact Retrieval,ok,,1.5,ok,,science,ok,,en,ok,,1.0,ok,,True,ok,,0.0,ok,,0,ok,,0,ok,,False,ok,,0,ok,,0.736,ok,,False,ok,,0,ok,,0.0,ok,,False,ok,,False,ok,,,not_applicable,the prompt does not ask for a particular output format,False,ok,,False,ok,,0.0,ok,,False,ok,,False,ok,,0.999,ok,,0,ok,,True,ok,,0,ok,,0,ok,,0,ok,,5,ok,,False,ok,,False,ok,,False,ok,,0.15,ok,,0.818,ok,,0.167,ok,,0.152,ok,,0.25,ok,,0.374,ok,,10.0,False,False,False,False,False,54,False,10,44.5,7.604823031033223,False
10056,0.0,0,30,physics,1023,ok,,184,ok,,222,ok,,23,ok,,11,ok,,16,ok,,8.0,ok,,4.42,ok,,13,ok,,0.211,ok,,1.21,ok,,0.031,ok,,0.18,ok,,0.04,ok,,0.001,ok,,8.53,ok,,True,ok,,59.13,ok,,11.53,ok,,7.55,ok,,10.6,ok,,29,ok,,0.158,ok,,1.57,ok,,29,ok,,0.384,ok,,5.22,ok,,29.01,ok,,5.32,ok,,4.27,ok,,0.486,ok,,90,ok,,5.67,ok,,2.54,ok,,7,ok,,0.038,ok,,0.278,ok,,0,ok,,3,ok,,which,ok,,,not_applicable,"the prompt has 1 distinct wh-word(s), so there is no second one",1,ok,,1,ok,,1,ok,,False,ok,,True,ok,,False,ok,,False,ok,,,not_applicable,"the prompt gives no command, so there is no task verb (a content verb inside a question does not count)",1,ok,,False,ok,,False,ok,,,not_applicable,the prompt does not state how many items it wants,8,ok,,5,ok,,6,ok,,3,ok,,0,ok,,1,ok,,4,ok,,0,ok,,13,ok,,0,ok,,1,ok,,9,ok,,False,ok,,False,ok,,False,ok,,False,ok,,False,ok,,0,ok,,1,ok,,1,ok,,0,ok,,0,ok,,8,ok,,0.089,ok,,True,ok,,11,ok,,relative,ok,,True,ok,,0,ok,,,not_applicable,"the prompt names no year, so there is no earliest year",,not_applicable,"the prompt names no year, so there is no latest year",,not_applicable,"the prompt names no year, so the window has no width; reporting 0 here would look like a single-year constraint",False,ok,,True,ok,,1,ok,,True,ok,,False,ok,,,not_applicable,the prompt is not phrased as a comparison,False,ok,,False,ok,,False,ok,,False,ok,,0,ok,,2,ok,,3,ok,,4,ok,,Fact Retrieval,ok,,1.5,ok,,science,ok,,en,ok,,1.0,ok,,True,ok,,0.002,ok,,0,ok,,0,ok,,False,ok,,0,ok,,0.831,ok,,False,ok,,0,ok,,0.0,ok,,False,ok,,False,ok,,,not_applicable,the prompt does not ask for a particular output format,False,ok,,False,ok,,0.0,ok,,False,ok,,False,ok,,0.999,ok,,0,ok,,True,ok,,0,ok,,0,ok,,0,ok,,22,ok,,False,ok,,False,ok,,False,ok,,0.15,ok,,0.753,ok,,0.167,ok,,0.143,ok,,0.75,ok,,0.7,ok,,10.0,False,False,False,False,False,52,False,10,65.7,16.1936201429246,False
10167,0.0,0,30,physics,346,ok,,57,ok,,77,ok,,1,ok,,11,ok,,11,ok,,57.0,ok,,5.07,ok,,13,ok,,0.368,ok,,1.35,ok,,0.029,ok,,0.165,ok,,0.039,ok,,0.0,ok,,8.2,ok,,True,ok,,53.22,ok,,11.52,ok,,9.47,ok,,14.36,ok,,22,ok,,0.386,ok,,1.7,ok,,11,ok,,0.86,ok,,6.49,ok,,113.72,ok,,5.54,ok,,4.32,ok,,0.333,ok,,38,ok,,5.34,ok,,3.23,ok,,0,ok,,0.0,ok,,0.105,ok,,0,ok,,2,ok,,when,ok,,,not_applicable,"the prompt has 1 distinct wh-word(s), so there is no second one",1,ok,,1,ok,,0,ok,,False,ok,,True,ok,,False,ok,,False,ok,,,not_applicable,"the prompt gives no command, so there is no task verb (a content verb inside a question does not count)",0,ok,,False,ok,,False,ok,,,not_applicable,the prompt does not state how many items it wants,14,ok,,2,ok,,3,ok,,3,ok,,0,ok,,2,ok,,0,ok,,0,ok,,10,ok,,0,ok,,0,ok,,0,ok,,False,ok,,False,ok,,False,ok,,False,ok,,False,ok,,0,ok,,0,ok,,0,ok,,0,ok,,0,ok,,2,ok,,0.053,ok,,True,ok,,1,ok,,absolute,ok,,False,ok,,0,ok,,,not_applicable,"the prompt names no year, so there is no earliest year",,not_applicable,"the prompt names no year, so there is no latest year",,not_applicable,"the prompt names no year, so the window has no width; reporting 0 here would look like a single-year constraint",False,ok,,True,ok,,1,ok,,False,ok,,False,ok,,,not_applicable,the prompt is not phrased as a comparison,False,ok,,False,ok,,False,ok,,False,ok,,0,ok,,3,ok,,4,ok,,2,ok,,Fact Retrieval,ok,,1.5,ok,,,not_applicable,no domain lexicon matched this prompt,en,ok,,1.0,ok,,True,ok,,0.0,ok,,0,ok,,0,ok,,False,ok,,0,ok,,0.526,ok,,False,ok,,0,ok,,0.0,ok,,False,ok,,False,ok,,,not_applicable,the prompt does not ask for a particular output format,False,ok,,False,ok,,0.0,ok,,False,ok,,False,ok,,0.997,ok,,0,ok,,False,ok,,0,ok,,0,ok,,0,ok,,2,ok,,False,ok,,False,ok,,False,ok,,0.0,ok,,0.732,ok,,0.25,ok,,0.078,ok,,0.25,ok,,0.393,ok,,10.0,False,False,False,False,False,20,False,10,18.0,12.064640713902572,False
10219,0.0,0,30,physics,458,ok,,99,ok,,172,ok,,4,ok,,11,ok,,6,ok,,24.75,ok,,4.02,ok,,13,ok,,0.169,ok,,1.74,ok,,0.111,ok,,0.216,ok,,0.205,ok,,0.024,ok,,3.65,ok,,True,ok,,81.81,ok,,8.42,ok,,2.12,ok,,13.62,ok,,10,ok,,0.101,ok,,1.41,ok,,13,ok,,0.566,ok,,5.159,ok,,17.2,ok,,5.05,ok,,4.69,ok,,0.313,ok,,55,ok,,4.17,ok,,0.0,ok,,26,ok,,0.313,ok,,0.545,ok,,22,ok,,4,ok,,which,ok,,,not_applicable,"the prompt has 1 distinct wh-word(s), so there is no second one",1,ok,,1,ok,,1,ok,,False,ok,,True,ok,,False,ok,,False,ok,,,not_applicable,"the prompt gives no command, so there is no task verb (a content verb inside a question does not count)",1,ok,,False,ok,,False,ok,,,not_applicable,the prompt does not state how many items it wants,18,ok,,4,ok,,14,ok,,4,ok,,2,ok,,2,ok,,0,ok,,0,ok,,23,ok,,0,ok,,0,ok,,0,ok,,False,ok,,False,ok,,False,ok,,False,ok,,True,ok,,0,ok,,6,ok,,0,ok,,0,ok,,0,ok,,10,ok,,0.182,ok,,True,ok,,1,ok,,relative,ok,,False,ok,,0,ok,,,not_applicable,"the prompt names no year, so there is no earliest year",,not_applicable,"the prompt names no year, so there is no latest year",,not_applicable,"the prompt names no year, so the window has no width; reporting 0 here would look like a single-year constraint",False,ok,,False,ok,,0,ok,,False,ok,,False,ok,,,not_applicable,the prompt is not phrased as a comparison,False,ok,,False,ok,,True,ok,,False,ok,,0,ok,,3,ok,,4,ok,,3,ok,,Math,ok,,2.0,ok,,,not_applicable,no domain lexicon matched this prompt,en,ok,,1.0,ok,,True,ok,,0.0,ok,,0,ok,,0,ok,,False,ok,,0,ok,,0.803,ok,,False,ok,,0,ok,,0.0,ok,,False,ok,,False,ok,,,not_applicable,the prompt does not ask for a particular output format,False,ok,,False,ok,,0.0,ok,,False,ok,,False,ok,,0.998,ok,,0,ok,,True,ok,,0,ok,,0,ok,,0,ok,,3,ok,,False,ok,,False,ok,,False,ok,,0.15,ok,,0.809,ok,,0.25,ok,,0.565,ok,,0.25,ok,,0.539,ok,,10.0,False,False,False,False,False,53,False,10,11.1,1.66332999331662,False
10274,0.06666666666666667,2,30,physics,454,ok,,83,ok,,192,ok,,2,ok,,11,ok,,8,ok,,41.5,ok,,4.43,ok,,19,ok,,0.206,ok,,2.31,ok,,0.163,ok,,0.183,ok,,0.056,ok,,0.106,ok,,3.46,ok,,True,ok,,82.6,ok,,9.03,ok,,0.74,ok,,13.49,ok,,9,ok,,0.108,ok,,1.47,ok,,13,ok,,0.691,ok,,5.7,ok,,36.11,ok,,5.29,ok,,4.85,ok,,0.353,ok,,44,ok,,5.06,ok,,0.0,ok,,7,ok,,0.103,ok,,0.205,ok,,3,ok,,11,ok,,when,ok,,what,ok,,2,ok,,2,ok,,1,ok,,False,ok,,True,ok,,False,ok,,False,ok,,,not_applicable,"the prompt gives no command, so there is no task verb (a content verb inside a question does not count)",2,ok,,True,ok,,False,ok,,,not_applicable,the prompt does not state how many items it wants,8,ok,,5,ok,,15,ok,,3,ok,,5,ok,,0,ok,,0,ok,,0,ok,,15,ok,,0,ok,,0,ok,,0,ok,,False,ok,,False,ok,,False,ok,,False,ok,,True,ok,,0,ok,,18,ok,,0,ok,,1,ok,,6,ok,,24,ok,,0.545,ok,,False,ok,,0,ok,,none,not_applicable,the prompt contains no time expression at all,False,ok,,0,ok,,,not_applicable,"the prompt names no year, so there is no earliest year",,not_applicable,"the prompt names no year, so there is no latest year",,not_applicable,"the prompt names no year, so the window has no width; reporting 0 here would look like a single-year constraint",False,ok,,False,ok,,0,ok,,False,ok,,False,ok,,,not_applicable,the prompt is not phrased as a comparison,False,ok,,False,ok,,True,ok,,False,ok,,0,ok,,1,ok,,2,ok,,3,ok,,Fact Retrieval,ok,,3.0,ok,,,not_applicable,no domain lexicon matched this prompt,en,ok,,1.0,ok,,True,ok,,0.0,ok,,0,ok,,0,ok,,False,ok,,0,ok,,0.772,ok,,False,ok,,0,ok,,0.0,ok,,False,ok,,False,ok,,,not_applicable,the prompt does not ask for a particular output format,False,ok,,False,ok,,0.0,ok,,False,ok,,False,ok,,0.998,ok,,0,ok,,False,ok,,0,ok,,0,ok,,0,ok,,0,ok,,False,ok,,False,ok,,False,ok,,0.0,ok,,1.0,ok,,0.258,ok,,0.322,ok,,0.0,ok,,0.28,ok,,10.0,False,False,False,False,True,54,False,10,12.2,6.303438215238834,False
10287,0.3666666666666667,11,30,physics,352,ok,,69,ok,,131,ok,,3,ok,,11,ok,,4,ok,,23.0,ok,,4.0,ok,,10,ok,,0.125,ok,,1.9,ok,,0.099,ok,,0.196,ok,,0.066,ok,,0.099,ok,,5.56,ok,,True,ok,,85.03,ok,,9.69,ok,,4.07,ok,,13.19,ok,,8,ok,,0.116,ok,,1.25,ok,,6,ok,,0.875,ok,,7.0,ok,,143.36,ok,,5.71,ok,,4.77,ok,,0.328,ok,,43,ok,,4.59,ok,,0.0,ok,,12,ok,,0.188,ok,,0.372,ok,,12,ok,,3,ok,,what,ok,,,not_applicable,"the prompt has 1 distinct wh-word(s), so there is no second one",1,ok,,1,ok,,1,ok,,False,ok,,True,ok,,False,ok,,False,ok,,,not_applicable,"the prompt gives no command, so there is no task verb (a content verb inside a question does not count)",1,ok,,False,ok,,False,ok,,,not_applicable,the prompt does not state how many items it wants,8,ok,,2,ok,,7,ok,,5,ok,,0,ok,,2,ok,,0,ok,,0,ok,,18,ok,,1,ok,,0,ok,,0,ok,,False,ok,,False,ok,,False,ok,,False,ok,,True,ok,,10,ok,,4,ok,,0,ok,,0,ok,,1,ok,,17,ok,,0.395,ok,,True,ok,,1,ok,,relative,ok,,False,ok,,0,ok,,,not_applicable,"the prompt names no year, so there is no earliest year",,not_applicable,"the prompt names no year, so there is no latest year",,not_applicable,"the prompt names no year, so the window has no width; reporting 0 here would look like a single-year constraint",False,ok,,False,ok,,0,ok,,False,ok,,True,ok,,1.0,ok,,False,ok,,False,ok,,True,ok,,False,ok,,0,ok,,2,ok,,4,ok,,4,ok,,Math,ok,,2.0,ok,,,not_applicable,no domain lexicon matched this prompt,en,ok,,1.0,ok,,True,ok,,0.0,ok,,0,ok,,0,ok,,False,ok,,0,ok,,0.685,ok,,False,ok,,0,ok,,0.0,ok,,False,ok,,False,ok,,,not_applicable,the prompt does not ask for a particular output format,False,ok,,False,ok,,0.0,ok,,False,ok,,False,ok,,0.997,ok,,0,ok,,False,ok,,0,ok,,0,ok,,0,ok,,3,ok,,False,ok,,False,ok,,False,ok,,0.0,ok,,0.937,ok,,0.5,ok,,0.421,ok,,0.25,ok,,0.507,ok,,10.0,False,False,False,False,False,49,False,10,5.0,0.0,False
10365,0.9666666666666667,29,30,computer science,547,ok,,90,ok,,137,ok,,5,ok,,11,ok,,14,ok,,18.0,ok,,5.11,ok,,11,ok,,0.329,ok,,1.52,ok,,0.042,ok,,0.165,ok,,0.083,ok,,0.018,ok,,5.69,ok,,True,ok,,68.81,ok,,8.16,ok,,8.55,ok,,12.64,ok,,15,ok,,0.167,ok,,1.51,ok,,11,ok,,0.459,ok,,4.23,ok,,17.41,ok,,4.77,ok,,4.4,ok,,0.353,ok,,55,ok,,5.36,ok,,0.0,ok,,4,ok,,0.047,ok,,0.255,ok,,2,ok,,3,ok,,other,not_applicable,"no interrogative wh-word appears in the prompt, so there is no question word to report",,not_applicable,"the prompt has 0 distinct wh-word(s), so there is no second one",0,ok,,0,ok,,0,ok,,False,ok,,False,ok,,False,ok,,False,ok,,,not_applicable,"the prompt gives no command, so there is no task verb (a content verb inside a question does not count)",0,ok,,False,ok,,False,ok,,,not_applicable,the prompt does not state how many items it wants,8,ok,,7,ok,,7,ok,,3,ok,,5,ok,,1,ok,,0,ok,,1,ok,,24,ok,,1,ok,,0,ok,,0,ok,,False,ok,,False,ok,,False,ok,,False,ok,,False,ok,,0,ok,,10,ok,,0,ok,,0,ok,,0,ok,,18,ok,,0.327,ok,,False,ok,,0,ok,,none,not_applicable,the prompt contains no time expression at all,False,ok,,0,ok,,,not_applicable,"the prompt names no year, so there is no earliest year",,not_applicable,"the prompt names no year, so there is no latest year",,not_applicable,"the prompt names no year, so the window has no width; reporting 0 here would look like a single-year constraint",False,ok,,True,ok,,6,ok,,False,ok,,True,ok,,1.0,ok,,False,ok,,False,ok,,False,ok,,False,ok,,0,ok,,3,ok,,5,ok,,2,ok,,Comparison,ok,,1.5,ok,,,not_applicable,no domain lexicon matched this prompt,en,ok,,1.0,ok,,True,ok,,0.0,ok,,0,ok,,0,ok,,False,ok,,0,ok,,0.728,ok,,False,ok,,0,ok,,0.0,ok,,False,ok,,False,ok,,,not_applicable,the prompt does not ask for a particular output format,False,ok,,False,ok,,0.0,ok,,False,ok,,False,ok,,0.998,ok,,0,ok,,False,ok,,0,ok,,0,ok,,0,ok,,1,ok,,False,ok,,False,ok,,False,ok,,0.0,ok,,0.896,ok,,0.5,ok,,0.185,ok,,0.0,ok,,0.441,ok,,10.0,False,False,False,False,False,26,False,10,32.8,20.08205390115485,True
10391,0.13333333333333333,4,30,computer science,547,ok,,90,ok,,135,ok,,10,ok,,11,ok,,13,ok,,9.0,ok,,5.03,ok,,12,ok,,0.261,ok,,1.5,ok,,0.04,ok,,0.165,ok,,0.076,ok,,0.004,ok,,5.04,ok,,True,ok,,73.51,ok,,7.72,ok,,8.62,ok,,10.18,ok,,12,ok,,0.133,ok,,1.49,ok,,10,ok,,0.477,ok,,4.477,ok,,24.43,ok,,4.86,ok,,4.39,ok,,0.352,ok,,57,ok,,5.4,ok,,0.0,ok,,9,ok,,0.102,ok,,0.211,ok,,3,ok,,3,ok,,other,not_applicable,"no interrogative wh-word appears in the prompt, so there is no question word to report",,not_applicable,"the prompt has 0 distinct wh-word(s), so there is no second one",0,ok,,0,ok,,0,ok,,False,ok,,False,ok,,False,ok,,False,ok,,,not_applicable,"the prompt gives no command, so there is no task verb (a content verb inside a question does not count)",0,ok,,False,ok,,False,ok,,,not_applicable,the prompt does not state how many items it wants,6,ok,,6,ok,,14,ok,,5,ok,,1,ok,,3,ok,,0,ok,,2,ok,,19,ok,,0,ok,,0,ok,,0,ok,,False,ok,,False,ok,,False,ok,,False,ok,,False,ok,,0,ok,,2,ok,,0,ok,,0,ok,,0,ok,,8,ok,,0.14,ok,,True,ok,,1,ok,,relative,ok,,False,ok,,0,ok,,,not_applicable,"the prompt names no year, so there is no earliest year",,not_applicable,"the prompt names no year, so there is no latest year",,not_applicable,"the prompt names no year, so the window has no width; reporting 0 here would look like a single-year constraint",False,ok,,False,ok,,0,ok,,False,ok,,True,ok,,1.0,ok,,False,ok,,True,ok,,False,ok,,False,ok,,0,ok,,1,ok,,4,ok,,2,ok,,Comparison,ok,,1.5,ok,,finance,ok,,en,ok,,1.0,ok,,True,ok,,0.0,ok,,0,ok,,0,ok,,False,ok,,0,ok,,0.684,ok,,False,ok,,0,ok,,0.0,ok,,False,ok,,False,ok,,,not_applicable,the prompt does not ask for a particular output format,False,ok,,False,ok,,0.0,ok,,False,ok,,False,ok,,0.998,ok,,0,ok,,False,ok,,0,ok,,0,ok,,1,ok,,0,ok,,False,ok,,False,ok,,False,ok,,0.0,ok,,0.784,ok,,0.5,ok,,0.215,ok,,0.25,ok,,0.442,ok,,10.0,False,False,False,False,False,25,False,10,33.6,21.484878403193257,False
10431,0.8666666666666667,26,30,computer science,509,ok,,104,ok,,170,ok,,6,ok,,11,ok,,8,ok,,17.33,ok,,4.16,ok,,13,ok,,0.125,ok,,1.63,ok,,0.041,ok,,0.204,ok,,0.074,ok,,0.086,ok,,8.07,ok,,True,ok,,74.28,ok,,10.63,ok,,4.19,ok,,14.84,ok,,17,ok,,0.163,ok,,1.4,ok,,6,ok,,0.545,ok,,5.117,ok,,54.57,ok,,5.26,ok,,4.74,ok,,0.341,ok,,58,ok,,5.24,ok,,0.0,ok,,5,ok,,0.057,ok,,0.259,ok,,8,ok,,4,ok,,which,ok,,what,ok,,3,ok,,2,ok,,1,ok,,False,ok,,True,ok,,False,ok,,True,ok,,,not_applicable,"the prompt gives no command, so there is no task verb (a content verb inside a question does not count)",1,ok,,False,ok,,False,ok,,,not_applicable,the prompt does not state how many items it wants,7,ok,,4,ok,,23,ok,,6,ok,,1,ok,,2,ok,,0,ok,,1,ok,,17,ok,,1,ok,,0,ok,,0,ok,,False,ok,,False,ok,,False,ok,,False,ok,,False,ok,,8,ok,,18,ok,,0,ok,,0,ok,,0,ok,,31,ok,,0.534,ok,,False,ok,,0,ok,,none,not_applicable,the prompt contains no time expression at all,False,ok,,0,ok,,,not_applicable,"the prompt names no year, so there is no earliest year",,not_applicable,"the prompt names no year, so there is no latest year",,not_applicable,"the prompt names no year, so the window has no width; reporting 0 here would look like a single-year constraint",False,ok,,False,ok,,0,ok,,False,ok,,False,ok,,,not_applicable,the prompt is not phrased as a comparison,False,ok,,True,ok,,False,ok,,False,ok,,0,ok,,2,ok,,4,ok,,1,ok,,Fact Retrieval,ok,,1.5,ok,,tech,ok,,en,ok,,1.0,ok,,True,ok,,0.0,ok,,0,ok,,0,ok,,False,ok,,0,ok,,0.547,ok,,False,ok,,0,ok,,0.0,ok,,False,ok,,False,ok,,,not_applicable,the prompt does not ask for a particular output format,False,ok,,False,ok,,0.0,ok,,False,ok,,False,ok,,0.998,ok,,0,ok,,False,ok,,0,ok,,0,ok,,0,ok,,2,ok,,False,ok,,False,ok,,False,ok,,0.0,ok,,1.0,ok,,0.25,ok,,0.209,ok,,0.0,ok,,0.228,ok,,10.0,False,False,False,False,False,84,True,10,2.0,0.0,False
10436,0.0,0,30,computer science,365,ok,,85,ok,,131,ok,,5,ok,,11,ok,,9,ok,,17.0,ok,,3.51,ok,,10,ok,,0.116,ok,,1.54,ok,,0.058,ok,,0.233,ok,,0.127,ok,,0.085,ok,,5.64,ok,,True,ok,,91.11,ok,,8.69,ok,,1.08,ok,,12.16,ok,,5,ok,,0.059,ok,,1.14,ok,,1,ok,,0.696,ok,,5.779,ok,,54.95,ok,,5.3,ok,,4.76,ok,,0.362,ok,,42,ok,,5.55,ok,,2.35,ok,,3,ok,,0.043,ok,,0.167,ok,,3,ok,,2,ok,,how,ok,,,not_applicable,"the prompt has 1 distinct wh-word(s), so there is no second one",1,ok,,1,ok,,1,ok,,False,ok,,True,ok,,False,ok,,True,ok,,,not_applicable,"the prompt gives no command, so there is no task verb (a content verb inside a question does not count)",1,ok,,False,ok,,False,ok,,,not_applicable,the prompt does not state how many items it wants,6,ok,,4,ok,,10,ok,,3,ok,,3,ok,,1,ok,,0,ok,,0,ok,,27,ok,,0,ok,,0,ok,,0,ok,,False,ok,,False,ok,,False,ok,,False,ok,,True,ok,,3,ok,,13,ok,,0,ok,,0,ok,,0,ok,,20,ok,,0.476,ok,,False,ok,,0,ok,,none,not_applicable,the prompt contains no time expression at all,False,ok,,0,ok,,,not_applicable,"the prompt names no year, so there is no earliest year",,not_applicable,"the prompt names no year, so there is no latest year",,not_applicable,"the prompt names no year, so the window has no width; reporting 0 here would look like a single-year constraint",False,ok,,False,ok,,0,ok,,False,ok,,False,ok,,,not_applicable,the prompt is not phrased as a comparison,False,ok,,True,ok,,True,ok,,False,ok,,0,ok,,1,ok,,3,ok,,2,ok,,Math,ok,,2.0,ok,,tech,ok,,en,ok,,1.0,ok,,True,ok,,0.0,ok,,0,ok,,0,ok,,False,ok,,0,ok,,0.567,ok,,False,ok,,0,ok,,0.0,ok,,False,ok,,False,ok,,,not_applicable,the prompt does not ask for a particular output format,False,ok,,False,ok,,0.0,ok,,False,ok,,False,ok,,0.997,ok,,0,ok,,True,ok,,0,ok,,1,ok,,1,ok,,5,ok,,False,ok,,False,ok,,False,ok,,0.15,ok,,0.986,ok,,0.167,ok,,0.158,ok,,0.0,ok,,0.277,ok,,10.0,False,False,True,False,False,65,False,10,2.3,0.4830458915396479,False
10437,0.0,0,30,computer science,275,ok,,55,ok,,112,ok,,2,ok,,11,ok,,3,ok,,27.5,ok,,3.81,ok,,12,ok,,0.143,ok,,2.04,ok,,0.124,ok,,0.2,ok,,0.13,ok,,0.145,ok,,9.72,ok,,True,ok,,74.33,ok,,12.45,ok,,2.95,ok,,14.19,ok,,6,ok,,0.109,ok,,1.29,ok,,1,ok,,0.786,ok,,5.092,ok,,48.44,unreliable,MTLD needs about 50 tokens to stabilise; this prompt has 42,4.86,ok,,5.0,ok,,0.429,ok,,24,ok,,5.4,ok,,0.0,ok,,6,ok,,0.143,ok,,0.333,ok,,5,ok,,5,ok,,how,ok,,,not_applicable,"the prompt has 1 distinct wh-word(s), so there is no second one",1,ok,,1,ok,,1,ok,,False,ok,,True,ok,,False,ok,,False,ok,,,not_applicable,"the prompt gives no command, so there is no task verb (a content verb inside a question does not count)",1,ok,,False,ok,,False,ok,,,not_applicable,the prompt does not state how many items it wants,7,ok,,0,ok,,8,ok,,2,ok,,0,ok,,0,ok,,0,ok,,0,ok,,11,ok,,1,ok,,0,ok,,0,ok,,False,ok,,False,ok,,False,ok,,False,ok,,True,ok,,1,ok,,15,ok,,0,ok,,1,ok,,0,ok,,18,ok,,0.75,ok,,False,ok,,0,ok,,none,not_applicable,the prompt contains no time expression at all,False,ok,,0,ok,,,not_applicable,"the prompt names no year, so there is no earliest year",,not_applicable,"the prompt names no year, so there is no latest year",,not_applicable,"the prompt names no year, so the window has no width; reporting 0 here would look like a single-year constraint",False,ok,,False,ok,,0,ok,,False,ok,,False,ok,,,not_applicable,the prompt is not phrased as a comparison,False,ok,,True,ok,,False,ok,,False,ok,,0,ok,,1,ok,,3,ok,,1,ok,,Math,ok,,2.0,ok,,,not_applicable,no domain lexicon matched this prompt,en,ok,,1.0,ok,,True,ok,,0.0,ok,,0,ok,,0,ok,,False,ok,,0,ok,,0.609,ok,,False,ok,,0,ok,,0.0,ok,,False,ok,,False,ok,,,not_applicable,the prompt does not ask for a particular output format,False,ok,,False,ok,,0.0,ok,,False,ok,,False,ok,,0.996,ok,,0,ok,,False,ok,,0,ok,,1,ok,,0,ok,,5,ok,,False,ok,,False,ok,,False,ok,,0.0,ok,,0.917,ok,,0.167,ok,,0.358,ok,,0.0,ok,,0.255,ok,,10.0,False,False,False,False,True,35,False,10,3.0,0.0,False
10449,0.03333333333333333,1,30,computer science,813,ok,,143,ok,,181,ok,,8,ok,,9,ok,,22,ok,,17.88,ok,,4.47,ok,,14,ok,,0.201,ok,,1.27,ok,,0.044,ok,,0.176,ok,,0.049,ok,,0.0,ok,,9.26,ok,,True,ok,,57.0,ok,,11.39,ok,,8.05,ok,,10.61,ok,,31,ok,,0.217,ok,,1.57,ok,,19,ok,,0.569,ok,,6.833,ok,,63.12,ok,,5.92,ok,,4.47,ok,,0.368,ok,,88,ok,,5.68,ok,,2.86,ok,,1,ok,,0.007,ok,,0.114,ok,,0,ok,,2,ok,,whose,ok,,how,ok,,2,ok,,2,ok,,0,ok,,False,ok,,True,ok,,False,ok,,True,ok,,give,ok,,0,ok,,False,ok,,True,ok,,,not_applicable,the prompt does not state how many items it wants,11,ok,,7,ok,,9,ok,,4,ok,,6,ok,,1,ok,,0,ok,,0,ok,,21,ok,,1,ok,,0,ok,,0,ok,,False,ok,,False,ok,,False,ok,,False,ok,,False,ok,,0,ok,,0,ok,,0,ok,,0,ok,,0,ok,,8,ok,,0.091,ok,,False,ok,,0,ok,,none,not_applicable,the prompt contains no time expression at all,False,ok,,0,ok,,,not_applicable,"the prompt names no year, so there is no earliest year",,not_applicable,"the prompt names no year, so there is no latest year",,not_applicable,"the prompt names no year, so the window has no width; reporting 0 here would look like a single-year constraint",False,ok,,False,ok,,0,ok,,True,ok,,True,ok,,2.0,ok,,False,ok,,True,ok,,True,ok,,False,ok,,0,ok,,4,ok,,5,ok,,3,ok,,Comparison,ok,,1.5,ok,,,not_applicable,no domain lexicon matched this prompt,en,ok,,1.0,ok,,True,ok,,0.0,ok,,0,ok,,0,ok,,False,ok,,0,ok,,0.498,ok,,False,ok,,0,ok,,0.0,ok,,False,ok,,True,ok,,table,ok,,False,ok,,False,ok,,0.0,ok,,False,ok,,False,ok,,0.999,ok,,0,ok,,False,ok,,0,ok,,1,ok,,0,ok,,7,ok,,False,ok,,False,ok,,False,ok,,0.0,ok,,0.755,ok,,0.5,ok,,0.076,ok,,0.0,ok,,0.407,ok,,8.0,True,False,False,False,False,17,False,8,83.5,8.332380897952962,False
10453,0.03333333333333333,1,30,computer science,506,ok,,90,ok,,141,ok,,7,ok,,11,ok,,12,ok,,12.86,ok,,4.95,ok,,10,ok,,0.282,ok,,1.57,ok,,0.049,ok,,0.178,ok,,0.107,ok,,0.036,ok,,3.59,ok,,True,ok,,82.66,ok,,4.78,ok,,5.45,ok,,11.9,ok,,12,ok,,0.133,ok,,1.44,ok,,4,ok,,0.487,ok,,4.303,ok,,16.83,ok,,4.6,ok,,4.45,ok,,0.321,ok,,53,ok,,5.35,ok,,0.0,ok,,3,ok,,0.038,ok,,0.113,ok,,2,ok,,4,ok,,other,not_applicable,"no interrogative wh-word appears in the prompt, so there is no question word to report",,not_applicable,"the prompt has 0 distinct wh-word(s), so there is no second one",0,ok,,0,ok,,0,ok,,False,ok,,False,ok,,False,ok,,False,ok,,,not_applicable,"the prompt gives no command, so there is no task verb (a content verb inside a question does not count)",0,ok,,False,ok,,False,ok,,,not_applicable,the prompt does not state how many items it wants,8,ok,,11,ok,,13,ok,,5,ok,,7,ok,,1,ok,,0,ok,,3,ok,,23,ok,,1,ok,,0,ok,,0,ok,,False,ok,,False,ok,,False,ok,,False,ok,,False,ok,,1,ok,,12,ok,,1,ok,,0,ok,,0,ok,,26,ok,,0.491,ok,,True,ok,,2,ok,,absolute,ok,,True,ok,,1,ok,,2020.0,ok,,2020.0,ok,,0.0,ok,,False,ok,,True,ok,,1,ok,,False,ok,,True,ok,,1.0,ok,,False,ok,,False,ok,,False,ok,,False,ok,,0,ok,,1,ok,,3,ok,,3,ok,,Comparison,ok,,1.5,ok,,,not_applicable,no domain lexicon matched this prompt,en,ok,,1.0,ok,,True,ok,,0.0,ok,,0,ok,,0,ok,,False,ok,,0,ok,,0.736,ok,,False,ok,,0,ok,,0.0,ok,,False,ok,,False,ok,,,not_applicable,the prompt does not ask for a particular output format,False,ok,,False,ok,,0.0,ok,,False,ok,,False,ok,,0.998,ok,,0,ok,,False,ok,,0,ok,,1,ok,,3,ok,,0,ok,,False,ok,,False,ok,,False,ok,,0.0,ok,,0.995,ok,,0.417,ok,,0.142,ok,,0.75,ok,,0.643,ok,,10.0,False,False,False,False,False,26,False,10,30.5,17.765447112614734,False
10485,0.0,0,30,computer science,531,ok,,92,ok,,146,ok,,4,ok,,11,ok,,13,ok,,23.0,ok,,5.1,ok,,11,ok,,0.296,ok,,1.59,ok,,0.041,ok,,0.173,ok,,0.105,ok,,0.03,ok,,4.46,ok,,True,ok,,76.75,ok,,7.41,ok,,6.63,ok,,12.43,ok,,12,ok,,0.13,ok,,1.51,ok,,10,ok,,0.481,ok,,4.333,ok,,15.59,ok,,4.63,ok,,4.46,ok,,0.284,ok,,58,ok,,5.13,ok,,0.0,ok,,5,ok,,0.062,ok,,0.19,ok,,5,ok,,4,ok,,other,not_applicable,"no interrogative wh-word appears in the prompt, so there is no question word to report",,not_applicable,"the prompt has 0 distinct wh-word(s), so there is no second one",0,ok,,0,ok,,0,ok,,False,ok,,False,ok,,False,ok,,False,ok,,,not_applicable,"the prompt gives no command, so there is no task verb (a content verb inside a question does not count)",0,ok,,False,ok,,False,ok,,,not_applicable,the prompt does not state how many items it wants,9,ok,,10,ok,,11,ok,,4,ok,,7,ok,,1,ok,,0,ok,,2,ok,,22,ok,,1,ok,,0,ok,,0,ok,,False,ok,,False,ok,,False,ok,,False,ok,,False,ok,,1,ok,,11,ok,,0,ok,,0,ok,,0,ok,,23,ok,,0.397,ok,,True,ok,,1,ok,,absolute,ok,,False,ok,,1,ok,,2018.0,ok,,2018.0,ok,,0.0,ok,,False,ok,,False,ok,,0,ok,,False,ok,,True,ok,,2.0,ok,,False,ok,,False,ok,,False,ok,,False,ok,,0,ok,,1,ok,,3,ok,,2,ok,,Comparison,ok,,1.5,ok,,,not_applicable,no domain lexicon matched this prompt,en,ok,,1.0,ok,,True,ok,,0.0,ok,,0,ok,,0,ok,,False,ok,,0,ok,,0.728,ok,,False,ok,,0,ok,,0.0,ok,,False,ok,,False,ok,,,not_applicable,the prompt does not ask for a particular output format,False,ok,,False,ok,,0.0,ok,,False,ok,,False,ok,,0.998,ok,,0,ok,,False,ok,,0,ok,,0,ok,,1,ok,,0,ok,,False,ok,,False,ok,,False,ok,,0.0,ok,,0.938,ok,,0.417,ok,,0.187,ok,,0.25,ok,,0.398,ok,,10.0,False,False,False,False,False,28,False,10,31.1,21.640753735076377,False
10491,0.0,0,30,computer science,173,ok,,28,ok,,50,ok,,5,ok,,5,ok,,2,ok,,5.6,ok,,5.19,ok,,11,ok,,0.269,ok,,1.79,ok,,0.075,ok,,0.162,ok,,0.15,ok,,0.029,ok,,5.14,ok,,True,ok,,68.21,ok,,10.81,ok,,6.26,ok,,11.81,ok,,6,ok,,0.214,ok,,1.62,ok,,6,ok,,0.615,ok,,3.138,ok,,8.74,unreliable,MTLD needs about 50 tokens to stabilise; this prompt has 26,3.78,ok,,4.48,ok,,0.231,ok,,20,ok,,4.98,ok,,1.19,ok,,3,ok,,0.115,ok,,0.2,ok,,3,ok,,4,ok,,other,not_applicable,"no interrogative wh-word appears in the prompt, so there is no question word to report",,not_applicable,"the prompt has 0 distinct wh-word(s), so there is no second one",0,ok,,0,ok,,0,ok,,False,ok,,False,ok,,False,ok,,False,ok,,,not_applicable,"the prompt gives no command, so there is no task verb (a content verb inside a question does not count)",0,ok,,False,ok,,False,ok,,,not_applicable,the prompt does not state how many items it wants,5,ok,,3,ok,,3,ok,,2,ok,,1,ok,,2,ok,,0,ok,,0,ok,,11,ok,,0,ok,,0,ok,,0,ok,,False,ok,,False,ok,,False,ok,,False,ok,,False,ok,,0,ok,,2,ok,,0,ok,,0,ok,,0,ok,,5,ok,,0.25,ok,,False,ok,,0,ok,,none,not_applicable,the prompt contains no time expression at all,False,ok,,0,ok,,,not_applicable,"the prompt names no year, so there is no earliest year",,not_applicable,"the prompt names no year, so there is no latest year",,not_applicable,"the prompt names no year, so the window has no width; reporting 0 here would look like a single-year constraint",False,ok,,False,ok,,0,ok,,False,ok,,False,ok,,,not_applicable,the prompt is not phrased as a comparison,False,ok,,False,ok,,False,ok,,False,ok,,0,ok,,1,ok,,2,ok,,1,ok,,Fact Retrieval,ok,,0.5,ok,,,not_applicable,no domain lexicon matched this prompt,en,ok,,1.0,ok,,True,ok,,0.0,ok,,0,ok,,0,ok,,False,ok,,0,ok,,0.575,ok,,False,ok,,0,ok,,0.0,ok,,False,ok,,False,ok,,,not_applicable,the prompt does not ask for a particular output format,False,ok,,False,ok,,0.0,ok,,False,ok,,False,ok,,0.994,ok,,0,ok,,False,ok,,0,ok,,1,ok,,0,ok,,0,ok,,False,ok,,False,ok,,False,ok,,0.0,ok,,0.767,ok,,0.083,ok,,0.263,ok,,0.0,ok,,0.173,ok,,4.0,False,False,False,False,False,16,False,4,11.0,0.816496580927726,False
10496,0.6666666666666666,20,30,computer science,172,ok,,31,ok,,62,ok,,1,ok,,11,ok,,2,ok,,31.0,ok,,4.52,ok,,11,ok,,0.323,ok,,2.0,ok,,0.064,ok,,0.18,ok,,0.231,ok,,0.0,ok,,6.82,ok,,True,ok,,73.75,ok,,7.49,ok,,6.61,ok,,16.12,ok,,9,ok,,0.29,ok,,1.39,ok,,1,ok,,1.0,ok,,5.568,ok,,31.0,unreliable,MTLD needs about 50 tokens to stabilise; this prompt has 31,4.95,ok,,4.77,ok,,0.161,ok,,26,ok,,4.23,ok,,0.0,ok,,10,ok,,0.323,ok,,0.423,ok,,1,ok,,3,ok,,what,ok,,,not_applicable,"the prompt has 1 distinct wh-word(s), so there is no second one",1,ok,,1,ok,,1,ok,,False,ok,,True,ok,,False,ok,,False,ok,,,not_applicable,"the prompt gives no command, so there is no task verb (a content verb inside a question does not count)",1,ok,,False,ok,,False,ok,,,not_applicable,the prompt does not state how many items it wants,5,ok,,3,ok,,3,ok,,1,ok,,3,ok,,0,ok,,0,ok,,0,ok,,23,ok,,2,ok,,0,ok,,0,ok,,False,ok,,False,ok,,False,ok,,False,ok,,False,ok,,0,ok,,0,ok,,0,ok,,0,ok,,0,ok,,5,ok,,0.192,ok,,False,ok,,0,ok,,none,not_applicable,the prompt contains no time expression at all,False,ok,,0,ok,,,not_applicable,"the prompt names no year, so there is no earliest year",,not_applicable,"the prompt names no year, so there is no latest year",,not_applicable,"the prompt names no year, so the window has no width; reporting 0 here would look like a single-year constraint",False,ok,,False,ok,,0,ok,,False,ok,,False,ok,,,not_applicable,the prompt is not phrased as a comparison,False,ok,,False,ok,,False,ok,,False,ok,,0,ok,,0,ok,,1,ok,,0,ok,,Fact Retrieval,ok,,0.5,ok,,tech,ok,,en,ok,,1.0,ok,,True,ok,,0.0,ok,,0,ok,,0,ok,,False,ok,,0,ok,,0.478,ok,,False,ok,,0,ok,,0.0,ok,,False,ok,,False,ok,,,not_applicable,the prompt does not ask for a particular output format,False,ok,,False,ok,,0.0,ok,,False,ok,,False,ok,,0.994,ok,,0,ok,,False,ok,,0,ok,,0,ok,,0,ok,,0,ok,,False,ok,,False,ok,,False,ok,,0.0,ok,,0.649,ok,,0.0,ok,,0.572,ok,,0.0,ok,,0.287,ok,,10.0,False,False,False,False,False,9,False,10,8.1,4.067486256208427,False
10516,0.16666666666666666,5,30,computer science,698,ok,,126,ok,,230,ok,,3,ok,,16,ok,,14,ok,,42.0,ok,,4.57,ok,,14,ok,,0.206,ok,,1.83,ok,,0.063,ok,,0.188,ok,,0.034,ok,,0.074,ok,,17.18,ok,,True,ok,,46.1,ok,,20.83,ok,,7.76,ok,,15.18,ok,,19,ok,,0.151,ok,,1.46,ok,,13,ok,,0.533,ok,,5.51,ok,,28.18,ok,,5.44,ok,,4.72,ok,,0.336,ok,,71,ok,,5.39,ok,,0.0,ok,,7,ok,,0.065,ok,,0.225,ok,,4,ok,,3,ok,,other,not_applicable,"no interrogative wh-word appears in the prompt, so there is no question word to report",,not_applicable,"the prompt has 0 distinct wh-word(s), so there is no second one",0,ok,,0,ok,,0,ok,,False,ok,,False,ok,,False,ok,,False,ok,,,not_applicable,"the prompt gives no command, so there is no task verb (a content verb inside a question does not count)",0,ok,,False,ok,,False,ok,,,not_applicable,the prompt does not state how many items it wants,13,ok,,2,ok,,18,ok,,3,ok,,0,ok,,2,ok,,0,ok,,0,ok,,18,ok,,0,ok,,0,ok,,0,ok,,False,ok,,False,ok,,False,ok,,False,ok,,False,ok,,0,ok,,30,ok,,0,ok,,0,ok,,4,ok,,32,ok,,0.451,ok,,False,ok,,0,ok,,none,not_applicable,the prompt contains no time expression at all,False,ok,,0,ok,,,not_applicable,"the prompt names no year, so there is no earliest year",,not_applicable,"the prompt names no year, so there is no latest year",,not_applicable,"the prompt names no year, so the window has no width; reporting 0 here would look like a single-year constraint",False,ok,,False,ok,,0,ok,,False,ok,,False,ok,,,not_applicable,the prompt is not phrased as a comparison,False,ok,,False,ok,,False,ok,,False,ok,,0,ok,,2,ok,,3,ok,,3,ok,,Math,ok,,1.2,ok,,tech,ok,,en,ok,,1.0,ok,,True,ok,,0.0,ok,,0,ok,,0,ok,,False,ok,,0,ok,,0.646,ok,,False,ok,,0,ok,,0.0,ok,,False,ok,,False,ok,,,not_applicable,the prompt does not ask for a particular output format,True,ok,,False,ok,,0.0,ok,,False,ok,,False,ok,,0.991,ok,,0,ok,,True,ok,,0,ok,,0,ok,,1,ok,,9,ok,,False,ok,,False,ok,,False,ok,,0.15,ok,,0.971,ok,,0.167,ok,,0.232,ok,,0.0,ok,,0.307,ok,,10.0,False,False,False,False,False,106,True,10,4.0,1.0540925533894598,False
10532,0.7666666666666666,23,30,computer science,210,ok,,34,ok,,72,ok,,2,ok,,11,ok,,2,ok,,17.0,ok,,4.85,ok,,13,ok,,0.333,ok,,2.12,ok,,0.124,ok,,0.162,ok,,0.16,ok,,0.0,ok,,10.48,ok,,True,ok,,50.24,ok,,12.68,ok,,10.61,ok,,16.09,ok,,12,ok,,0.353,ok,,1.67,ok,,5,ok,,0.97,ok,,5.57,ok,,304.92,unreliable,MTLD needs about 50 tokens to stabilise; this prompt has 33,4.98,ok,,4.68,ok,,0.152,ok,,28,ok,,4.25,ok,,0.0,ok,,10,ok,,0.303,ok,,0.393,ok,,3,ok,,4,ok,,other,not_applicable,"no interrogative wh-word appears in the prompt, so there is no question word to report",,not_applicable,"the prompt has 0 distinct wh-word(s), so there is no second one",0,ok,,0,ok,,0,ok,,False,ok,,False,ok,,False,ok,,False,ok,,,not_applicable,"the prompt gives no command, so there is no task verb (a content verb inside a question does not count)",0,ok,,False,ok,,False,ok,,,not_applicable,the prompt does not state how many items it wants,8,ok,,6,ok,,6,ok,,2,ok,,3,ok,,3,ok,,0,ok,,0,ok,,21,ok,,0,ok,,0,ok,,0,ok,,False,ok,,False,ok,,False,ok,,False,ok,,False,ok,,0,ok,,0,ok,,0,ok,,0,ok,,0,ok,,6,ok,,0.214,ok,,False,ok,,0,ok,,none,not_applicable,the prompt contains no time expression at all,False,ok,,0,ok,,,not_applicable,"the prompt names no year, so there is no earliest year",,not_applicable,"the prompt names no year, so there is no latest year",,not_applicable,"the prompt names no year, so the window has no width; reporting 0 here would look like a single-year constraint",False,ok,,False,ok,,0,ok,,False,ok,,False,ok,,,not_applicable,the prompt is not phrased as a comparison,False,ok,,False,ok,,False,ok,,False,ok,,0,ok,,3,ok,,4,ok,,0,ok,,Fact Retrieval,ok,,0.5,ok,,tech,ok,,en,ok,,1.0,ok,,True,ok,,0.0,ok,,0,ok,,0,ok,,False,ok,,0,ok,,0.414,ok,,False,ok,,0,ok,,0.0,ok,,False,ok,,False,ok,,,not_applicable,the prompt does not ask for a particular output format,False,ok,,False,ok,,0.0,ok,,False,ok,,False,ok,,0.995,ok,,0,ok,,False,ok,,0,ok,,0,ok,,0,ok,,0,ok,,False,ok,,False,ok,,False,ok,,0.0,ok,,0.745,ok,,0.25,ok,,0.577,ok,,0.0,ok,,0.387,ok,,10.0,False,False,False,False,False,13,False,10,7.6,2.221110833194357,False
10582,0.03333333333333333,1,30,computer science,1003,ok,,157,ok,,202,ok,,11,ok,,11,ok,,26,ok,,14.27,ok,,5.23,ok,,15,ok,,0.215,ok,,1.29,ok,,0.03,ok,,0.157,ok,,0.028,ok,,0.0,ok,,9.89,ok,,True,ok,,49.55,ok,,13.61,ok,,12.27,ok,,12.89,ok,,39,ok,,0.248,ok,,1.68,ok,,32,ok,,0.62,ok,,7.796,ok,,85.19,ok,,6.19,ok,,4.41,ok,,0.335,ok,,105,ok,,5.21,ok,,0.0,ok,,4,ok,,0.025,ok,,0.324,ok,,2,ok,,4,ok,,what,ok,,how,ok,,5,ok,,3,ok,,2,ok,,False,ok,,True,ok,,False,ok,,False,ok,,,not_applicable,"the prompt gives no command, so there is no task verb (a content verb inside a question does not count)",2,ok,,True,ok,,True,ok,,,not_applicable,the prompt does not state how many items it wants,9,ok,,10,ok,,10,ok,,2,ok,,4,ok,,6,ok,,0,ok,,0,ok,,18,ok,,0,ok,,0,ok,,0,ok,,False,ok,,False,ok,,False,ok,,False,ok,,False,ok,,0,ok,,0,ok,,0,ok,,0,ok,,0,ok,,10,ok,,0.095,ok,,True,ok,,1,ok,,relative,ok,,False,ok,,0,ok,,,not_applicable,"the prompt names no year, so there is no earliest year",,not_applicable,"the prompt names no year, so there is no latest year",,not_applicable,"the prompt names no year, so the window has no width; reporting 0 here would look like a single-year constraint",False,ok,,True,ok,,1,ok,,False,ok,,False,ok,,,not_applicable,the prompt is not phrased as a comparison,False,ok,,True,ok,,False,ok,,False,ok,,0,ok,,2,ok,,4,ok,,2,ok,,Coding,ok,,2.0,ok,,,not_applicable,no domain lexicon matched this prompt,en,ok,,1.0,ok,,True,ok,,0.0,ok,,0,ok,,0,ok,,False,ok,,0,ok,,0.588,ok,,False,ok,,0,ok,,0.0,ok,,False,ok,,False,ok,,,not_applicable,the prompt does not ask for a particular output format,False,ok,,False,ok,,0.0,ok,,False,ok,,False,ok,,0.999,ok,,0,ok,,True,ok,,0,ok,,2,ok,,0,ok,,5,ok,,False,ok,,False,ok,,False,ok,,0.15,ok,,0.674,ok,,0.425,ok,,0.157,ok,,0.25,ok,,0.552,ok,,10.0,False,False,False,False,False,8,False,10,89.7,29.265261925285337,False
10583,0.0,0,30,computer science,919,ok,,176,ok,,202,ok,,3,ok,,9,ok,,27,ok,,58.67,ok,,3.96,ok,,12,ok,,0.146,ok,,1.15,ok,,0.021,ok,,0.192,ok,,0.033,ok,,0.0,ok,,8.93,ok,,True,ok,,65.85,ok,,11.0,ok,,6.55,ok,,9.99,ok,,30,ok,,0.17,ok,,1.37,ok,,16,ok,,0.449,ok,,6.102,ok,,43.79,ok,,5.72,ok,,4.33,ok,,0.481,ok,,88,ok,,5.86,ok,,2.95,ok,,1,ok,,0.005,ok,,0.091,ok,,0,ok,,2,ok,,which,ok,,,not_applicable,"the prompt has 1 distinct wh-word(s), so there is no second one",1,ok,,1,ok,,1,ok,,False,ok,,True,ok,,False,ok,,False,ok,,,not_applicable,"the prompt gives no command, so there is no task verb (a content verb inside a question does not count)",1,ok,,False,ok,,False,ok,,,not_applicable,the prompt does not state how many items it wants,10,ok,,1,ok,,1,ok,,1,ok,,0,ok,,1,ok,,0,ok,,0,ok,,8,ok,,2,ok,,0,ok,,0,ok,,False,ok,,False,ok,,False,ok,,False,ok,,False,ok,,0,ok,,0,ok,,0,ok,,0,ok,,0,ok,,3,ok,,0.034,ok,,True,ok,,2,ok,,relative,ok,,True,ok,,0,ok,,,not_applicable,"the prompt names no year, so there is no earliest year",,not_applicable,"the prompt names no year, so there is no latest year",,not_applicable,"the prompt names no year, so the window has no width; reporting 0 here would look like a single-year constraint",False,ok,,False,ok,,0,ok,,False,ok,,False,ok,,,not_applicable,the prompt is not phrased as a comparison,False,ok,,True,ok,,False,ok,,False,ok,,0,ok,,4,ok,,5,ok,,1,ok,,Fact Retrieval,ok,,1.5,ok,,business,ok,,en,ok,,1.0,ok,,True,ok,,0.0,ok,,0,ok,,0,ok,,False,ok,,0,ok,,0.597,ok,,False,ok,,1,ok,,0.347,ok,,False,ok,,False,ok,,,not_applicable,the prompt does not ask for a particular output format,False,ok,,False,ok,,0.0,ok,,False,ok,,False,ok,,0.896,ok,,0,ok,,True,ok,,0,ok,,0,ok,,0,ok,,3,ok,,False,ok,,False,ok,,False,ok,,0.15,ok,,0.554,ok,,0.25,ok,,0.051,ok,,0.75,ok,,0.586,ok,,8.0,True,False,False,False,False,12,False,8,102.125,22.875048789955773,False
10587,0.0,0,30,computer science,212,ok,,41,ok,,111,ok,,3,ok,,11,ok,,1,ok,,13.67,ok,,3.81,ok,,9,ok,,0.259,ok,,2.71,ok,,0.297,ok,,0.193,ok,,0.204,ok,,0.071,ok,,2.81,ok,,True,ok,,85.34,ok,,9.17,ok,,-5.58,ok,,15.48,ok,,2,ok,,0.049,ok,,1.56,ok,,7,ok,,0.593,ok,,3.079,ok,,9.7,unreliable,MTLD needs about 50 tokens to stabilise; this prompt has 27,3.45,ok,,4.45,ok,,0.333,ok,,18,ok,,5.75,ok,,3.78,ok,,0,ok,,0.0,ok,,0.0,ok,,0,ok,,2,ok,,what,ok,,,not_applicable,"the prompt has 1 distinct wh-word(s), so there is no second one",1,ok,,1,ok,,1,ok,,False,ok,,True,ok,,False,ok,,False,ok,,,not_applicable,"the prompt gives no command, so there is no task verb (a content verb inside a question does not count)",1,ok,,False,ok,,False,ok,,,not_applicable,the prompt does not state how many items it wants,5,ok,,1,ok,,13,ok,,2,ok,,0,ok,,1,ok,,0,ok,,0,ok,,14,ok,,0,ok,,6,ok,,6,ok,,False,ok,,False,ok,,False,ok,,False,ok,,False,ok,,0,ok,,15,ok,,0,ok,,0,ok,,0,ok,,22,ok,,1.222,ok,,False,ok,,0,ok,,none,not_applicable,the prompt contains no time expression at all,False,ok,,0,ok,,,not_applicable,"the prompt names no year, so there is no earliest year",,not_applicable,"the prompt names no year, so there is no latest year",,not_applicable,"the prompt names no year, so the window has no width; reporting 0 here would look like a single-year constraint",False,ok,,False,ok,,0,ok,,False,ok,,False,ok,,,not_applicable,the prompt is not phrased as a comparison,False,ok,,False,ok,,False,ok,,False,ok,,0,ok,,0,ok,,1,ok,,1,ok,,Coding,ok,,1.0,ok,,science,ok,,en,ok,,1.0,ok,,True,ok,,0.0,ok,,0,ok,,0,ok,,False,ok,,0,ok,,0.729,ok,,False,ok,,0,ok,,0.0,ok,,False,ok,,False,ok,,,not_applicable,the prompt does not ask for a particular output format,False,ok,,False,ok,,0.0,ok,,False,ok,,False,ok,,0.995,ok,,0,ok,,False,ok,,0,ok,,0,ok,,0,ok,,0,ok,,False,ok,,False,ok,,False,ok,,0.0,ok,,0.917,ok,,0.0,ok,,0.2,ok,,0.0,ok,,0.101,ok,,10.0,False,False,False,False,False,9,False,10,12.2,8.866917289691058,False
10649,1.0,30,30,computer science,579,ok,,92,ok,,107,ok,,8,ok,,7,ok,,14,ok,,11.5,ok,,5.21,ok,,15,ok,,0.304,ok,,1.16,ok,,0.024,ok,,0.159,ok,,0.038,ok,,0.0,ok,,11.21,ok,,True,ok,,38.09,ok,,14.39,ok,,11.77,ok,,10.81,ok,,28,ok,,0.304,ok,,1.84,ok,,24,ok,,0.674,ok,,6.464,ok,,59.3,ok,,5.62,ok,,4.36,ok,,0.457,ok,,50,ok,,5.83,ok,,3.45,ok,,0,ok,,0.0,ok,,0.14,ok,,0,ok,,2,ok,,which,ok,,,not_applicable,"the prompt has 1 distinct wh-word(s), so there is no second one",1,ok,,1,ok,,1,ok,,False,ok,,True,ok,,False,ok,,False,ok,,,not_applicable,"the prompt gives no command, so there is no task verb (a content verb inside a question does not count)",1,ok,,False,ok,,False,ok,,,not_applicable,the prompt does not state how many items it wants,10,ok,,3,ok,,3,ok,,1,ok,,0,ok,,3,ok,,0,ok,,0,ok,,9,ok,,1,ok,,0,ok,,0,ok,,False,ok,,False,ok,,False,ok,,False,ok,,False,ok,,0,ok,,0,ok,,0,ok,,0,ok,,0,ok,,4,ok,,0.08,ok,,True,ok,,1,ok,,relative,ok,,False,ok,,0,ok,,,not_applicable,"the prompt names no year, so there is no earliest year",,not_applicable,"the prompt names no year, so there is no latest year",,not_applicable,"the prompt names no year, so the window has no width; reporting 0 here would look like a single-year constraint",False,ok,,True,ok,,2,ok,,False,ok,,False,ok,,,not_applicable,the prompt is not phrased as a comparison,False,ok,,True,ok,,False,ok,,False,ok,,0,ok,,2,ok,,4,ok,,2,ok,,Fact Retrieval,ok,,1.5,ok,,business,ok,,en,ok,,1.0,ok,,True,ok,,0.0,ok,,0,ok,,0,ok,,False,ok,,0,ok,,0.452,ok,,False,ok,,0,ok,,0.0,ok,,False,ok,,False,ok,,,not_applicable,the prompt does not ask for a particular output format,False,ok,,False,ok,,0.0,ok,,False,ok,,False,ok,,0.998,ok,,0,ok,,True,ok,,0,ok,,1,ok,,0,ok,,5,ok,,False,ok,,False,ok,,False,ok,,0.15,ok,,0.581,ok,,0.25,ok,,0.063,ok,,0.25,ok,,0.471,ok,,6.0,True,False,False,False,False,16,False,6,76.16666666666667,17.42890319746675,False
10670,0.03333333333333333,1,30,computer science,1266,ok,,280,ok,,520,ok,,2,ok,,11,ok,,20,ok,,140.0,ok,,6.12,ok,,16,ok,,0.246,ok,,1.86,ok,,0.151,ok,,0.221,ok,,0.03,ok,,0.071,ok,,8.49,ok,,True,ok,,68.21,ok,,13.54,ok,,4.61,ok,,15.11,ok,,7,ok,,0.025,ok,,1.66,ok,,32,ok,,0.223,ok,,2.543,ok,,18.24,ok,,4.08,ok,,4.42,ok,,0.431,ok,,74,ok,,4.7,ok,,0.0,ok,,31,ok,,0.238,ok,,0.419,ok,,20,ok,,7,ok,,which,ok,,,not_applicable,"the prompt has 1 distinct wh-word(s), so there is no second one",1,ok,,1,ok,,1,ok,,False,ok,,True,ok,,False,ok,,True,ok,,,not_applicable,"the prompt gives no command, so there is no task verb (a content verb inside a question does not count)",1,ok,,False,ok,,False,ok,,,not_applicable,the prompt does not state how many items it wants,9,ok,,12,ok,,19,ok,,5,ok,,3,ok,,5,ok,,0,ok,,4,ok,,26,ok,,0,ok,,0,ok,,0,ok,,False,ok,,False,ok,,False,ok,,False,ok,,True,ok,,0,ok,,90,ok,,0,ok,,0,ok,,0,ok,,102,ok,,1.378,ok,,True,ok,,1,ok,,relative,ok,,False,ok,,0,ok,,,not_applicable,"the prompt names no year, so there is no earliest year",,not_applicable,"the prompt names no year, so there is no latest year",,not_applicable,"the prompt names no year, so the window has no width; reporting 0 here would look like a single-year constraint",False,ok,,True,ok,,10,ok,,False,ok,,False,ok,,,not_applicable,the prompt is not phrased as a comparison,False,ok,,False,ok,,False,ok,,False,ok,,0,ok,,1,ok,,2,ok,,3,ok,,Math,ok,,2.0,ok,,,not_applicable,no domain lexicon matched this prompt,en,ok,,1.0,ok,,True,ok,,0.0,ok,,0,ok,,0,ok,,False,ok,,0,ok,,0.897,ok,,False,ok,,0,ok,,0.0,ok,,False,ok,,False,ok,,,not_applicable,the prompt does not ask for a particular output format,False,ok,,False,ok,,0.0,ok,,False,ok,,False,ok,,0.999,ok,,0,ok,,True,ok,,0,ok,,0,ok,,0,ok,,4,ok,,False,ok,,False,ok,,False,ok,,0.15,ok,,1.0,ok,,0.083,ok,,0.463,ok,,0.25,ok,,0.535,ok,,10.0,False,False,False,False,False,10,False,10,117.0,0.0,False
10679,0.0,0,30,computer science,1185,ok,,191,ok,,220,ok,,7,ok,,11,ok,,27,ok,,27.29,ok,,5.07,ok,,13,ok,,0.326,ok,,1.15,ok,,0.021,ok,,0.161,ok,,0.034,ok,,0.0,ok,,11.08,ok,,True,ok,,46.59,ok,,14.07,ok,,11.92,ok,,10.78,ok,,33,ok,,0.173,ok,,1.67,ok,,37,ok,,0.477,ok,,6.622,ok,,56.16,ok,,6.02,ok,,4.38,ok,,0.503,ok,,96,ok,,5.74,ok,,2.95,ok,,1,ok,,0.005,ok,,0.219,ok,,0,ok,,2,ok,,what,ok,,when,ok,,2,ok,,2,ok,,1,ok,,False,ok,,True,ok,,False,ok,,False,ok,,,not_applicable,"the prompt gives no command, so there is no task verb (a content verb inside a question does not count)",3,ok,,True,ok,,False,ok,,,not_applicable,the prompt does not state how many items it wants,9,ok,,9,ok,,11,ok,,4,ok,,0,ok,,9,ok,,0,ok,,0,ok,,20,ok,,3,ok,,0,ok,,0,ok,,False,ok,,False,ok,,False,ok,,False,ok,,False,ok,,0,ok,,0,ok,,0,ok,,0,ok,,0,ok,,12,ok,,0.125,ok,,True,ok,,5,ok,,range,ok,,False,ok,,0,ok,,,not_applicable,"the prompt names no year, so there is no earliest year",,not_applicable,"the prompt names no year, so there is no latest year",,not_applicable,"the prompt names no year, so the window has no width; reporting 0 here would look like a single-year constraint",False,ok,,True,ok,,3,ok,,False,ok,,False,ok,,,not_applicable,the prompt is not phrased as a comparison,False,ok,,True,ok,,True,ok,,False,ok,,0,ok,,2,ok,,4,ok,,4,ok,,Coding,ok,,2.0,ok,,,not_applicable,no domain lexicon matched this prompt,en,ok,,1.0,ok,,True,ok,,0.0,ok,,0,ok,,0,ok,,False,ok,,0,ok,,0.475,ok,,False,ok,,1,ok,,0.132,ok,,False,ok,,False,ok,,,not_applicable,the prompt does not ask for a particular output format,True,ok,,False,ok,,0.0,ok,,True,ok,,False,ok,,0.847,ok,,0,ok,,False,ok,,1,ok,,0,ok,,0,ok,,11,ok,,False,ok,,False,ok,,False,ok,,0.075,ok,,0.775,ok,,0.6,ok,,0.09,ok,,0.25,ok,,0.583,ok,,10.0,False,False,False,True,False,10,False,10,108.2,53.623792397695176,False
10696,0.3333333333333333,10,30,computer science,330,ok,,48,ok,,94,ok,,1,ok,,11,ok,,9,ok,,48.0,ok,,5.16,ok,,10,ok,,0.28,ok,,1.96,ok,,0.1,ok,,0.148,ok,,0.089,ok,,0.0,ok,,4.8,ok,,True,ok,,68.46,ok,,5.08,ok,,7.38,ok,,16.02,ok,,10,ok,,0.208,ok,,1.54,ok,,4,ok,,0.58,ok,,4.101,ok,,22.27,ok,,4.55,ok,,4.57,ok,,0.08,ok,,46,ok,,4.83,ok,,1.8,ok,,3,ok,,0.06,ok,,0.109,ok,,0,ok,,2,ok,,what,ok,,,not_applicable,"the prompt has 1 distinct wh-word(s), so there is no second one",1,ok,,1,ok,,1,ok,,False,ok,,True,ok,,False,ok,,False,ok,,,not_applicable,"the prompt gives no command, so there is no task verb (a content verb inside a question does not count)",2,ok,,True,ok,,False,ok,,,not_applicable,the prompt does not state how many items it wants,10,ok,,5,ok,,6,ok,,3,ok,,0,ok,,4,ok,,0,ok,,1,ok,,20,ok,,0,ok,,0,ok,,0,ok,,False,ok,,False,ok,,False,ok,,False,ok,,False,ok,,0,ok,,0,ok,,0,ok,,0,ok,,0,ok,,5,ok,,0.109,ok,,False,ok,,0,ok,,none,not_applicable,the prompt contains no time expression at all,False,ok,,0,ok,,,not_applicable,"the prompt names no year, so there is no earliest year",,not_applicable,"the prompt names no year, so there is no latest year",,not_applicable,"the prompt names no year, so the window has no width; reporting 0 here would look like a single-year constraint",False,ok,,False,ok,,0,ok,,False,ok,,False,ok,,,not_applicable,the prompt is not phrased as a comparison,False,ok,,False,ok,,False,ok,,False,ok,,0,ok,,1,ok,,2,ok,,0,ok,,Definition,ok,,1.0,ok,,,not_applicable,no domain lexicon matched this prompt,en,ok,,1.0,ok,,True,ok,,0.0,ok,,0,ok,,0,ok,,False,ok,,0,ok,,0.661,ok,,False,ok,,0,ok,,0.0,ok,,False,ok,,False,ok,,,not_applicable,the prompt does not ask for a particular output format,False,ok,,False,ok,,0.0,ok,,False,ok,,False,ok,,0.994,ok,,0,ok,,False,ok,,0,ok,,0,ok,,0,ok,,1,ok,,False,ok,,False,ok,,False,ok,,0.0,ok,,0.765,ok,,0.258,ok,,0.224,ok,,0.0,ok,,0.239,ok,,10.0,False,False,False,True,False,8,False,10,24.4,2.221110833194357,False
10744,0.0,0,30,computer science,165,ok,,39,ok,,77,ok,,3,ok,,11,ok,,4,ok,,13.0,ok,,3.47,ok,,10,ok,,0.133,ok,,1.97,ok,,0.085,ok,,0.236,ok,,0.14,ok,,0.115,ok,,5.52,ok,,True,ok,,78.67,ok,,8.28,ok,,-1.42,ok,,16.02,ok,,6,ok,,0.154,ok,,1.47,ok,,3,ok,,0.9,ok,,4.93,ok,,84.0,unreliable,MTLD needs about 50 tokens to stabilise; this prompt has 30,4.68,ok,,4.78,ok,,0.233,ok,,20,ok,,5.32,ok,,2.08,ok,,2,ok,,0.067,ok,,0.15,ok,,1,ok,,3,ok,,what,ok,,,not_applicable,"the prompt has 1 distinct wh-word(s), so there is no second one",1,ok,,1,ok,,1,ok,,False,ok,,True,ok,,False,ok,,True,ok,,,not_applicable,"the prompt gives no command, so there is no task verb (a content verb inside a question does not count)",1,ok,,False,ok,,False,ok,,,not_applicable,the prompt does not state how many items it wants,6,ok,,0,ok,,4,ok,,1,ok,,0,ok,,0,ok,,0,ok,,0,ok,,11,ok,,0,ok,,0,ok,,0,ok,,False,ok,,False,ok,,False,ok,,False,ok,,False,ok,,1,ok,,10,ok,,0,ok,,0,ok,,0,ok,,11,ok,,0.55,ok,,False,ok,,0,ok,,none,not_applicable,the prompt contains no time expression at all,False,ok,,0,ok,,,not_applicable,"the prompt names no year, so there is no earliest year",,not_applicable,"the prompt names no year, so there is no latest year",,not_applicable,"the prompt names no year, so the window has no width; reporting 0 here would look like a single-year constraint",False,ok,,False,ok,,0,ok,,False,ok,,False,ok,,,not_applicable,the prompt is not phrased as a comparison,False,ok,,False,ok,,True,ok,,False,ok,,0,ok,,0,ok,,1,ok,,2,ok,,Definition,ok,,1.0,ok,,,not_applicable,no domain lexicon matched this prompt,en,ok,,1.0,ok,,True,ok,,0.0,ok,,0,ok,,0,ok,,False,ok,,0,ok,,0.579,ok,,False,ok,,0,ok,,0.0,ok,,False,ok,,False,ok,,,not_applicable,the prompt does not ask for a particular output format,False,ok,,False,ok,,0.0,ok,,False,ok,,False,ok,,0.994,ok,,0,ok,,False,ok,,0,ok,,0,ok,,0,ok,,0,ok,,False,ok,,False,ok,,False,ok,,0.0,ok,,0.833,ok,,0.0,ok,,0.23,ok,,0.0,ok,,0.117,ok,,10.0,False,False,True,False,False,19,False,10,1.8,0.4216370213557839,False
10783,0.5666666666666667,17,30,philosophy,697,ok,,104,ok,,132,ok,,10,ok,,11,ok,,15,ok,,10.4,ok,,5.45,ok,,14,ok,,0.364,ok,,1.27,ok,,0.033,ok,,0.149,ok,,0.021,ok,,0.0,ok,,11.02,ok,,True,ok,,32.92,ok,,14.94,ok,,12.86,ok,,12.3,ok,,37,ok,,0.356,ok,,1.92,ok,,29,ok,,0.72,ok,,7.444,ok,,83.51,ok,,5.9,ok,,4.44,ok,,0.355,ok,,69,ok,,5.48,ok,,2.82,ok,,3,ok,,0.028,ok,,0.275,ok,,0,ok,,2,ok,,other,not_applicable,"no interrogative wh-word appears in the prompt, so there is no question word to report",,not_applicable,"the prompt has 0 distinct wh-word(s), so there is no second one",0,ok,,0,ok,,0,ok,,False,ok,,False,ok,,False,ok,,False,ok,,,not_applicable,"the prompt gives no command, so there is no task verb (a content verb inside a question does not count)",0,ok,,False,ok,,False,ok,,,not_applicable,the prompt does not state how many items it wants,8,ok,,3,ok,,3,ok,,2,ok,,0,ok,,3,ok,,0,ok,,0,ok,,10,ok,,0,ok,,0,ok,,0,ok,,False,ok,,False,ok,,False,ok,,False,ok,,False,ok,,0,ok,,0,ok,,0,ok,,0,ok,,0,ok,,3,ok,,0.043,ok,,True,ok,,1,ok,,relative,ok,,False,ok,,0,ok,,,not_applicable,"the prompt names no year, so there is no earliest year",,not_applicable,"the prompt names no year, so there is no latest year",,not_applicable,"the prompt names no year, so the window has no width; reporting 0 here would look like a single-year constraint",False,ok,,False,ok,,0,ok,,False,ok,,False,ok,,,not_applicable,the prompt is not phrased as a comparison,False,ok,,False,ok,,False,ok,,False,ok,,0,ok,,2,ok,,3,ok,,1,ok,,Fact Retrieval,ok,,0.5,ok,,,not_applicable,no domain lexicon matched this prompt,en,ok,,1.0,ok,,True,ok,,0.0,ok,,0,ok,,0,ok,,False,ok,,0,ok,,0.473,ok,,False,ok,,0,ok,,0.0,ok,,False,ok,,False,ok,,,not_applicable,the prompt does not ask for a particular output format,False,ok,,False,ok,,0.0,ok,,False,ok,,False,ok,,0.999,ok,,0,ok,,False,ok,,0,ok,,2,ok,,0,ok,,4,ok,,False,ok,,False,ok,,False,ok,,0.0,ok,,0.642,ok,,0.167,ok,,0.142,ok,,0.25,ok,,0.273,ok,,10.0,False,False,False,False,False,13,False,10,58.1,15.82157458100243,False
10806,0.0,0,30,philosophy,223,ok,,37,ok,,61,ok,,2,ok,,11,ok,,3,ok,,18.5,ok,,4.76,ok,,13,ok,,0.243,ok,,1.65,ok,,0.09,ok,,0.166,ok,,0.072,ok,,0.0,ok,,7.47,ok,,True,ok,,57.97,ok,,8.02,ok,,7.81,ok,,12.2,ok,,8,ok,,0.216,ok,,1.59,ok,,4,ok,,0.946,ok,,5.754,ok,,191.66,unreliable,MTLD needs about 50 tokens to stabilise; this prompt has 37,5.08,ok,,4.67,ok,,0.216,ok,,29,ok,,5.45,ok,,3.12,ok,,0,ok,,0.0,ok,,0.103,ok,,0,ok,,2,ok,,other,not_applicable,"no interrogative wh-word appears in the prompt, so there is no question word to report",,not_applicable,"the prompt has 0 distinct wh-word(s), so there is no second one",0,ok,,0,ok,,0,ok,,False,ok,,False,ok,,False,ok,,False,ok,,,not_applicable,"the prompt gives no command, so there is no task verb (a content verb inside a question does not count)",0,ok,,False,ok,,False,ok,,,not_applicable,the prompt does not state how many items it wants,6,ok,,4,ok,,4,ok,,3,ok,,1,ok,,3,ok,,0,ok,,0,ok,,9,ok,,0,ok,,1,ok,,1,ok,,False,ok,,False,ok,,False,ok,,False,ok,,False,ok,,0,ok,,0,ok,,0,ok,,0,ok,,0,ok,,5,ok,,0.172,ok,,False,ok,,0,ok,,none,not_applicable,the prompt contains no time expression at all,False,ok,,0,ok,,,not_applicable,"the prompt names no year, so there is no earliest year",,not_applicable,"the prompt names no year, so there is no latest year",,not_applicable,"the prompt names no year, so the window has no width; reporting 0 here would look like a single-year constraint",False,ok,,True,ok,,2,ok,,True,ok,,False,ok,,,not_applicable,the prompt is not phrased as a comparison,True,ok,,False,ok,,False,ok,,False,ok,,0,ok,,1,ok,,2,ok,,2,ok,,Reasoning,ok,,2.0,ok,,,not_applicable,no domain lexicon matched this prompt,en,ok,,1.0,ok,,True,ok,,0.009,ok,,0,ok,,0,ok,,False,ok,,0,ok,,0.425,ok,,False,ok,,0,ok,,0.0,ok,,False,ok,,False,ok,,,not_applicable,the prompt does not ask for a particular output format,False,ok,,False,ok,,0.0,ok,,True,ok,,False,ok,,0.996,ok,,0,ok,,False,ok,,0,ok,,0,ok,,0,ok,,0,ok,,False,ok,,False,ok,,False,ok,,0.0,ok,,0.803,ok,,0.083,ok,,0.118,ok,,0.0,ok,,0.372,ok,,10.0,True,False,False,False,False,12,False,10,9.9,3.478505426185217,False
10832,0.03333333333333333,1,30,philosophy,243,ok,,42,ok,,67,ok,,1,ok,,11,ok,,2,ok,,42.0,ok,,4.76,ok,,9,ok,,0.286,ok,,1.6,ok,,0.045,ok,,0.173,ok,,0.168,ok,,0.0,ok,,5.43,ok,,True,ok,,63.59,ok,,8.35,ok,,3.39,ok,,12.12,ok,,12,ok,,0.286,ok,,1.64,ok,,8,ok,,0.929,ok,,6.018,ok,,164.64,unreliable,MTLD needs about 50 tokens to stabilise; this prompt has 42,5.23,ok,,4.68,ok,,0.167,ok,,35,ok,,5.16,ok,,2.41,ok,,2,ok,,0.048,ok,,0.086,ok,,0,ok,,3,ok,,which,ok,,,not_applicable,"the prompt has 1 distinct wh-word(s), so there is no second one",1,ok,,1,ok,,1,ok,,False,ok,,True,ok,,False,ok,,False,ok,,,not_applicable,"the prompt gives no command, so there is no task verb (a content verb inside a question does not count)",1,ok,,False,ok,,False,ok,,,not_applicable,the prompt does not state how many items it wants,6,ok,,1,ok,,1,ok,,1,ok,,1,ok,,0,ok,,0,ok,,0,ok,,31,ok,,0,ok,,0,ok,,0,ok,,False,ok,,False,ok,,False,ok,,False,ok,,False,ok,,0,ok,,0,ok,,0,ok,,0,ok,,0,ok,,1,ok,,0.029,ok,,True,ok,,1,ok,,relative,ok,,False,ok,,0,ok,,,not_applicable,"the prompt names no year, so there is no earliest year",,not_applicable,"the prompt names no year, so there is no latest year",,not_applicable,"the prompt names no year, so the window has no width; reporting 0 here would look like a single-year constraint",False,ok,,False,ok,,0,ok,,False,ok,,False,ok,,,not_applicable,the prompt is not phrased as a comparison,False,ok,,False,ok,,False,ok,,False,ok,,0,ok,,2,ok,,3,ok,,1,ok,,Fact Retrieval,ok,,1.5,ok,,,not_applicable,no domain lexicon matched this prompt,en,ok,,1.0,ok,,True,ok,,0.0,ok,,0,ok,,0,ok,,False,ok,,0,ok,,0.434,ok,,False,ok,,0,ok,,0.0,ok,,False,ok,,False,ok,,,not_applicable,the prompt does not ask for a particular output format,False,ok,,False,ok,,0.0,ok,,False,ok,,False,ok,,0.996,ok,,0,ok,,True,ok,,0,ok,,0,ok,,0,ok,,1,ok,,False,ok,,False,ok,,False,ok,,0.15,ok,,0.326,ok,,0.167,ok,,0.146,ok,,0.25,ok,,0.373,ok,,10.0,False,False,False,False,False,10,False,10,14.9,1.286683937707919,False
10850,0.16666666666666666,5,30,philosophy,780,ok,,125,ok,,152,ok,,10,ok,,11,ok,,21,ok,,12.5,ok,,5.02,ok,,15,ok,,0.32,ok,,1.22,ok,,0.031,ok,,0.16,ok,,0.019,ok,,0.0,ok,,9.99,ok,,True,ok,,43.7,ok,,13.83,ok,,10.87,ok,,11.53,ok,,37,ok,,0.296,ok,,1.75,ok,,29,ok,,0.695,ok,,7.867,ok,,89.07,ok,,6.16,ok,,4.31,ok,,0.461,ok,,69,ok,,5.67,ok,,3.02,ok,,0,ok,,0.0,ok,,0.188,ok,,0,ok,,3,ok,,what,ok,,,not_applicable,"the prompt has 1 distinct wh-word(s), so there is no second one",1,ok,,1,ok,,0,ok,,False,ok,,True,ok,,False,ok,,False,ok,,,not_applicable,"the prompt gives no command, so there is no task verb (a content verb inside a question does not count)",0,ok,,False,ok,,False,ok,,,not_applicable,the prompt does not state how many items it wants,8,ok,,3,ok,,4,ok,,4,ok,,1,ok,,2,ok,,0,ok,,0,ok,,11,ok,,0,ok,,0,ok,,0,ok,,False,ok,,False,ok,,False,ok,,False,ok,,False,ok,,0,ok,,0,ok,,0,ok,,0,ok,,0,ok,,3,ok,,0.043,ok,,False,ok,,0,ok,,none,not_applicable,the prompt contains no time expression at all,False,ok,,0,ok,,,not_applicable,"the prompt names no year, so there is no earliest year",,not_applicable,"the prompt names no year, so there is no latest year",,not_applicable,"the prompt names no year, so the window has no width; reporting 0 here would look like a single-year constraint",False,ok,,True,ok,,5,ok,,True,ok,,True,ok,,2.0,ok,,False,ok,,False,ok,,False,ok,,False,ok,,0,ok,,3,ok,,5,ok,,2,ok,,Comparison,ok,,1.5,ok,,science,ok,,en,ok,,1.0,ok,,True,ok,,0.001,ok,,0,ok,,0,ok,,False,ok,,0,ok,,0.446,ok,,False,ok,,0,ok,,0.0,ok,,False,ok,,False,ok,,,not_applicable,the prompt does not ask for a particular output format,False,ok,,False,ok,,0.0,ok,,False,ok,,False,ok,,0.999,ok,,0,ok,,True,ok,,0,ok,,0,ok,,0,ok,,6,ok,,False,ok,,False,ok,,False,ok,,0.15,ok,,0.726,ok,,0.5,ok,,0.086,ok,,0.0,ok,,0.58,ok,,10.0,False,False,False,False,False,11,False,10,67.7,14.689754555093456,False
10878,0.0,0,30,philosophy,236,ok,,34,ok,,71,ok,,1,ok,,11,ok,,2,ok,,34.0,ok,,5.47,ok,,17,ok,,0.444,ok,,2.09,ok,,0.064,ok,,0.144,ok,,0.15,ok,,0.0,ok,,23.01,ok,,True,ok,,-9.32,ok,,27.72,ok,,15.23,ok,,16.47,ok,,15,ok,,0.441,ok,,2.06,ok,,13,ok,,0.944,ok,,5.667,ok,,181.44,unreliable,MTLD needs about 50 tokens to stabilise; this prompt has 36,5.06,ok,,4.85,ok,,0.167,ok,,30,ok,,4.73,ok,,1.2,ok,,6,ok,,0.167,ok,,0.267,ok,,0,ok,,3,ok,,which,ok,,,not_applicable,"the prompt has 1 distinct wh-word(s), so there is no second one",1,ok,,1,ok,,1,ok,,False,ok,,True,ok,,False,ok,,False,ok,,,not_applicable,"the prompt gives no command, so there is no task verb (a content verb inside a question does not count)",1,ok,,False,ok,,False,ok,,,not_applicable,the prompt does not state how many items it wants,6,ok,,5,ok,,5,ok,,4,ok,,2,ok,,2,ok,,0,ok,,1,ok,,26,ok,,0,ok,,1,ok,,2,ok,,False,ok,,False,ok,,False,ok,,False,ok,,False,ok,,0,ok,,0,ok,,0,ok,,0,ok,,0,ok,,6,ok,,0.2,ok,,False,ok,,0,ok,,none,not_applicable,the prompt contains no time expression at all,False,ok,,0,ok,,,not_applicable,"the prompt names no year, so there is no earliest year",,not_applicable,"the prompt names no year, so there is no latest year",,not_applicable,"the prompt names no year, so the window has no width; reporting 0 here would look like a single-year constraint",False,ok,,False,ok,,0,ok,,False,ok,,False,ok,,,not_applicable,the prompt is not phrased as a comparison,False,ok,,False,ok,,False,ok,,False,ok,,0,ok,,1,ok,,2,ok,,0,ok,,Fact Retrieval,ok,,3.0,ok,,,not_applicable,no domain lexicon matched this prompt,en,ok,,1.0,ok,,True,ok,,0.0,ok,,0,ok,,0,ok,,False,ok,,0,ok,,0.523,ok,,False,ok,,0,ok,,0.0,ok,,False,ok,,False,ok,,,not_applicable,the prompt does not ask for a particular output format,False,ok,,False,ok,,0.0,ok,,False,ok,,False,ok,,0.996,ok,,0,ok,,False,ok,,0,ok,,0,ok,,0,ok,,0,ok,,False,ok,,False,ok,,False,ok,,0.0,ok,,0.82,ok,,0.083,ok,,0.386,ok,,0.0,ok,,0.231,ok,,10.0,False,False,False,False,False,14,False,10,9.5,3.62859017617954,False
10881,0.06666666666666667,2,30,philosophy,366,ok,,56,ok,,103,ok,,1,ok,,11,ok,,4,ok,,56.0,ok,,5.48,ok,,12,ok,,0.446,ok,,1.84,ok,,0.036,ok,,0.153,ok,,0.071,ok,,0.0,ok,,10.62,ok,,True,ok,,28.93,ok,,17.24,ok,,9.68,ok,,14.91,ok,,20,ok,,0.357,ok,,2.04,ok,,22,ok,,0.786,ok,,5.88,ok,,73.17,ok,,5.19,ok,,4.59,ok,,0.214,ok,,44,ok,,4.8,ok,,1.87,ok,,11,ok,,0.196,ok,,0.341,ok,,0,ok,,4,ok,,which,ok,,,not_applicable,"the prompt has 1 distinct wh-word(s), so there is no second one",1,ok,,1,ok,,1,ok,,False,ok,,True,ok,,False,ok,,False,ok,,,not_applicable,"the prompt gives no command, so there is no task verb (a content verb inside a question does not count)",2,ok,,True,ok,,False,ok,,,not_applicable,the prompt does not state how many items it wants,8,ok,,6,ok,,6,ok,,3,ok,,2,ok,,4,ok,,0,ok,,0,ok,,17,ok,,0,ok,,1,ok,,11,ok,,False,ok,,False,ok,,False,ok,,False,ok,,False,ok,,0,ok,,0,ok,,0,ok,,0,ok,,0,ok,,7,ok,,0.159,ok,,False,ok,,0,ok,,none,not_applicable,the prompt contains no time expression at all,False,ok,,0,ok,,,not_applicable,"the prompt names no year, so there is no earliest year",,not_applicable,"the prompt names no year, so there is no latest year",,not_applicable,"the prompt names no year, so the window has no width; reporting 0 here would look like a single-year constraint",False,ok,,False,ok,,0,ok,,False,ok,,False,ok,,,not_applicable,the prompt is not phrased as a comparison,False,ok,,False,ok,,False,ok,,False,ok,,0,ok,,2,ok,,3,ok,,0,ok,,Fact Retrieval,ok,,1.5,ok,,tech,ok,,en,ok,,1.0,ok,,True,ok,,0.0,ok,,0,ok,,0,ok,,False,ok,,0,ok,,0.635,ok,,False,ok,,0,ok,,0.0,ok,,False,ok,,False,ok,,,not_applicable,the prompt does not ask for a particular output format,False,ok,,False,ok,,0.0,ok,,False,ok,,False,ok,,0.997,ok,,0,ok,,False,ok,,0,ok,,0,ok,,0,ok,,4,ok,,False,ok,,False,ok,,False,ok,,0.0,ok,,0.795,ok,,0.342,ok,,0.394,ok,,0.0,ok,,0.349,ok,,10.0,False,False,False,False,False,23,False,10,19.4,2.796823595120404,False
10914,0.06666666666666667,2,30,philosophy,990,ok,,129,ok,,193,ok,,10,ok,,11,ok,,19,ok,,12.9,ok,,6.41,ok,,19,ok,,0.447,ok,,1.5,ok,,0.026,ok,,0.13,ok,,0.02,ok,,0.0,ok,,17.25,ok,,True,ok,,-7.71,ok,,18.33,ok,,19.22,ok,,14.5,ok,,37,ok,,0.287,ok,,2.34,ok,,44,ok,,0.583,ok,,6.702,ok,,54.76,ok,,5.82,ok,,4.26,ok,,0.326,ok,,89,ok,,4.87,ok,,0.0,ok,,18,ok,,0.136,ok,,0.427,ok,,1,ok,,5,ok,,other,not_applicable,"no interrogative wh-word appears in the prompt, so there is no question word to report",,not_applicable,"the prompt has 0 distinct wh-word(s), so there is no second one",0,ok,,0,ok,,0,ok,,False,ok,,False,ok,,False,ok,,False,ok,,,not_applicable,"the prompt gives no command, so there is no task verb (a content verb inside a question does not count)",0,ok,,False,ok,,False,ok,,,not_applicable,the prompt does not state how many items it wants,6,ok,,8,ok,,8,ok,,2,ok,,7,ok,,1,ok,,0,ok,,0,ok,,16,ok,,0,ok,,0,ok,,0,ok,,False,ok,,False,ok,,False,ok,,False,ok,,False,ok,,0,ok,,0,ok,,0,ok,,0,ok,,0,ok,,8,ok,,0.09,ok,,False,ok,,0,ok,,none,not_applicable,the prompt contains no time expression at all,False,ok,,0,ok,,,not_applicable,"the prompt names no year, so there is no earliest year",,not_applicable,"the prompt names no year, so there is no latest year",,not_applicable,"the prompt names no year, so the window has no width; reporting 0 here would look like a single-year constraint",False,ok,,True,ok,,2,ok,,False,ok,,False,ok,,,not_applicable,the prompt is not phrased as a comparison,True,ok,,False,ok,,False,ok,,False,ok,,0,ok,,1,ok,,2,ok,,1,ok,,Fact Retrieval,ok,,2.0,ok,,,not_applicable,no domain lexicon matched this prompt,en,ok,,1.0,ok,,True,ok,,0.0,ok,,0,ok,,0,ok,,False,ok,,0,ok,,0.601,ok,,False,ok,,1,ok,,0.107,ok,,False,ok,,False,ok,,,not_applicable,the prompt does not ask for a particular output format,False,ok,,False,ok,,0.0,ok,,False,ok,,False,ok,,0.928,ok,,0,ok,,False,ok,,0,ok,,0,ok,,0,ok,,1,ok,,False,ok,,False,ok,,False,ok,,0.0,ok,,0.671,ok,,0.083,ok,,0.319,ok,,0.0,ok,,0.333,ok,,10.0,False,False,False,False,False,5,False,10,91.7,13.904835290086842,False
10932,0.13333333333333333,4,30,philosophy,677,ok,,103,ok,,157,ok,,4,ok,,5,ok,,13,ok,,25.75,ok,,5.06,ok,,13,ok,,0.299,ok,,1.52,ok,,0.059,ok,,0.152,ok,,0.057,ok,,0.006,ok,,12.76,ok,,True,ok,,34.17,ok,,15.8,ok,,12.55,ok,,10.62,ok,,22,ok,,0.214,ok,,1.81,ok,,25,ok,,0.682,ok,,7.057,ok,,80.72,ok,,5.96,ok,,4.62,ok,,0.486,ok,,55,ok,,5.67,ok,,2.1,ok,,3,ok,,0.028,ok,,0.345,ok,,1,ok,,3,ok,,when,ok,,,not_applicable,"the prompt has 1 distinct wh-word(s), so there is no second one",1,ok,,1,ok,,1,ok,,False,ok,,True,ok,,False,ok,,False,ok,,,not_applicable,"the prompt gives no command, so there is no task verb (a content verb inside a question does not count)",1,ok,,False,ok,,False,ok,,,not_applicable,the prompt does not state how many items it wants,8,ok,,6,ok,,8,ok,,4,ok,,2,ok,,0,ok,,4,ok,,0,ok,,19,ok,,0,ok,,3,ok,,30,ok,,False,ok,,False,ok,,False,ok,,False,ok,,False,ok,,0,ok,,1,ok,,0,ok,,0,ok,,0,ok,,10,ok,,0.182,ok,,True,ok,,6,ok,,range,ok,,True,ok,,1,ok,,1979.0,ok,,1979.0,ok,,0.0,ok,,True,ok,,True,ok,,2,ok,,False,ok,,False,ok,,,not_applicable,the prompt is not phrased as a comparison,False,ok,,False,ok,,False,ok,,False,ok,,0,ok,,1,ok,,2,ok,,3,ok,,Fact Retrieval,ok,,1.5,ok,,legal,ok,,en,ok,,1.0,ok,,True,ok,,0.0,ok,,0,ok,,0,ok,,False,ok,,0,ok,,0.284,ok,,False,ok,,0,ok,,0.0,ok,,False,ok,,False,ok,,,not_applicable,the prompt does not ask for a particular output format,False,ok,,False,ok,,0.0,ok,,False,ok,,False,ok,,0.996,ok,,0,ok,,False,ok,,1,ok,,0,ok,,0,ok,,4,ok,,False,ok,,False,ok,,False,ok,,0.075,ok,,0.809,ok,,0.083,ok,,0.196,ok,,0.75,ok,,0.6,ok,,4.0,False,False,False,False,False,92,True,4,16.0,4.08248290463863,False
10952,0.13333333333333333,4,30,philosophy,715,ok,,129,ok,,178,ok,,12,ok,,12,ok,,20,ok,,10.75,ok,,4.48,ok,,15,ok,,0.222,ok,,1.38,ok,,0.039,ok,,0.183,ok,,0.088,ok,,0.0,ok,,6.64,ok,,True,ok,,64.73,ok,,11.18,ok,,6.65,ok,,11.51,ok,,16,ok,,0.124,ok,,1.56,ok,,24,ok,,0.405,ok,,4.543,ok,,21.86,ok,,5.04,ok,,4.48,ok,,0.397,ok,,58,ok,,5.46,ok,,2.04,ok,,10,ok,,0.079,ok,,0.172,ok,,0,ok,,2,ok,,which,ok,,when,ok,,8,ok,,2,ok,,0,ok,,False,ok,,True,ok,,False,ok,,True,ok,,,not_applicable,"the prompt gives no command, so there is no task verb (a content verb inside a question does not count)",0,ok,,False,ok,,False,ok,,,not_applicable,the prompt does not state how many items it wants,5,ok,,7,ok,,7,ok,,2,ok,,3,ok,,4,ok,,0,ok,,0,ok,,39,ok,,0,ok,,0,ok,,0,ok,,False,ok,,False,ok,,False,ok,,False,ok,,False,ok,,0,ok,,0,ok,,0,ok,,0,ok,,0,ok,,7,ok,,0.121,ok,,True,ok,,2,ok,,range,ok,,False,ok,,0,ok,,,not_applicable,"the prompt names no year, so there is no earliest year",,not_applicable,"the prompt names no year, so there is no latest year",,not_applicable,"the prompt names no year, so the window has no width; reporting 0 here would look like a single-year constraint",False,ok,,True,ok,,1,ok,,False,ok,,True,ok,,2.0,ok,,False,ok,,False,ok,,True,ok,,False,ok,,0,ok,,1,ok,,3,ok,,4,ok,,Comparison,ok,,1.5,ok,,,not_applicable,no domain lexicon matched this prompt,en,ok,,1.0,ok,,True,ok,,0.003,ok,,0,ok,,0,ok,,False,ok,,0,ok,,0.701,ok,,False,ok,,0,ok,,0.0,ok,,False,ok,,True,ok,,table,ok,,False,ok,,False,ok,,0.0,ok,,False,ok,,False,ok,,0.994,ok,,0,ok,,True,ok,,0,ok,,0,ok,,1,ok,,4,ok,,False,ok,,False,ok,,False,ok,,0.15,ok,,0.689,ok,,0.417,ok,,0.168,ok,,0.25,ok,,0.553,ok,,9.0,False,False,False,False,False,49,False,9,43.77777777777778,16.200137173630488,False
10970,0.0,0,30,philosophy,213,ok,,35,ok,,78,ok,,2,ok,,11,ok,,1,ok,,17.5,ok,,4.43,ok,,11,ok,,0.229,ok,,2.23,ok,,0.155,ok,,0.164,ok,,0.228,ok,,0.0,ok,,4.13,ok,,True,ok,,72.36,ok,,8.41,ok,,0.62,ok,,11.5,ok,,8,ok,,0.229,ok,,1.54,ok,,6,ok,,0.829,ok,,4.902,ok,,57.17,unreliable,MTLD needs about 50 tokens to stabilise; this prompt has 35,4.71,ok,,4.62,ok,,0.286,ok,,25,ok,,5.32,ok,,1.88,ok,,3,ok,,0.086,ok,,0.2,ok,,0,ok,,3,ok,,what,ok,,,not_applicable,"the prompt has 1 distinct wh-word(s), so there is no second one",1,ok,,1,ok,,1,ok,,False,ok,,True,ok,,False,ok,,False,ok,,,not_applicable,"the prompt gives no command, so there is no task verb (a content verb inside a question does not count)",1,ok,,False,ok,,False,ok,,,not_applicable,the prompt does not state how many items it wants,6,ok,,7,ok,,7,ok,,3,ok,,0,ok,,3,ok,,0,ok,,4,ok,,19,ok,,0,ok,,11,ok,,22,ok,,False,ok,,False,ok,,False,ok,,False,ok,,False,ok,,0,ok,,0,ok,,0,ok,,0,ok,,0,ok,,18,ok,,0.72,ok,,False,ok,,0,ok,,none,not_applicable,the prompt contains no time expression at all,False,ok,,0,ok,,,not_applicable,"the prompt names no year, so there is no earliest year",,not_applicable,"the prompt names no year, so there is no latest year",,not_applicable,"the prompt names no year, so the window has no width; reporting 0 here would look like a single-year constraint",False,ok,,False,ok,,0,ok,,False,ok,,False,ok,,,not_applicable,the prompt is not phrased as a comparison,False,ok,,True,ok,,False,ok,,False,ok,,0,ok,,0,ok,,2,ok,,0,ok,,Definition,ok,,1.0,ok,,,not_applicable,no domain lexicon matched this prompt,en,ok,,1.0,ok,,True,ok,,0.0,ok,,0,ok,,0,ok,,False,ok,,0,ok,,0.578,ok,,False,ok,,0,ok,,0.0,ok,,False,ok,,False,ok,,,not_applicable,the prompt does not ask for a particular output format,False,ok,,False,ok,,0.0,ok,,False,ok,,False,ok,,0.995,ok,,0,ok,,False,ok,,0,ok,,0,ok,,0,ok,,0,ok,,False,ok,,False,ok,,False,ok,,0.0,ok,,1.0,ok,,0.083,ok,,0.296,ok,,0.0,ok,,0.188,ok,,10.0,False,False,False,True,False,4,False,10,14.6,4.168666186896928,False
11011,0.5333333333333333,16,30,philosophy,369,ok,,62,ok,,84,ok,,5,ok,,5,ok,,14,ok,,12.4,ok,,4.62,ok,,12,ok,,0.231,ok,,1.35,ok,,0.038,ok,,0.168,ok,,0.055,ok,,0.0,ok,,6.46,ok,,True,ok,,62.52,ok,,6.97,ok,,7.79,ok,,8.1,ok,,10,ok,,0.161,ok,,1.58,ok,,10,ok,,0.815,ok,,6.574,ok,,98.58,ok,,5.61,ok,,4.39,ok,,0.569,ok,,28,ok,,5.69,ok,,2.47,ok,,2,ok,,0.031,ok,,0.179,ok,,0,ok,,3,ok,,why,ok,,when,ok,,3,ok,,3,ok,,1,ok,,False,ok,,True,ok,,False,ok,,False,ok,,,not_applicable,"the prompt gives no command, so there is no task verb (a content verb inside a question does not count)",1,ok,,False,ok,,False,ok,,,not_applicable,the prompt does not state how many items it wants,6,ok,,0,ok,,0,ok,,0,ok,,0,ok,,0,ok,,0,ok,,0,ok,,8,ok,,0,ok,,1,ok,,19,ok,,False,ok,,False,ok,,False,ok,,False,ok,,False,ok,,0,ok,,0,ok,,0,ok,,0,ok,,0,ok,,1,ok,,0.036,ok,,True,ok,,1,ok,,relative,ok,,False,ok,,0,ok,,,not_applicable,"the prompt names no year, so there is no earliest year",,not_applicable,"the prompt names no year, so there is no latest year",,not_applicable,"the prompt names no year, so the window has no width; reporting 0 here would look like a single-year constraint",False,ok,,True,ok,,2,ok,,False,ok,,False,ok,,,not_applicable,the prompt is not phrased as a comparison,True,ok,,True,ok,,False,ok,,False,ok,,0,ok,,1,ok,,3,ok,,2,ok,,Reasoning,ok,,2.0,ok,,history,ok,,en,ok,,1.0,ok,,True,ok,,0.0,ok,,0,ok,,0,ok,,False,ok,,0,ok,,0.385,ok,,False,ok,,1,ok,,0.192,ok,,False,ok,,False,ok,,,not_applicable,the prompt does not ask for a particular output format,False,ok,,False,ok,,0.0,ok,,False,ok,,False,ok,,0.802,ok,,2,ok,,False,ok,,1,ok,,2,ok,,0,ok,,1,ok,,False,ok,,False,ok,,True,ok,,0.275,ok,,0.247,ok,,0.167,ok,,0.126,ok,,0.25,ok,,0.558,ok,,4.0,False,False,False,False,False,45,False,4,21.0,9.83192080250175,False
11017,0.0,0,30,philosophy,414,ok,,69,ok,,97,ok,,2,ok,,11,ok,,8,ok,,34.5,ok,,4.75,ok,,12,ok,,0.31,ok,,1.41,ok,,0.048,ok,,0.167,ok,,0.04,ok,,0.0,ok,,7.72,ok,,True,ok,,50.89,ok,,9.47,ok,,7.22,ok,,13.33,ok,,22,ok,,0.319,ok,,1.72,ok,,11,ok,,0.704,ok,,5.934,ok,,58.83,ok,,5.36,ok,,4.43,ok,,0.366,ok,,45,ok,,5.52,ok,,3.04,ok,,0,ok,,0.0,ok,,0.111,ok,,0,ok,,2,ok,,other,not_applicable,"no interrogative wh-word appears in the prompt, so there is no question word to report",,not_applicable,"the prompt has 0 distinct wh-word(s), so there is no second one",0,ok,,0,ok,,0,ok,,False,ok,,False,ok,,False,ok,,False,ok,,,not_applicable,"the prompt gives no command, so there is no task verb (a content verb inside a question does not count)",0,ok,,False,ok,,False,ok,,,not_applicable,the prompt does not state how many items it wants,14,ok,,3,ok,,3,ok,,3,ok,,1,ok,,2,ok,,0,ok,,0,ok,,9,ok,,0,ok,,0,ok,,0,ok,,False,ok,,False,ok,,False,ok,,False,ok,,False,ok,,0,ok,,0,ok,,0,ok,,0,ok,,0,ok,,3,ok,,0.067,ok,,False,ok,,0,ok,,none,not_applicable,the prompt contains no time expression at all,False,ok,,0,ok,,,not_applicable,"the prompt names no year, so there is no earliest year",,not_applicable,"the prompt names no year, so there is no latest year",,not_applicable,"the prompt names no year, so the window has no width; reporting 0 here would look like a single-year constraint",False,ok,,False,ok,,0,ok,,True,ok,,True,ok,,1.0,ok,,False,ok,,False,ok,,False,ok,,False,ok,,0,ok,,3,ok,,5,ok,,1,ok,,Comparison,ok,,1.5,ok,,legal,ok,,en,ok,,1.0,ok,,True,ok,,0.0,ok,,0,ok,,0,ok,,False,ok,,0,ok,,0.565,ok,,False,ok,,1,ok,,0.855,ok,,False,ok,,False,ok,,,not_applicable,the prompt does not ask for a particular output format,False,ok,,False,ok,,0.0,ok,,True,ok,,False,ok,,0.915,ok,,0,ok,,False,ok,,0,ok,,0,ok,,0,ok,,3,ok,,False,ok,,False,ok,,False,ok,,0.0,ok,,0.74,ok,,0.5,ok,,0.088,ok,,0.0,ok,,0.426,ok,,10.0,False,False,False,False,False,9,False,10,31.5,4.169998667732268,False
11042,0.3666666666666667,11,30,philosophy,679,ok,,115,ok,,144,ok,,6,ok,,11,ok,,23,ok,,19.17,ok,,4.78,ok,,14,ok,,0.259,ok,,1.25,ok,,0.028,ok,,0.169,ok,,0.035,ok,,0.0,ok,,6.55,ok,,True,ok,,66.75,ok,,9.05,ok,,8.86,ok,,8.82,ok,,17,ok,,0.148,ok,,1.53,ok,,14,ok,,0.431,ok,,4.642,ok,,25.93,ok,,5.0,ok,,4.3,ok,,0.466,ok,,61,ok,,5.65,ok,,2.5,ok,,1,ok,,0.009,ok,,0.131,ok,,0,ok,,2,ok,,when,ok,,,not_applicable,"the prompt has 1 distinct wh-word(s), so there is no second one",2,ok,,1,ok,,0,ok,,False,ok,,True,ok,,False,ok,,True,ok,,,not_applicable,"the prompt gives no command, so there is no task verb (a content verb inside a question does not count)",0,ok,,False,ok,,False,ok,,,not_applicable,the prompt does not state how many items it wants,7,ok,,3,ok,,3,ok,,3,ok,,1,ok,,2,ok,,0,ok,,0,ok,,10,ok,,0,ok,,0,ok,,0,ok,,False,ok,,False,ok,,False,ok,,False,ok,,False,ok,,0,ok,,0,ok,,0,ok,,0,ok,,0,ok,,3,ok,,0.049,ok,,False,ok,,0,ok,,none,not_applicable,the prompt contains no time expression at all,False,ok,,0,ok,,,not_applicable,"the prompt names no year, so there is no earliest year",,not_applicable,"the prompt names no year, so there is no latest year",,not_applicable,"the prompt names no year, so the window has no width; reporting 0 here would look like a single-year constraint",False,ok,,True,ok,,7,ok,,False,ok,,False,ok,,,not_applicable,the prompt is not phrased as a comparison,True,ok,,False,ok,,False,ok,,False,ok,,0,ok,,1,ok,,2,ok,,2,ok,,Fact Retrieval,ok,,1.5,ok,,,not_applicable,no domain lexicon matched this prompt,en,ok,,1.0,ok,,True,ok,,0.0,ok,,0,ok,,0,ok,,False,ok,,0,ok,,0.717,ok,,False,ok,,0,ok,,0.0,ok,,False,ok,,False,ok,,,not_applicable,the prompt does not ask for a particular output format,True,ok,,False,ok,,0.0,ok,,False,ok,,False,ok,,0.999,ok,,0,ok,,False,ok,,0,ok,,0,ok,,0,ok,,0,ok,,False,ok,,False,ok,,False,ok,,0.0,ok,,0.729,ok,,0.083,ok,,0.08,ok,,0.0,ok,,0.221,ok,,10.0,False,False,False,False,False,5,False,10,59.7,4.547282460742656,False
11104,0.0,0,30,philosophy,185,ok,,29,ok,,51,ok,,4,ok,,5,ok,,5,ok,,7.25,ok,,5.17,ok,,12,ok,,0.414,ok,,1.76,ok,,0.054,ok,,0.157,ok,,0.103,ok,,0.0,ok,,9.05,ok,,True,ok,,40.5,ok,,16.11,ok,,8.3,ok,,13.18,ok,,8,ok,,0.276,ok,,1.9,ok,,10,ok,,0.828,ok,,4.457,ok,,38.05,unreliable,MTLD needs about 50 tokens to stabilise; this prompt has 29,4.51,ok,,4.58,ok,,0.31,ok,,20,ok,,5.14,ok,,2.29,ok,,4,ok,,0.138,ok,,0.3,ok,,0,ok,,3,ok,,other,not_applicable,"no interrogative wh-word appears in the prompt, so there is no question word to report",,not_applicable,"the prompt has 0 distinct wh-word(s), so there is no second one",0,ok,,0,ok,,0,ok,,False,ok,,False,ok,,False,ok,,False,ok,,,not_applicable,"the prompt gives no command, so there is no task verb (a content verb inside a question does not count)",0,ok,,False,ok,,False,ok,,,not_applicable,the prompt does not state how many items it wants,5,ok,,2,ok,,2,ok,,2,ok,,1,ok,,1,ok,,0,ok,,0,ok,,13,ok,,0,ok,,0,ok,,0,ok,,False,ok,,False,ok,,False,ok,,False,ok,,False,ok,,0,ok,,0,ok,,0,ok,,0,ok,,0,ok,,2,ok,,0.1,ok,,False,ok,,0,ok,,none,not_applicable,the prompt contains no time expression at all,False,ok,,0,ok,,,not_applicable,"the prompt names no year, so there is no earliest year",,not_applicable,"the prompt names no year, so there is no latest year",,not_applicable,"the prompt names no year, so the window has no width; reporting 0 here would look like a single-year constraint",False,ok,,False,ok,,0,ok,,False,ok,,False,ok,,,not_applicable,the prompt is not phrased as a comparison,True,ok,,False,ok,,False,ok,,False,ok,,0,ok,,1,ok,,2,ok,,0,ok,,Reasoning,ok,,1.0,ok,,history,ok,,en,ok,,1.0,ok,,True,ok,,0.0,ok,,0,ok,,0,ok,,False,ok,,0,ok,,0.333,ok,,False,ok,,0,ok,,0.0,ok,,False,ok,,False,ok,,,not_applicable,the prompt does not ask for a particular output format,False,ok,,False,ok,,0.0,ok,,False,ok,,False,ok,,0.995,ok,,0,ok,,False,ok,,1,ok,,0,ok,,0,ok,,0,ok,,False,ok,,False,ok,,False,ok,,0.075,ok,,0.677,ok,,0.083,ok,,0.306,ok,,0.0,ok,,0.247,ok,,4.0,False,False,False,False,False,14,False,4,20.5,8.888194417315589,False
11137,0.3,9,30,philosophy,264,ok,,39,ok,,76,ok,,1,ok,,11,ok,,2,ok,,39.0,ok,,5.58,ok,,14,ok,,0.375,ok,,1.95,ok,,0.045,ok,,0.148,ok,,0.122,ok,,0.0,ok,,11.66,ok,,True,ok,,25.38,ok,,17.48,ok,,12.08,ok,,14.95,ok,,14,ok,,0.359,ok,,2.02,ok,,15,ok,,0.975,ok,,6.166,ok,,448.0,unreliable,MTLD needs about 50 tokens to stabilise; this prompt has 40,5.27,ok,,4.69,ok,,0.2,ok,,32,ok,,4.73,ok,,1.06,ok,,8,ok,,0.2,ok,,0.406,ok,,0,ok,,5,ok,,who,ok,,which,ok,,2,ok,,2,ok,,1,ok,,False,ok,,True,ok,,False,ok,,False,ok,,,not_applicable,"the prompt gives no command, so there is no task verb (a content verb inside a question does not count)",2,ok,,True,ok,,False,ok,,,not_applicable,the prompt does not state how many items it wants,6,ok,,4,ok,,4,ok,,2,ok,,3,ok,,1,ok,,0,ok,,0,ok,,25,ok,,0,ok,,0,ok,,0,ok,,False,ok,,False,ok,,False,ok,,False,ok,,False,ok,,0,ok,,0,ok,,0,ok,,0,ok,,0,ok,,4,ok,,0.125,ok,,True,ok,,1,ok,,relative,ok,,False,ok,,0,ok,,,not_applicable,"the prompt names no year, so there is no earliest year",,not_applicable,"the prompt names no year, so there is no latest year",,not_applicable,"the prompt names no year, so the window has no width; reporting 0 here would look like a single-year constraint",False,ok,,False,ok,,0,ok,,False,ok,,False,ok,,,not_applicable,the prompt is not phrased as a comparison,False,ok,,False,ok,,False,ok,,False,ok,,0,ok,,2,ok,,3,ok,,1,ok,,Fact Retrieval,ok,,1.5,ok,,,not_applicable,no domain lexicon matched this prompt,en,ok,,1.0,ok,,True,ok,,0.0,ok,,0,ok,,0,ok,,False,ok,,0,ok,,0.511,ok,,False,ok,,0,ok,,0.0,ok,,False,ok,,False,ok,,,not_applicable,the prompt does not ask for a particular output format,False,ok,,False,ok,,0.0,ok,,False,ok,,False,ok,,0.996,ok,,0,ok,,True,ok,,0,ok,,0,ok,,0,ok,,1,ok,,False,ok,,False,ok,,False,ok,,0.15,ok,,0.692,ok,,0.342,ok,,0.437,ok,,0.25,ok,,0.527,ok,,10.0,False,False,False,False,False,15,False,10,11.7,4.3982319680121975,False
11192,0.0,0,30,philosophy,212,ok,,43,ok,,99,ok,,2,ok,,9,ok,,5,ok,,21.5,ok,,4.09,ok,,11,ok,,0.086,ok,,2.3,ok,,0.198,ok,,0.203,ok,,0.234,ok,,0.0,ok,,1.29,ok,,True,ok,,93.62,ok,,5.18,ok,,-4.17,ok,,14.68,ok,,5,ok,,0.116,ok,,1.29,ok,,3,ok,,0.657,ok,,3.888,ok,,18.0,unreliable,MTLD needs about 50 tokens to stabilise; this prompt has 35,4.21,ok,,4.45,ok,,0.114,ok,,31,ok,,4.39,ok,,2.85,ok,,1,ok,,0.029,ok,,0.581,ok,,0,ok,,4,ok,,other,not_applicable,"no interrogative wh-word appears in the prompt, so there is no question word to report",,not_applicable,"the prompt has 0 distinct wh-word(s), so there is no second one",0,ok,,0,ok,,0,ok,,False,ok,,False,ok,,False,ok,,False,ok,,,not_applicable,"the prompt gives no command, so there is no task verb (a content verb inside a question does not count)",0,ok,,False,ok,,True,ok,,,not_applicable,the prompt does not state how many items it wants,8,ok,,1,ok,,1,ok,,1,ok,,0,ok,,1,ok,,0,ok,,0,ok,,20,ok,,0,ok,,0,ok,,0,ok,,False,ok,,False,ok,,False,ok,,False,ok,,False,ok,,0,ok,,0,ok,,0,ok,,0,ok,,0,ok,,1,ok,,0.032,ok,,False,ok,,0,ok,,none,not_applicable,the prompt contains no time expression at all,False,ok,,0,ok,,,not_applicable,"the prompt names no year, so there is no earliest year",,not_applicable,"the prompt names no year, so there is no latest year",,not_applicable,"the prompt names no year, so the window has no width; reporting 0 here would look like a single-year constraint",False,ok,,False,ok,,0,ok,,False,ok,,False,ok,,,not_applicable,the prompt is not phrased as a comparison,False,ok,,False,ok,,False,ok,,False,ok,,0,ok,,1,ok,,2,ok,,0,ok,,Translation,ok,,2.0,ok,,,not_applicable,no domain lexicon matched this prompt,en,ok,,1.0,ok,,True,ok,,0.075,ok,,0,ok,,0,ok,,False,ok,,0,ok,,0.788,ok,,False,ok,,0,ok,,0.0,ok,,False,ok,,False,ok,,,not_applicable,the prompt does not ask for a particular output format,False,ok,,False,ok,,0.0,ok,,False,ok,,False,ok,,0.995,ok,,0,ok,,False,ok,,0,ok,,0,ok,,0,ok,,1,ok,,False,ok,,False,ok,,False,ok,,0.0,ok,,0.328,ok,,0.083,ok,,0.396,ok,,0.0,ok,,0.236,ok,,8.0,False,False,False,False,False,11,False,8,13.0,0.0,False
11210,0.03333333333333333,1,30,philosophy,637,ok,,101,ok,,124,ok,,10,ok,,11,ok,,18,ok,,10.1,ok,,5.14,ok,,12,ok,,0.275,ok,,1.23,ok,,0.035,ok,,0.159,ok,,0.021,ok,,0.0,ok,,9.25,ok,,True,ok,,45.07,ok,,11.99,ok,,10.49,ok,,11.6,ok,,30,ok,,0.297,ok,,1.77,ok,,20,ok,,0.696,ok,,7.03,ok,,79.01,ok,,5.91,ok,,4.37,ok,,0.431,ok,,58,ok,,5.58,ok,,2.26,ok,,1,ok,,0.01,ok,,0.207,ok,,0,ok,,2,ok,,who,ok,,,not_applicable,"the prompt has 1 distinct wh-word(s), so there is no second one",1,ok,,1,ok,,0,ok,,False,ok,,True,ok,,False,ok,,False,ok,,,not_applicable,"the prompt gives no command, so there is no task verb (a content verb inside a question does not count)",0,ok,,False,ok,,False,ok,,,not_applicable,the prompt does not state how many items it wants,7,ok,,4,ok,,4,ok,,3,ok,,2,ok,,2,ok,,0,ok,,0,ok,,11,ok,,0,ok,,0,ok,,0,ok,,False,ok,,False,ok,,False,ok,,False,ok,,False,ok,,0,ok,,0,ok,,0,ok,,0,ok,,0,ok,,4,ok,,0.069,ok,,False,ok,,0,ok,,none,not_applicable,the prompt contains no time expression at all,False,ok,,0,ok,,,not_applicable,"the prompt names no year, so there is no earliest year",,not_applicable,"the prompt names no year, so there is no latest year",,not_applicable,"the prompt names no year, so the window has no width; reporting 0 here would look like a single-year constraint",False,ok,,False,ok,,0,ok,,False,ok,,True,ok,,2.0,ok,,False,ok,,False,ok,,False,ok,,False,ok,,0,ok,,1,ok,,3,ok,,0,ok,,Comparison,ok,,1.5,ok,,,not_applicable,no domain lexicon matched this prompt,en,ok,,1.0,ok,,True,ok,,0.0,ok,,0,ok,,0,ok,,False,ok,,0,ok,,0.532,ok,,False,ok,,0,ok,,0.0,ok,,False,ok,,False,ok,,,not_applicable,the prompt does not ask for a particular output format,False,ok,,False,ok,,0.0,ok,,False,ok,,False,ok,,0.998,ok,,0,ok,,False,ok,,0,ok,,0,ok,,0,ok,,7,ok,,False,ok,,False,ok,,False,ok,,0.0,ok,,0.741,ok,,0.417,ok,,0.101,ok,,0.0,ok,,0.269,ok,,10.0,False,False,False,False,False,6,False,10,55.8,12.090400232323898,False
11239,0.0,0,30,philosophy,218,ok,,32,ok,,64,ok,,1,ok,,11,ok,,2,ok,,32.0,ok,,5.55,ok,,14,ok,,0.364,ok,,2.0,ok,,0.06,ok,,0.147,ok,,0.121,ok,,0.0,ok,,18.65,ok,,True,ok,,18.37,ok,,24.05,ok,,14.63,ok,,15.59,ok,,12,ok,,0.375,ok,,1.79,ok,,9,ok,,0.97,ok,,5.57,ok,,304.92,unreliable,MTLD needs about 50 tokens to stabilise; this prompt has 33,4.98,ok,,4.71,ok,,0.182,ok,,27,ok,,4.97,ok,,1.03,ok,,5,ok,,0.152,ok,,0.333,ok,,0,ok,,4,ok,,which,ok,,,not_applicable,"the prompt has 1 distinct wh-word(s), so there is no second one",2,ok,,1,ok,,1,ok,,False,ok,,True,ok,,False,ok,,False,ok,,,not_applicable,"the prompt gives no command, so there is no task verb (a content verb inside a question does not count)",1,ok,,False,ok,,False,ok,,,not_applicable,the prompt does not state how many items it wants,7,ok,,4,ok,,4,ok,,3,ok,,2,ok,,2,ok,,0,ok,,0,ok,,22,ok,,0,ok,,0,ok,,0,ok,,False,ok,,False,ok,,False,ok,,False,ok,,False,ok,,0,ok,,0,ok,,0,ok,,0,ok,,0,ok,,4,ok,,0.148,ok,,True,ok,,1,ok,,relative,ok,,False,ok,,0,ok,,,not_applicable,"the prompt names no year, so there is no earliest year",,not_applicable,"the prompt names no year, so there is no latest year",,not_applicable,"the prompt names no year, so the window has no width; reporting 0 here would look like a single-year constraint",False,ok,,False,ok,,0,ok,,False,ok,,False,ok,,,not_applicable,the prompt is not phrased as a comparison,False,ok,,False,ok,,False,ok,,False,ok,,0,ok,,1,ok,,2,ok,,1,ok,,Fact Retrieval,ok,,1.5,ok,,,not_applicable,no domain lexicon matched this prompt,en,ok,,1.0,ok,,True,ok,,0.0,ok,,0,ok,,0,ok,,False,ok,,0,ok,,0.451,ok,,False,ok,,0,ok,,0.0,ok,,False,ok,,False,ok,,,not_applicable,the prompt does not ask for a particular output format,False,ok,,False,ok,,0.0,ok,,False,ok,,False,ok,,0.995,ok,,0,ok,,True,ok,,0,ok,,0,ok,,0,ok,,1,ok,,False,ok,,False,ok,,False,ok,,0.15,ok,,0.789,ok,,0.083,ok,,0.362,ok,,0.25,ok,,0.418,ok,,10.0,False,False,False,False,False,12,False,10,10.5,2.273030282830976,False
11245,0.06666666666666667,2,30,philosophy,379,ok,,68,ok,,89,ok,,1,ok,,11,ok,,2,ok,,68.0,ok,,4.56,ok,,15,ok,,0.206,ok,,1.31,ok,,0.029,ok,,0.179,ok,,0.24,ok,,0.0,ok,,5.22,ok,,True,ok,,68.68,ok,,10.12,ok,,5.0,ok,,12.07,ok,,5,ok,,0.074,ok,,1.56,ok,,13,ok,,0.544,ok,,4.487,ok,,20.85,ok,,4.68,ok,,4.6,ok,,0.206,ok,,54,ok,,5.11,ok,,2.73,ok,,1,ok,,0.015,ok,,0.222,ok,,0,ok,,2,ok,,when,ok,,who,ok,,2,ok,,2,ok,,1,ok,,False,ok,,True,ok,,False,ok,,False,ok,,,not_applicable,"the prompt gives no command, so there is no task verb (a content verb inside a question does not count)",2,ok,,True,ok,,False,ok,,,not_applicable,the prompt does not state how many items it wants,11,ok,,5,ok,,5,ok,,3,ok,,1,ok,,4,ok,,0,ok,,0,ok,,46,ok,,10,ok,,0,ok,,0,ok,,False,ok,,False,ok,,False,ok,,False,ok,,False,ok,,0,ok,,0,ok,,0,ok,,0,ok,,0,ok,,15,ok,,0.278,ok,,False,ok,,0,ok,,none,not_applicable,the prompt contains no time expression at all,False,ok,,0,ok,,,not_applicable,"the prompt names no year, so there is no earliest year",,not_applicable,"the prompt names no year, so there is no latest year",,not_applicable,"the prompt names no year, so the window has no width; reporting 0 here would look like a single-year constraint",False,ok,,False,ok,,0,ok,,False,ok,,False,ok,,,not_applicable,the prompt is not phrased as a comparison,False,ok,,False,ok,,False,ok,,False,ok,,0,ok,,2,ok,,3,ok,,0,ok,,Fact Retrieval,ok,,3.0,ok,,history,ok,,en,ok,,1.0,ok,,True,ok,,0.0,ok,,0,ok,,0,ok,,False,ok,,0,ok,,0.753,ok,,False,ok,,0,ok,,0.0,ok,,False,ok,,False,ok,,,not_applicable,the prompt does not ask for a particular output format,False,ok,,False,ok,,0.0,ok,,False,ok,,False,ok,,0.997,ok,,0,ok,,False,ok,,0,ok,,0,ok,,0,ok,,2,ok,,False,ok,,False,ok,,False,ok,,0.0,ok,,0.867,ok,,0.342,ok,,0.12,ok,,0.0,ok,,0.238,ok,,10.0,False,False,False,False,False,16,False,10,23.9,2.183269719175042,False
11274,0.0,0,30,philosophy,142,ok,,23,ok,,38,ok,,2,ok,,5,ok,,1,ok,,11.5,ok,,5.04,ok,,12,ok,,0.348,ok,,1.65,ok,,0.049,ok,,0.162,ok,,0.116,ok,,0.0,ok,,8.78,ok,,True,ok,,40.32,ok,,14.01,ok,,6.01,ok,,11.42,ok,,6,ok,,0.261,ok,,1.91,ok,,8,ok,,0.826,ok,,3.962,ok,,37.03,unreliable,MTLD needs about 50 tokens to stabilise; this prompt has 23,4.18,ok,,4.57,ok,,0.304,ok,,16,ok,,5.47,ok,,3.21,ok,,0,ok,,0.0,ok,,0.312,ok,,0,ok,,2,ok,,other,not_applicable,"no interrogative wh-word appears in the prompt, so there is no question word to report",,not_applicable,"the prompt has 0 distinct wh-word(s), so there is no second one",0,ok,,0,ok,,0,ok,,False,ok,,False,ok,,False,ok,,False,ok,,,not_applicable,"the prompt gives no command, so there is no task verb (a content verb inside a question does not count)",0,ok,,False,ok,,False,ok,,,not_applicable,the prompt does not state how many items it wants,5,ok,,0,ok,,0,ok,,0,ok,,0,ok,,0,ok,,0,ok,,0,ok,,12,ok,,0,ok,,0,ok,,0,ok,,False,ok,,False,ok,,False,ok,,False,ok,,False,ok,,0,ok,,0,ok,,0,ok,,0,ok,,0,ok,,0,ok,,0.0,ok,,False,ok,,0,ok,,none,not_applicable,the prompt contains no time expression at all,False,ok,,0,ok,,,not_applicable,"the prompt names no year, so there is no earliest year",,not_applicable,"the prompt names no year, so there is no latest year",,not_applicable,"the prompt names no year, so the window has no width; reporting 0 here would look like a single-year constraint",False,ok,,False,ok,,0,ok,,False,ok,,False,ok,,,not_applicable,the prompt is not phrased as a comparison,True,ok,,False,ok,,False,ok,,False,ok,,0,ok,,2,ok,,3,ok,,0,ok,,Reasoning,ok,,1.0,ok,,,not_applicable,no domain lexicon matched this prompt,en,ok,,1.0,ok,,True,ok,,0.0,ok,,0,ok,,0,ok,,False,ok,,0,ok,,0.576,ok,,False,ok,,0,ok,,0.0,ok,,False,ok,,False,ok,,,not_applicable,the prompt does not ask for a particular output format,False,ok,,False,ok,,0.0,ok,,False,ok,,False,ok,,0.993,ok,,0,ok,,False,ok,,0,ok,,0,ok,,0,ok,,1,ok,,False,ok,,True,ok,,False,ok,,0.35,ok,,0.0,ok,,0.167,ok,,0.18,ok,,0.0,ok,,0.435,ok,,4.0,False,False,False,False,False,9,False,4,19.75,1.707825127659933,False
11315,0.3666666666666667,11,30,engineering,318,ok,,57,ok,,120,ok,,2,ok,,11,ok,,1,ok,,28.5,ok,,3.96,ok,,13,ok,,0.074,ok,,2.11,ok,,0.088,ok,,0.179,ok,,0.056,ok,,0.11,ok,,5.35,ok,,True,ok,,66.7,ok,,11.53,ok,,3.25,ok,,15.19,ok,,8,ok,,0.14,ok,,1.43,ok,,3,ok,,0.574,ok,,4.219,ok,,11.6,ok,,4.29,ok,,4.7,ok,,0.148,ok,,46,ok,,4.52,ok,,0.0,ok,,4,ok,,0.074,ok,,0.13,ok,,3,ok,,5,ok,,other,not_applicable,"no interrogative wh-word appears in the prompt, so there is no question word to report",,not_applicable,"the prompt has 0 distinct wh-word(s), so there is no second one",0,ok,,0,ok,,0,ok,,False,ok,,False,ok,,False,ok,,True,ok,,find,ok,,1,ok,,False,ok,,False,ok,,,not_applicable,the prompt does not state how many items it wants,7,ok,,1,ok,,8,ok,,3,ok,,0,ok,,1,ok,,0,ok,,0,ok,,22,ok,,0,ok,,0,ok,,0,ok,,False,ok,,False,ok,,False,ok,,False,ok,,True,ok,,0,ok,,12,ok,,0,ok,,0,ok,,2,ok,,13,ok,,0.283,ok,,True,ok,,1,ok,,absolute,ok,,False,ok,,1,ok,,1000.0,ok,,1000.0,ok,,0.0,ok,,False,ok,,False,ok,,0,ok,,False,ok,,False,ok,,,not_applicable,the prompt is not phrased as a comparison,False,ok,,False,ok,,True,ok,,False,ok,,0,ok,,1,ok,,2,ok,,4,ok,,Math,ok,,2.0,ok,,,not_applicable,no domain lexicon matched this prompt,en,ok,,0.86,ok,,True,ok,,0.0,ok,,0,ok,,0,ok,,False,ok,,0,ok,,0.793,ok,,False,ok,,0,ok,,0.0,ok,,False,ok,,False,ok,,,not_applicable,the prompt does not ask for a particular output format,False,ok,,False,ok,,0.0,ok,,False,ok,,False,ok,,0.997,ok,,0,ok,,False,ok,,0,ok,,0,ok,,0,ok,,1,ok,,False,ok,,False,ok,,False,ok,,0.0,ok,,0.87,ok,,0.083,ok,,0.287,ok,,0.25,ok,,0.296,ok,,10.0,False,False,False,False,False,27,False,10,12.1,0.3162277660168379,False
11352,0.03333333333333333,1,30,engineering,245,ok,,59,ok,,113,ok,,2,ok,,11,ok,,2,ok,,29.5,ok,,3.59,ok,,10,ok,,0.043,ok,,1.92,ok,,0.09,ok,,0.241,ok,,0.08,ok,,0.106,ok,,0.28,ok,,True,ok,,102.31,ok,,4.39,ok,,-3.2,ok,,15.43,ok,,5,ok,,0.085,ok,,1.2,ok,,3,ok,,0.717,ok,,4.866,ok,,31.68,unreliable,MTLD needs about 50 tokens to stabilise; this prompt has 46,4.57,ok,,4.54,ok,,0.174,ok,,38,ok,,4.07,ok,,0.0,ok,,19,ok,,0.413,ok,,0.579,ok,,6,ok,,3,ok,,other,not_applicable,"no interrogative wh-word appears in the prompt, so there is no question word to report",,not_applicable,"the prompt has 0 distinct wh-word(s), so there is no second one",0,ok,,0,ok,,0,ok,,False,ok,,False,ok,,False,ok,,True,ok,,find,ok,,1,ok,,False,ok,,False,ok,,,not_applicable,the prompt does not state how many items it wants,10,ok,,4,ok,,7,ok,,4,ok,,1,ok,,2,ok,,1,ok,,0,ok,,14,ok,,0,ok,,0,ok,,0,ok,,False,ok,,False,ok,,False,ok,,False,ok,,False,ok,,6,ok,,6,ok,,0,ok,,0,ok,,0,ok,,16,ok,,0.421,ok,,False,ok,,0,ok,,none,not_applicable,the prompt contains no time expression at all,False,ok,,0,ok,,,not_applicable,"the prompt names no year, so there is no earliest year",,not_applicable,"the prompt names no year, so there is no latest year",,not_applicable,"the prompt names no year, so the window has no width; reporting 0 here would look like a single-year constraint",False,ok,,False,ok,,0,ok,,False,ok,,False,ok,,,not_applicable,the prompt is not phrased as a comparison,False,ok,,False,ok,,False,ok,,False,ok,,0,ok,,3,ok,,4,ok,,1,ok,,Fact Retrieval,ok,,0.5,ok,,,not_applicable,no domain lexicon matched this prompt,en,ok,,1.0,ok,,True,ok,,0.0,ok,,0,ok,,0,ok,,False,ok,,0,ok,,0.779,ok,,False,ok,,0,ok,,0.0,ok,,False,ok,,False,ok,,,not_applicable,the prompt does not ask for a particular output format,False,ok,,False,ok,,0.0,ok,,False,ok,,False,ok,,0.996,ok,,0,ok,,False,ok,,0,ok,,0,ok,,0,ok,,1,ok,,False,ok,,False,ok,,False,ok,,0.0,ok,,0.953,ok,,0.25,ok,,0.597,ok,,0.0,ok,,0.396,ok,,10.0,False,False,False,False,False,24,False,10,8.8,1.6865480854231356,False
11355,0.26666666666666666,8,30,engineering,781,ok,,97,ok,,325,ok,,7,ok,,11,ok,,8,ok,,13.86,ok,,8.59,ok,,41,ok,,0.563,ok,,3.35,ok,,0.296,ok,,0.128,ok,,0.095,ok,,0.012,ok,,7.2,ok,,True,ok,,54.91,ok,,7.65,ok,,18.09,ok,,16.86,ok,,18,ok,,0.186,ok,,1.72,ok,,9,ok,,0.62,ok,,5.222,ok,,23.67,ok,,5.09,ok,,4.79,ok,,0.127,ok,,58,ok,,3.23,ok,,0.0,ok,,31,ok,,0.437,ok,,0.655,ok,,25,ok,,19,ok,,other,not_applicable,"no interrogative wh-word appears in the prompt, so there is no question word to report",,not_applicable,"the prompt has 0 distinct wh-word(s), so there is no second one",0,ok,,0,ok,,0,ok,,False,ok,,False,ok,,False,ok,,False,ok,,,not_applicable,"the prompt gives no command, so there is no task verb (a content verb inside a question does not count)",0,ok,,False,ok,,False,ok,,,not_applicable,the prompt does not state how many items it wants,7,ok,,7,ok,,7,ok,,1,ok,,7,ok,,0,ok,,0,ok,,0,ok,,41,ok,,0,ok,,0,ok,,0,ok,,False,ok,,False,ok,,False,ok,,True,ok,,False,ok,,0,ok,,9,ok,,0,ok,,0,ok,,0,ok,,16,ok,,0.276,ok,,False,ok,,0,ok,,none,not_applicable,the prompt contains no time expression at all,False,ok,,0,ok,,,not_applicable,"the prompt names no year, so there is no earliest year",,not_applicable,"the prompt names no year, so there is no latest year",,not_applicable,"the prompt names no year, so the window has no width; reporting 0 here would look like a single-year constraint",False,ok,,False,ok,,0,ok,,False,ok,,False,ok,,,not_applicable,the prompt is not phrased as a comparison,False,ok,,False,ok,,False,ok,,False,ok,,0,ok,,1,ok,,2,ok,,1,ok,,Coding,ok,,2.0,ok,,,not_applicable,no domain lexicon matched this prompt,en,ok,,1.0,ok,,True,ok,,0.0,ok,,0,ok,,0,ok,,False,ok,,0,ok,,0.871,ok,,False,ok,,0,ok,,0.0,ok,,False,ok,,False,ok,,,not_applicable,the prompt does not ask for a particular output format,False,ok,,False,ok,,0.0,ok,,False,ok,,False,ok,,0.999,ok,,0,ok,,False,ok,,0,ok,,0,ok,,0,ok,,2,ok,,False,ok,,False,ok,,False,ok,,0.0,ok,,0.699,ok,,0.083,ok,,0.742,ok,,0.0,ok,,0.4,ok,,10.0,False,False,False,False,False,28,False,10,53.7,6.815831244650616,False
11361,0.26666666666666666,8,30,engineering,124,ok,,29,ok,,63,ok,,9,ok,,11,ok,,1,ok,,3.22,ok,,3.39,ok,,15,ok,,0.056,ok,,2.17,ok,,0.161,ok,,0.234,ok,,0.216,ok,,0.194,ok,,9.96,ok,,True,ok,,75.3,ok,,12.98,ok,,-1.82,ok,,17.05,ok,,2,ok,,0.069,ok,,1.33,ok,,1,ok,,1.0,ok,,4.243,ok,,18.0,unreliable,MTLD needs about 50 tokens to stabilise; this prompt has 18,4.17,ok,,4.5,ok,,0.222,ok,,14,ok,,5.64,ok,,2.54,ok,,1,ok,,0.056,ok,,0.071,ok,,0,ok,,2,ok,,other,not_applicable,"no interrogative wh-word appears in the prompt, so there is no question word to report",,not_applicable,"the prompt has 0 distinct wh-word(s), so there is no second one",0,ok,,0,ok,,0,ok,,False,ok,,False,ok,,False,ok,,False,ok,,,not_applicable,"the prompt gives no command, so there is no task verb (a content verb inside a question does not count)",0,ok,,False,ok,,False,ok,,,not_applicable,the prompt does not state how many items it wants,5,ok,,2,ok,,10,ok,,3,ok,,0,ok,,1,ok,,0,ok,,1,ok,,9,ok,,0,ok,,0,ok,,0,ok,,False,ok,,False,ok,,False,ok,,False,ok,,False,ok,,0,ok,,11,ok,,0,ok,,0,ok,,0,ok,,13,ok,,0.929,ok,,False,ok,,0,ok,,none,not_applicable,the prompt contains no time expression at all,False,ok,,0,ok,,,not_applicable,"the prompt names no year, so there is no earliest year",,not_applicable,"the prompt names no year, so there is no latest year",,not_applicable,"the prompt names no year, so the window has no width; reporting 0 here would look like a single-year constraint",False,ok,,False,ok,,0,ok,,False,ok,,False,ok,,,not_applicable,the prompt is not phrased as a comparison,False,ok,,True,ok,,False,ok,,False,ok,,0,ok,,1,ok,,3,ok,,1,ok,,Fact Retrieval,ok,,0.5,ok,,,not_applicable,no domain lexicon matched this prompt,en,ok,,1.0,ok,,True,ok,,0.0,ok,,0,ok,,0,ok,,False,ok,,0,ok,,0.612,ok,,False,ok,,1,ok,,0.492,ok,,False,ok,,False,ok,,,not_applicable,the prompt does not ask for a particular output format,False,ok,,False,ok,,0.0,ok,,False,ok,,False,ok,,0.556,ok,,0,ok,,False,ok,,0,ok,,0,ok,,0,ok,,1,ok,,False,ok,,False,ok,,False,ok,,0.0,ok,,1.0,ok,,0.167,ok,,0.224,ok,,0.0,ok,,0.301,ok,,10.0,False,False,False,False,False,9,False,10,3.0,0.0,False
11373,0.7333333333333334,22,30,engineering,1102,ok,,163,ok,,318,ok,,7,ok,,11,ok,,8,ok,,23.29,ok,,5.04,ok,,21,ok,,0.344,ok,,1.95,ok,,0.045,ok,,0.148,ok,,0.064,ok,,0.093,ok,,6.37,ok,,True,ok,,66.15,ok,,6.76,ok,,12.81,ok,,14.47,ok,,24,ok,,0.147,ok,,1.55,ok,,12,ok,,0.412,ok,,5.218,ok,,15.41,ok,,4.91,ok,,4.76,ok,,0.306,ok,,91,ok,,5.05,ok,,0.0,ok,,17,ok,,0.106,ok,,0.22,ok,,14,ok,,8,ok,,other,not_applicable,"no interrogative wh-word appears in the prompt, so there is no question word to report",,not_applicable,"the prompt has 0 distinct wh-word(s), so there is no second one",0,ok,,0,ok,,0,ok,,False,ok,,False,ok,,False,ok,,True,ok,,calculate,ok,,1,ok,,False,ok,,False,ok,,,not_applicable,the prompt does not state how many items it wants,14,ok,,1,ok,,19,ok,,3,ok,,0,ok,,1,ok,,0,ok,,0,ok,,22,ok,,1,ok,,0,ok,,0,ok,,False,ok,,False,ok,,False,ok,,False,ok,,True,ok,,0,ok,,27,ok,,0,ok,,0,ok,,0,ok,,29,ok,,0.319,ok,,True,ok,,1,ok,,absolute,ok,,False,ok,,1,ok,,2067.0,ok,,2067.0,ok,,0.0,ok,,False,ok,,False,ok,,0,ok,,False,ok,,False,ok,,,not_applicable,the prompt is not phrased as a comparison,False,ok,,True,ok,,False,ok,,False,ok,,0,ok,,2,ok,,4,ok,,2,ok,,Math,ok,,3.2,ok,,science,ok,,en,ok,,1.0,ok,,True,ok,,0.018,ok,,0,ok,,0,ok,,False,ok,,0,ok,,0.873,ok,,False,ok,,0,ok,,0.0,ok,,False,ok,,False,ok,,,not_applicable,the prompt does not ask for a particular output format,False,ok,,False,ok,,0.0,ok,,False,ok,,False,ok,,0.999,ok,,0,ok,,False,ok,,0,ok,,0,ok,,0,ok,,4,ok,,False,ok,,False,ok,,False,ok,,0.0,ok,,0.891,ok,,0.25,ok,,0.281,ok,,0.25,ok,,0.361,ok,,10.0,False,False,True,False,False,73,False,10,56.0,0.0,False
11546,0.7999999999999999,24,30,engineering,333,ok,,72,ok,,119,ok,,4,ok,,11,ok,,6,ok,,18.0,ok,,3.96,ok,,9,ok,,0.158,ok,,1.65,ok,,0.054,ok,,0.216,ok,,0.06,ok,,0.084,ok,,1.65,ok,,True,ok,,93.11,ok,,5.55,ok,,-1.57,ok,,13.78,ok,,9,ok,,0.125,ok,,1.35,ok,,6,ok,,0.702,ok,,5.298,ok,,22.63,ok,,4.92,ok,,4.58,ok,,0.281,ok,,41,ok,,5.3,ok,,2.11,ok,,2,ok,,0.035,ok,,0.073,ok,,1,ok,,3,ok,,other,not_applicable,"no interrogative wh-word appears in the prompt, so there is no question word to report",,not_applicable,"the prompt has 0 distinct wh-word(s), so there is no second one",0,ok,,0,ok,,0,ok,,False,ok,,False,ok,,False,ok,,True,ok,,,not_applicable,"the prompt gives no command, so there is no task verb (a content verb inside a question does not count)",0,ok,,False,ok,,False,ok,,,not_applicable,the prompt does not state how many items it wants,11,ok,,1,ok,,13,ok,,3,ok,,0,ok,,1,ok,,0,ok,,0,ok,,10,ok,,0,ok,,0,ok,,0,ok,,False,ok,,False,ok,,False,ok,,False,ok,,False,ok,,1,ok,,15,ok,,0,ok,,0,ok,,0,ok,,17,ok,,0.415,ok,,True,ok,,2,ok,,range,ok,,False,ok,,1,ok,,2000.0,ok,,2000.0,ok,,0.0,ok,,False,ok,,False,ok,,0,ok,,False,ok,,False,ok,,,not_applicable,the prompt is not phrased as a comparison,False,ok,,True,ok,,False,ok,,False,ok,,0,ok,,2,ok,,4,ok,,2,ok,,Fact Retrieval,ok,,0.5,ok,,,not_applicable,no domain lexicon matched this prompt,en,ok,,1.0,ok,,True,ok,,0.0,ok,,0,ok,,0,ok,,False,ok,,0,ok,,0.734,ok,,False,ok,,0,ok,,0.0,ok,,False,ok,,False,ok,,,not_applicable,the prompt does not ask for a particular output format,False,ok,,False,ok,,0.0,ok,,False,ok,,False,ok,,0.997,ok,,0,ok,,False,ok,,0,ok,,0,ok,,0,ok,,3,ok,,False,ok,,False,ok,,False,ok,,0.0,ok,,0.949,ok,,0.25,ok,,0.138,ok,,0.25,ok,,0.308,ok,,10.0,False,False,False,False,False,42,False,10,7.0,0.4714045207910317,False
11631,0.5666666666666667,17,30,engineering,731,ok,,111,ok,,290,ok,,7,ok,,11,ok,,9,ok,,15.86,ok,,3.86,ok,,12,ok,,0.147,ok,,2.61,ok,,0.131,ok,,0.152,ok,,0.051,ok,,0.097,ok,,4.01,ok,,True,ok,,80.18,ok,,5.32,ok,,8.44,ok,,14.31,ok,,19,ok,,0.171,ok,,1.25,ok,,6,ok,,0.473,ok,,5.371,ok,,18.81,ok,,5.28,ok,,4.91,ok,,0.209,ok,,101,ok,,4.63,ok,,0.0,ok,,10,ok,,0.078,ok,,0.218,ok,,21,ok,,4,ok,,other,not_applicable,"no interrogative wh-word appears in the prompt, so there is no question word to report",,not_applicable,"the prompt has 0 distinct wh-word(s), so there is no second one",0,ok,,0,ok,,0,ok,,False,ok,,False,ok,,False,ok,,False,ok,,give,ok,,0,ok,,False,ok,,False,ok,,,not_applicable,the prompt does not state how many items it wants,10,ok,,6,ok,,17,ok,,5,ok,,1,ok,,2,ok,,0,ok,,3,ok,,27,ok,,0,ok,,1,ok,,44,ok,,False,ok,,False,ok,,True,ok,,False,ok,,False,ok,,0,ok,,30,ok,,0,ok,,0,ok,,11,ok,,38,ok,,0.376,ok,,False,ok,,0,ok,,none,not_applicable,the prompt contains no time expression at all,False,ok,,0,ok,,,not_applicable,"the prompt names no year, so there is no earliest year",,not_applicable,"the prompt names no year, so there is no latest year",,not_applicable,"the prompt names no year, so the window has no width; reporting 0 here would look like a single-year constraint",False,ok,,False,ok,,0,ok,,False,ok,,False,ok,,,not_applicable,the prompt is not phrased as a comparison,False,ok,,True,ok,,False,ok,,False,ok,,0,ok,,2,ok,,4,ok,,2,ok,,Math,ok,,1.2,ok,,legal,ok,,en,ok,,1.0,ok,,True,ok,,0.003,ok,,0,ok,,0,ok,,False,ok,,0,ok,,0.851,ok,,False,ok,,0,ok,,0.0,ok,,False,ok,,False,ok,,,not_applicable,the prompt does not ask for a particular output format,False,ok,,False,ok,,0.0,ok,,False,ok,,False,ok,,0.999,ok,,0,ok,,False,ok,,0,ok,,0,ok,,0,ok,,5,ok,,False,ok,,False,ok,,False,ok,,0.0,ok,,0.926,ok,,0.25,ok,,0.36,ok,,0.0,ok,,0.293,ok,,10.0,False,False,False,False,False,81,True,10,22.0,0.4714045207910317,False
11675,0.03333333333333333,1,30,engineering,434,ok,,94,ok,,174,ok,,5,ok,,11,ok,,7,ok,,18.8,ok,,3.58,ok,,11,ok,,0.127,ok,,1.85,ok,,0.111,ok,,0.217,ok,,0.1,ok,,0.12,ok,,3.13,ok,,True,ok,,84.3,ok,,4.8,ok,,-1.96,ok,,14.09,ok,,13,ok,,0.138,ok,,1.43,ok,,5,ok,,0.582,ok,,5.175,ok,,13.17,ok,,4.95,ok,,4.8,ok,,0.329,ok,,42,ok,,5.47,ok,,0.0,ok,,3,ok,,0.038,ok,,0.167,ok,,14,ok,,3,ok,,how,ok,,,not_applicable,"the prompt has 1 distinct wh-word(s), so there is no second one",1,ok,,1,ok,,0,ok,,False,ok,,True,ok,,False,ok,,True,ok,,,not_applicable,"the prompt gives no command, so there is no task verb (a content verb inside a question does not count)",0,ok,,False,ok,,False,ok,,,not_applicable,the prompt does not state how many items it wants,8,ok,,2,ok,,11,ok,,3,ok,,0,ok,,2,ok,,0,ok,,0,ok,,34,ok,,0,ok,,0,ok,,0,ok,,False,ok,,False,ok,,False,ok,,False,ok,,True,ok,,0,ok,,25,ok,,0,ok,,0,ok,,1,ok,,27,ok,,0.643,ok,,False,ok,,0,ok,,none,not_applicable,the prompt contains no time expression at all,False,ok,,0,ok,,,not_applicable,"the prompt names no year, so there is no earliest year",,not_applicable,"the prompt names no year, so there is no latest year",,not_applicable,"the prompt names no year, so the window has no width; reporting 0 here would look like a single-year constraint",False,ok,,False,ok,,0,ok,,False,ok,,False,ok,,,not_applicable,the prompt is not phrased as a comparison,False,ok,,True,ok,,True,ok,,False,ok,,0,ok,,1,ok,,3,ok,,3,ok,,Math,ok,,3.2,ok,,,not_applicable,no domain lexicon matched this prompt,en,ok,,1.0,ok,,True,ok,,0.002,ok,,0,ok,,0,ok,,False,ok,,0,ok,,0.735,ok,,False,ok,,0,ok,,0.0,ok,,False,ok,,False,ok,,,not_applicable,the prompt does not ask for a particular output format,False,ok,,False,ok,,0.0,ok,,False,ok,,False,ok,,0.998,ok,,0,ok,,False,ok,,0,ok,,1,ok,,0,ok,,4,ok,,False,ok,,False,ok,,False,ok,,0.0,ok,,1.0,ok,,0.167,ok,,0.195,ok,,0.0,ok,,0.181,ok,,10.0,False,False,True,False,False,54,False,10,11.1,1.100504934614612,False
11740,0.13333333333333333,4,30,engineering,275,ok,,59,ok,,111,ok,,2,ok,,11,ok,,4,ok,,29.5,ok,,3.85,ok,,12,ok,,0.152,ok,,1.88,ok,,0.047,ok,,0.215,ok,,0.281,ok,,0.131,ok,,1.9,ok,,True,ok,,90.98,ok,,5.54,ok,,-1.36,ok,,15.14,ok,,9,ok,,0.153,ok,,1.39,ok,,5,ok,,0.739,ok,,5.013,ok,,31.33,unreliable,MTLD needs about 50 tokens to stabilise; this prompt has 46,4.61,ok,,4.72,ok,,0.261,ok,,34,ok,,4.67,ok,,0.0,ok,,15,ok,,0.326,ok,,0.471,ok,,1,ok,,3,ok,,other,not_applicable,"no interrogative wh-word appears in the prompt, so there is no question word to report",,not_applicable,"the prompt has 0 distinct wh-word(s), so there is no second one",0,ok,,0,ok,,0,ok,,False,ok,,False,ok,,False,ok,,False,ok,,,not_applicable,"the prompt gives no command, so there is no task verb (a content verb inside a question does not count)",0,ok,,False,ok,,False,ok,,,not_applicable,the prompt does not state how many items it wants,8,ok,,6,ok,,18,ok,,4,ok,,0,ok,,5,ok,,0,ok,,1,ok,,21,ok,,12,ok,,0,ok,,0,ok,,False,ok,,False,ok,,False,ok,,False,ok,,False,ok,,0,ok,,13,ok,,1,ok,,0,ok,,0,ok,,32,ok,,0.941,ok,,False,ok,,0,ok,,none,not_applicable,the prompt contains no time expression at all,False,ok,,0,ok,,,not_applicable,"the prompt names no year, so there is no earliest year",,not_applicable,"the prompt names no year, so there is no latest year",,not_applicable,"the prompt names no year, so the window has no width; reporting 0 here would look like a single-year constraint",False,ok,,False,ok,,0,ok,,False,ok,,False,ok,,,not_applicable,the prompt is not phrased as a comparison,False,ok,,False,ok,,False,ok,,False,ok,,0,ok,,1,ok,,2,ok,,2,ok,,Fact Retrieval,ok,,0.5,ok,,,not_applicable,no domain lexicon matched this prompt,en,ok,,1.0,ok,,True,ok,,0.0,ok,,0,ok,,0,ok,,False,ok,,0,ok,,0.725,ok,,False,ok,,0,ok,,0.0,ok,,False,ok,,False,ok,,,not_applicable,the prompt does not ask for a particular output format,True,ok,,False,ok,,0.0,ok,,False,ok,,False,ok,,0.996,ok,,0,ok,,False,ok,,0,ok,,0,ok,,0,ok,,2,ok,,False,ok,,False,ok,,False,ok,,0.0,ok,,1.0,ok,,0.083,ok,,0.535,ok,,0.0,ok,,0.302,ok,,10.0,False,False,False,False,False,29,False,10,7.0,0.0,False
11772,0.06666666666666667,2,30,engineering,1620,ok,,293,ok,,467,ok,,7,ok,,11,ok,,47,ok,,41.86,ok,,4.3,ok,,10,ok,,0.241,ok,,1.59,ok,,0.046,ok,,0.181,ok,,0.041,ok,,0.073,ok,,6.01,ok,,True,ok,,71.18,ok,,11.18,ok,,6.43,ok,,13.5,ok,,24,ok,,0.082,ok,,1.5,ok,,49,ok,,0.259,ok,,4.231,ok,,21.81,ok,,5.09,ok,,4.53,ok,,0.368,ok,,167,ok,,5.33,ok,,2.54,ok,,21,ok,,0.079,ok,,0.305,ok,,0,ok,,2,ok,,which,ok,,what,ok,,3,ok,,3,ok,,2,ok,,False,ok,,True,ok,,False,ok,,True,ok,,,not_applicable,"the prompt gives no command, so there is no task verb (a content verb inside a question does not count)",2,ok,,True,ok,,False,ok,,,not_applicable,the prompt does not state how many items it wants,28,ok,,22,ok,,63,ok,,6,ok,,10,ok,,12,ok,,0,ok,,0,ok,,9,ok,,0,ok,,0,ok,,0,ok,,False,ok,,False,ok,,False,ok,,False,ok,,False,ok,,0,ok,,41,ok,,2,ok,,0,ok,,15,ok,,65,ok,,0.389,ok,,True,ok,,31,ok,,range,ok,,True,ok,,15,ok,,1000.0,ok,,1600.0,ok,,600.0,ok,,False,ok,,True,ok,,13,ok,,False,ok,,False,ok,,,not_applicable,the prompt is not phrased as a comparison,True,ok,,True,ok,,True,ok,,True,ok,,0,ok,,3,ok,,5,ok,,5,ok,,Fact Retrieval,ok,,1.5,ok,,,not_applicable,no domain lexicon matched this prompt,en,ok,,1.0,ok,,True,ok,,0.0,ok,,0,ok,,0,ok,,False,ok,,0,ok,,0.878,ok,,False,ok,,0,ok,,0.0,ok,,False,ok,,False,ok,,,not_applicable,the prompt does not ask for a particular output format,False,ok,,False,ok,,0.0,ok,,True,ok,,False,ok,,0.999,ok,,0,ok,,False,ok,,0,ok,,1,ok,,0,ok,,10,ok,,False,ok,,False,ok,,False,ok,,0.0,ok,,0.933,ok,,0.575,ok,,0.236,ok,,1.0,ok,,0.769,ok,,10.0,False,False,True,False,False,133,True,10,83.1,0.8755950357709131,False
11782,0.0,0,30,engineering,1359,ok,,233,ok,,449,ok,,6,ok,,11,ok,,46,ok,,38.83,ok,,5.84,ok,,12,ok,,0.49,ok,,1.93,ok,,0.115,ok,,0.171,ok,,0.028,ok,,0.071,ok,,13.35,ok,,True,ok,,28.84,ok,,19.04,ok,,6.16,ok,,16.16,ok,,9,ok,,0.039,ok,,2.41,ok,,72,ok,,0.242,ok,,2.949,ok,,6.91,ok,,3.61,ok,,4.59,ok,,0.369,ok,,92,ok,,5.25,ok,,0.0,ok,,3,ok,,0.02,ok,,0.283,ok,,2,ok,,5,ok,,other,not_applicable,"no interrogative wh-word appears in the prompt, so there is no question word to report",,not_applicable,"the prompt has 0 distinct wh-word(s), so there is no second one",0,ok,,0,ok,,0,ok,,False,ok,,False,ok,,False,ok,,True,ok,,,not_applicable,"the prompt gives no command, so there is no task verb (a content verb inside a question does not count)",0,ok,,False,ok,,False,ok,,,not_applicable,the prompt does not state how many items it wants,32,ok,,16,ok,,53,ok,,7,ok,,3,ok,,10,ok,,2,ok,,1,ok,,49,ok,,0,ok,,0,ok,,0,ok,,False,ok,,False,ok,,False,ok,,True,ok,,True,ok,,2,ok,,85,ok,,0,ok,,0,ok,,0,ok,,103,ok,,1.12,ok,,False,ok,,0,ok,,none,not_applicable,the prompt contains no time expression at all,False,ok,,0,ok,,,not_applicable,"the prompt names no year, so there is no earliest year",,not_applicable,"the prompt names no year, so there is no latest year",,not_applicable,"the prompt names no year, so the window has no width; reporting 0 here would look like a single-year constraint",False,ok,,False,ok,,0,ok,,False,ok,,False,ok,,,not_applicable,the prompt is not phrased as a comparison,False,ok,,False,ok,,False,ok,,False,ok,,0,ok,,2,ok,,3,ok,,1,ok,,Coding,ok,,2.0,ok,,,not_applicable,no domain lexicon matched this prompt,en,ok,,1.0,ok,,True,ok,,0.015,ok,,0,ok,,0,ok,,False,ok,,0,ok,,0.896,ok,,False,ok,,0,ok,,0.0,ok,,False,ok,,False,ok,,,not_applicable,the prompt does not ask for a particular output format,False,ok,,False,ok,,0.0,ok,,True,ok,,False,ok,,0.999,ok,,0,ok,,False,ok,,0,ok,,0,ok,,0,ok,,8,ok,,False,ok,,False,ok,,False,ok,,0.0,ok,,1.0,ok,,0.167,ok,,0.226,ok,,0.0,ok,,0.195,ok,,10.0,False,False,False,False,False,43,False,10,107.1,0.5676462121975467,False
11817,0.3,9,30,engineering,418,ok,,71,ok,,161,ok,,4,ok,,11,ok,,6,ok,,17.75,ok,,3.81,ok,,18,ok,,0.194,ok,,2.27,ok,,0.1,ok,,0.17,ok,,0.116,ok,,0.151,ok,,3.75,ok,,True,ok,,78.39,ok,,6.36,ok,,4.61,ok,,15.36,ok,,17,ok,,0.239,ok,,1.46,ok,,7,ok,,0.642,ok,,5.253,ok,,17.19,ok,,4.88,ok,,4.95,ok,,0.239,ok,,50,ok,,4.72,ok,,0.0,ok,,15,ok,,0.224,ok,,0.4,ok,,13,ok,,6,ok,,other,not_applicable,"no interrogative wh-word appears in the prompt, so there is no question word to report",,not_applicable,"the prompt has 0 distinct wh-word(s), so there is no second one",0,ok,,0,ok,,0,ok,,False,ok,,False,ok,,False,ok,,False,ok,,,not_applicable,"the prompt gives no command, so there is no task verb (a content verb inside a question does not count)",0,ok,,False,ok,,False,ok,,,not_applicable,the prompt does not state how many items it wants,9,ok,,2,ok,,6,ok,,2,ok,,0,ok,,0,ok,,0,ok,,2,ok,,29,ok,,0,ok,,0,ok,,0,ok,,False,ok,,False,ok,,False,ok,,False,ok,,False,ok,,2,ok,,13,ok,,0,ok,,0,ok,,0,ok,,17,ok,,0.34,ok,,False,ok,,0,ok,,none,not_applicable,the prompt contains no time expression at all,False,ok,,0,ok,,,not_applicable,"the prompt names no year, so there is no earliest year",,not_applicable,"the prompt names no year, so there is no latest year",,not_applicable,"the prompt names no year, so the window has no width; reporting 0 here would look like a single-year constraint",False,ok,,False,ok,,0,ok,,False,ok,,False,ok,,,not_applicable,the prompt is not phrased as a comparison,False,ok,,False,ok,,True,ok,,False,ok,,0,ok,,2,ok,,3,ok,,2,ok,,Fact Retrieval,ok,,0.5,ok,,,not_applicable,no domain lexicon matched this prompt,en,ok,,1.0,ok,,True,ok,,0.002,ok,,0,ok,,0,ok,,False,ok,,0,ok,,0.731,ok,,False,ok,,0,ok,,0.0,ok,,False,ok,,False,ok,,,not_applicable,the prompt does not ask for a particular output format,False,ok,,False,ok,,0.0,ok,,False,ok,,False,ok,,0.998,ok,,0,ok,,False,ok,,0,ok,,0,ok,,0,ok,,3,ok,,False,ok,,False,ok,,False,ok,,0.0,ok,,0.821,ok,,0.167,ok,,0.498,ok,,0.0,ok,,0.318,ok,,10.0,False,False,False,False,False,41,False,10,13.0,0.816496580927726,False
11835,0.10000000000000002,3,30,engineering,430,ok,,90,ok,,193,ok,,4,ok,,11,ok,,4,ok,,22.5,ok,,4.0,ok,,12,ok,,0.094,ok,,2.14,ok,,0.126,ok,,0.209,ok,,0.07,ok,,0.172,ok,,2.83,ok,,True,ok,,84.44,ok,,5.33,ok,,-0.34,ok,,15.12,ok,,9,ok,,0.1,ok,,1.55,ok,,5,ok,,0.679,ok,,4.945,ok,,20.14,ok,,4.66,ok,,4.79,ok,,0.264,ok,,39,ok,,5.16,ok,,0.0,ok,,1,ok,,0.019,ok,,0.103,ok,,1,ok,,2,ok,,other,not_applicable,"no interrogative wh-word appears in the prompt, so there is no question word to report",,not_applicable,"the prompt has 0 distinct wh-word(s), so there is no second one",0,ok,,0,ok,,0,ok,,False,ok,,False,ok,,False,ok,,False,ok,,,not_applicable,"the prompt gives no command, so there is no task verb (a content verb inside a question does not count)",0,ok,,False,ok,,False,ok,,,not_applicable,the prompt does not state how many items it wants,8,ok,,0,ok,,11,ok,,1,ok,,0,ok,,0,ok,,0,ok,,0,ok,,26,ok,,0,ok,,0,ok,,0,ok,,False,ok,,False,ok,,False,ok,,False,ok,,True,ok,,0,ok,,37,ok,,0,ok,,0,ok,,11,ok,,37,ok,,0.949,ok,,False,ok,,0,ok,,none,not_applicable,the prompt contains no time expression at all,False,ok,,0,ok,,,not_applicable,"the prompt names no year, so there is no earliest year",,not_applicable,"the prompt names no year, so there is no latest year",,not_applicable,"the prompt names no year, so the window has no width; reporting 0 here would look like a single-year constraint",False,ok,,False,ok,,0,ok,,False,ok,,False,ok,,,not_applicable,the prompt is not phrased as a comparison,False,ok,,False,ok,,True,ok,,False,ok,,0,ok,,2,ok,,3,ok,,3,ok,,Math,ok,,2.0,ok,,,not_applicable,no domain lexicon matched this prompt,en,ok,,1.0,ok,,True,ok,,0.028,ok,,0,ok,,0,ok,,False,ok,,0,ok,,0.78,ok,,False,ok,,0,ok,,0.0,ok,,False,ok,,False,ok,,,not_applicable,the prompt does not ask for a particular output format,False,ok,,False,ok,,0.0,ok,,False,ok,,False,ok,,0.998,ok,,0,ok,,False,ok,,0,ok,,0,ok,,0,ok,,1,ok,,False,ok,,False,ok,,False,ok,,0.0,ok,,0.833,ok,,0.167,ok,,0.199,ok,,0.0,ok,,0.183,ok,,10.0,False,False,False,False,False,40,False,10,18.0,0.0,False
11857,0.8666666666666667,26,30,engineering,369,ok,,81,ok,,131,ok,,3,ok,,11,ok,,9,ok,,27.0,ok,,3.69,ok,,11,ok,,0.162,ok,,1.62,ok,,0.054,ok,,0.22,ok,,0.05,ok,,0.073,ok,,3.16,ok,,True,ok,,85.52,ok,,7.39,ok,,-0.63,ok,,11.6,ok,,12,ok,,0.148,ok,,1.41,ok,,10,ok,,0.676,ok,,5.578,ok,,19.96,ok,,5.08,ok,,4.48,ok,,0.5,ok,,34,ok,,5.92,ok,,3.4,ok,,0,ok,,0.0,ok,,0.235,ok,,0,ok,,2,ok,,other,not_applicable,"no interrogative wh-word appears in the prompt, so there is no question word to report",,not_applicable,"the prompt has 0 distinct wh-word(s), so there is no second one",0,ok,,0,ok,,0,ok,,False,ok,,False,ok,,False,ok,,False,ok,,,not_applicable,"the prompt gives no command, so there is no task verb (a content verb inside a question does not count)",0,ok,,False,ok,,False,ok,,,not_applicable,the prompt does not state how many items it wants,11,ok,,4,ok,,9,ok,,4,ok,,1,ok,,2,ok,,0,ok,,1,ok,,9,ok,,0,ok,,0,ok,,0,ok,,False,ok,,False,ok,,False,ok,,False,ok,,False,ok,,0,ok,,13,ok,,0,ok,,0,ok,,0,ok,,17,ok,,0.5,ok,,False,ok,,0,ok,,none,not_applicable,the prompt contains no time expression at all,False,ok,,0,ok,,,not_applicable,"the prompt names no year, so there is no earliest year",,not_applicable,"the prompt names no year, so there is no latest year",,not_applicable,"the prompt names no year, so the window has no width; reporting 0 here would look like a single-year constraint",False,ok,,False,ok,,0,ok,,False,ok,,False,ok,,,not_applicable,the prompt is not phrased as a comparison,False,ok,,False,ok,,True,ok,,False,ok,,0,ok,,3,ok,,4,ok,,2,ok,,Fact Retrieval,ok,,0.5,ok,,,not_applicable,no domain lexicon matched this prompt,en,ok,,1.0,ok,,True,ok,,0.0,ok,,0,ok,,0,ok,,False,ok,,0,ok,,0.703,ok,,False,ok,,0,ok,,0.0,ok,,False,ok,,False,ok,,,not_applicable,the prompt does not ask for a particular output format,False,ok,,False,ok,,0.0,ok,,False,ok,,False,ok,,0.997,ok,,0,ok,,False,ok,,0,ok,,0,ok,,0,ok,,5,ok,,False,ok,,False,ok,,False,ok,,0.0,ok,,1.0,ok,,0.25,ok,,0.153,ok,,0.0,ok,,0.204,ok,,10.0,False,False,False,False,False,51,False,10,5.4,0.966091783079296,False
11862,0.9333333333333332,28,30,engineering,464,ok,,97,ok,,185,ok,,14,ok,,11,ok,,4,ok,,6.93,ok,,4.01,ok,,13,ok,,0.189,ok,,1.91,ok,,0.082,ok,,0.209,ok,,0.064,ok,,0.099,ok,,5.45,ok,,True,ok,,69.31,ok,,9.58,ok,,-0.09,ok,,13.77,ok,,11,ok,,0.113,ok,,1.7,ok,,16,ok,,0.514,ok,,4.417,ok,,10.65,ok,,4.6,ok,,4.52,ok,,0.419,ok,,43,ok,,5.58,ok,,0.0,ok,,3,ok,,0.041,ok,,0.14,ok,,1,ok,,3,ok,,other,not_applicable,"no interrogative wh-word appears in the prompt, so there is no question word to report",,not_applicable,"the prompt has 0 distinct wh-word(s), so there is no second one",0,ok,,0,ok,,0,ok,,False,ok,,False,ok,,False,ok,,True,ok,,calculate,ok,,1,ok,,False,ok,,False,ok,,,not_applicable,the prompt does not state how many items it wants,6,ok,,1,ok,,12,ok,,2,ok,,1,ok,,0,ok,,0,ok,,0,ok,,16,ok,,1,ok,,0,ok,,0,ok,,False,ok,,False,ok,,False,ok,,False,ok,,True,ok,,1,ok,,33,ok,,0,ok,,0,ok,,2,ok,,36,ok,,0.837,ok,,False,ok,,0,ok,,none,not_applicable,the prompt contains no time expression at all,False,ok,,0,ok,,,not_applicable,"the prompt names no year, so there is no earliest year",,not_applicable,"the prompt names no year, so there is no latest year",,not_applicable,"the prompt names no year, so the window has no width; reporting 0 here would look like a single-year constraint",False,ok,,False,ok,,0,ok,,False,ok,,False,ok,,,not_applicable,the prompt is not phrased as a comparison,False,ok,,False,ok,,False,ok,,False,ok,,0,ok,,1,ok,,2,ok,,2,ok,,Math,ok,,3.2,ok,,,not_applicable,no domain lexicon matched this prompt,en,ok,,1.0,ok,,True,ok,,0.0,ok,,0,ok,,0,ok,,False,ok,,0,ok,,0.826,ok,,False,ok,,0,ok,,0.0,ok,,False,ok,,False,ok,,,not_applicable,the prompt does not ask for a particular output format,False,ok,,False,ok,,0.0,ok,,False,ok,,False,ok,,0.998,ok,,0,ok,,False,ok,,0,ok,,0,ok,,0,ok,,2,ok,,False,ok,,False,ok,,False,ok,,0.0,ok,,0.917,ok,,0.083,ok,,0.198,ok,,0.0,ok,,0.141,ok,,10.0,False,False,False,False,False,49,False,10,17.2,1.6865480854231356,False
11945,0.43333333333333335,13,30,engineering,592,ok,,109,ok,,226,ok,,24,ok,,11,ok,,4,ok,,4.54,ok,,4.04,ok,,13,ok,,0.181,ok,,2.07,ok,,0.103,ok,,0.184,ok,,0.04,ok,,0.167,ok,,8.93,ok,,True,ok,,69.84,ok,,12.39,ok,,5.3,ok,,15.73,ok,,14,ok,,0.128,ok,,1.47,ok,,10,ok,,0.506,ok,,4.61,ok,,8.4,ok,,4.57,ok,,4.61,ok,,0.337,ok,,55,ok,,5.01,ok,,0.0,ok,,5,ok,,0.06,ok,,0.2,ok,,3,ok,,4,ok,,other,not_applicable,"no interrogative wh-word appears in the prompt, so there is no question word to report",,not_applicable,"the prompt has 0 distinct wh-word(s), so there is no second one",0,ok,,0,ok,,0,ok,,False,ok,,False,ok,,False,ok,,False,ok,,,not_applicable,"the prompt gives no command, so there is no task verb (a content verb inside a question does not count)",0,ok,,False,ok,,False,ok,,,not_applicable,the prompt does not state how many items it wants,9,ok,,5,ok,,23,ok,,6,ok,,2,ok,,3,ok,,0,ok,,0,ok,,17,ok,,0,ok,,0,ok,,0,ok,,False,ok,,False,ok,,False,ok,,False,ok,,False,ok,,0,ok,,26,ok,,2,ok,,0,ok,,2,ok,,33,ok,,0.6,ok,,True,ok,,3,ok,,range,ok,,False,ok,,3,ok,,1400.0,ok,,2000.0,ok,,600.0,ok,,False,ok,,True,ok,,1,ok,,False,ok,,False,ok,,,not_applicable,the prompt is not phrased as a comparison,False,ok,,False,ok,,False,ok,,False,ok,,0,ok,,1,ok,,2,ok,,5,ok,,Fact Retrieval,ok,,0.5,ok,,,not_applicable,no domain lexicon matched this prompt,en,ok,,1.0,ok,,True,ok,,0.0,ok,,0,ok,,0,ok,,False,ok,,0,ok,,0.758,ok,,False,ok,,0,ok,,0.0,ok,,False,ok,,False,ok,,,not_applicable,the prompt does not ask for a particular output format,True,ok,,False,ok,,0.0,ok,,False,ok,,False,ok,,0.998,ok,,0,ok,,False,ok,,0,ok,,0,ok,,0,ok,,2,ok,,False,ok,,False,ok,,False,ok,,0.0,ok,,1.0,ok,,0.083,ok,,0.253,ok,,0.5,ok,,0.487,ok,,10.0,False,False,False,False,False,49,False,10,24.0,0.0,False
12072,0.3666666666666667,11,30,engineering,889,ok,,163,ok,,347,ok,,6,ok,,11,ok,,5,ok,,27.17,ok,,3.8,ok,,10,ok,,0.066,ok,,2.13,ok,,0.103,ok,,0.183,ok,,0.055,ok,,0.143,ok,,4.72,ok,,True,ok,,80.58,ok,,10.73,ok,,4.04,ok,,13.38,ok,,9,ok,,0.055,ok,,1.43,ok,,26,ok,,0.324,ok,,3.773,ok,,9.73,ok,,4.28,ok,,4.71,ok,,0.169,ok,,110,ok,,5.0,ok,,2.54,ok,,3,ok,,0.022,ok,,0.255,ok,,0,ok,,2,ok,,other,not_applicable,"no interrogative wh-word appears in the prompt, so there is no question word to report",,not_applicable,"the prompt has 0 distinct wh-word(s), so there is no second one",0,ok,,0,ok,,0,ok,,False,ok,,False,ok,,False,ok,,False,ok,,calculate,ok,,1,ok,,False,ok,,False,ok,,,not_applicable,the prompt does not state how many items it wants,12,ok,,0,ok,,38,ok,,3,ok,,0,ok,,0,ok,,0,ok,,0,ok,,12,ok,,0,ok,,0,ok,,0,ok,,False,ok,,False,ok,,False,ok,,True,ok,,True,ok,,0,ok,,57,ok,,1,ok,,0,ok,,1,ok,,58,ok,,0.527,ok,,True,ok,,22,ok,,range,ok,,True,ok,,21,ok,,1700.0,ok,,1900.0,ok,,200.0,ok,,False,ok,,False,ok,,0,ok,,False,ok,,False,ok,,,not_applicable,the prompt is not phrased as a comparison,False,ok,,False,ok,,False,ok,,False,ok,,0,ok,,2,ok,,3,ok,,3,ok,,Math,ok,,3.2,ok,,,not_applicable,no domain lexicon matched this prompt,en,ok,,1.0,ok,,True,ok,,0.0,ok,,0,ok,,0,ok,,False,ok,,0,ok,,0.881,ok,,False,ok,,0,ok,,0.0,ok,,False,ok,,False,ok,,,not_applicable,the prompt does not ask for a particular output format,False,ok,,False,ok,,0.0,ok,,False,ok,,False,ok,,0.999,ok,,0,ok,,False,ok,,0,ok,,0,ok,,0,ok,,2,ok,,False,ok,,False,ok,,False,ok,,0.0,ok,,1.0,ok,,0.167,ok,,0.245,ok,,1.0,ok,,0.642,ok,,10.0,False,False,False,False,False,63,False,10,54.0,0.0,False
12081,0.0,0,30,engineering,993,ok,,155,ok,,295,ok,,3,ok,,11,ok,,6,ok,,51.67,ok,,5.34,ok,,10,ok,,0.478,ok,,1.9,ok,,0.061,ok,,0.156,ok,,0.131,ok,,0.061,ok,,7.41,ok,,True,ok,,54.5,ok,,12.62,ok,,9.07,ok,,16.11,ok,,16,ok,,0.103,ok,,1.79,ok,,38,ok,,0.294,ok,,3.43,ok,,11.96,ok,,4.16,ok,,4.58,ok,,0.14,ok,,96,ok,,4.64,ok,,2.54,ok,,13,ok,,0.096,ok,,0.375,ok,,1,ok,,2,ok,,when,ok,,,not_applicable,"the prompt has 1 distinct wh-word(s), so there is no second one",1,ok,,1,ok,,0,ok,,False,ok,,True,ok,,False,ok,,True,ok,,calculate,ok,,1,ok,,False,ok,,False,ok,,,not_applicable,the prompt does not state how many items it wants,12,ok,,2,ok,,24,ok,,4,ok,,0,ok,,2,ok,,0,ok,,0,ok,,88,ok,,0,ok,,0,ok,,0,ok,,False,ok,,False,ok,,False,ok,,False,ok,,True,ok,,0,ok,,24,ok,,2,ok,,0,ok,,0,ok,,28,ok,,0.292,ok,,True,ok,,2,ok,,relative,ok,,True,ok,,0,ok,,,not_applicable,"the prompt names no year, so there is no earliest year",,not_applicable,"the prompt names no year, so there is no latest year",,not_applicable,"the prompt names no year, so the window has no width; reporting 0 here would look like a single-year constraint",False,ok,,False,ok,,0,ok,,False,ok,,False,ok,,,not_applicable,the prompt is not phrased as a comparison,False,ok,,False,ok,,False,ok,,False,ok,,0,ok,,1,ok,,2,ok,,2,ok,,Math,ok,,3.2,ok,,,not_applicable,no domain lexicon matched this prompt,en,ok,,1.0,ok,,True,ok,,0.02,ok,,0,ok,,0,ok,,False,ok,,0,ok,,0.892,ok,,False,ok,,0,ok,,0.0,ok,,False,ok,,False,ok,,,not_applicable,the prompt does not ask for a particular output format,False,ok,,False,ok,,0.0,ok,,False,ok,,False,ok,,0.999,ok,,0,ok,,False,ok,,0,ok,,0,ok,,0,ok,,4,ok,,False,ok,,False,ok,,False,ok,,0.0,ok,,0.875,ok,,0.083,ok,,0.341,ok,,0.75,ok,,0.535,ok,,10.0,False,False,False,False,False,45,False,10,67.4,1.07496769977314,False
12193,0.0,0,30,engineering,65,ok,,16,ok,,28,ok,,2,ok,,5,ok,,1,ok,,8.0,ok,,3.58,ok,,6,ok,,0.0,ok,,1.75,ok,,0.077,ok,,0.246,ok,,0.154,ok,,0.077,ok,,6.88,ok,,True,ok,,74.27,ok,,8.9,ok,,-1.7,ok,,14.3,ok,,3,ok,,0.188,ok,,1.5,ok,,1,ok,,1.0,ok,,3.464,ok,,12.0,unreliable,MTLD needs about 50 tokens to stabilise; this prompt has 12,3.58,ok,,4.34,ok,,0.333,ok,,8,ok,,5.68,ok,,3.66,ok,,0,ok,,0.0,ok,,0.0,ok,,0,ok,,2,ok,,how,ok,,,not_applicable,"the prompt has 1 distinct wh-word(s), so there is no second one",1,ok,,1,ok,,0,ok,,False,ok,,True,ok,,False,ok,,False,ok,,,not_applicable,"the prompt gives no command, so there is no task verb (a content verb inside a question does not count)",0,ok,,False,ok,,False,ok,,,not_applicable,the prompt does not state how many items it wants,4,ok,,0,ok,,2,ok,,1,ok,,0,ok,,0,ok,,0,ok,,0,ok,,4,ok,,0,ok,,0,ok,,0,ok,,False,ok,,False,ok,,False,ok,,False,ok,,False,ok,,0,ok,,4,ok,,0,ok,,0,ok,,0,ok,,4,ok,,0.5,ok,,False,ok,,0,ok,,none,not_applicable,the prompt contains no time expression at all,False,ok,,0,ok,,,not_applicable,"the prompt names no year, so there is no earliest year",,not_applicable,"the prompt names no year, so there is no latest year",,not_applicable,"the prompt names no year, so the window has no width; reporting 0 here would look like a single-year constraint",False,ok,,False,ok,,0,ok,,False,ok,,False,ok,,,not_applicable,the prompt is not phrased as a comparison,False,ok,,True,ok,,False,ok,,False,ok,,0,ok,,0,ok,,2,ok,,1,ok,,Reasoning,not_applicable,"no category lexicon matched, so the category defaults to Reasoning",0.0,ok,,,not_applicable,no domain lexicon matched this prompt,en,ok,,1.0,ok,,True,ok,,0.0,ok,,0,ok,,0,ok,,False,ok,,0,ok,,0.517,ok,,False,ok,,0,ok,,0.0,ok,,False,ok,,False,ok,,,not_applicable,the prompt does not ask for a particular output format,False,ok,,False,ok,,0.0,ok,,False,ok,,False,ok,,0.985,ok,,0,ok,,False,ok,,0,ok,,1,ok,,0,ok,,0,ok,,False,ok,,False,ok,,False,ok,,0.0,ok,,0.833,ok,,0.083,ok,,0.1,ok,,0.0,ok,,0.097,ok,,4.0,False,False,False,False,False,8,False,4,1.25,0.5,False
12243,0.5333333333333333,16,30,engineering,416,ok,,73,ok,,179,ok,,6,ok,,11,ok,,3,ok,,12.17,ok,,3.68,ok,,13,ok,,0.155,ok,,2.45,ok,,0.13,ok,,0.175,ok,,0.053,ok,,0.108,ok,,2.33,ok,,True,ok,,88.09,ok,,5.0,ok,,2.47,ok,,15.03,ok,,11,ok,,0.151,ok,,1.31,ok,,6,ok,,0.634,ok,,5.341,ok,,18.08,ok,,4.95,ok,,4.84,ok,,0.197,ok,,57,ok,,4.75,ok,,0.0,ok,,5,ok,,0.07,ok,,0.333,ok,,4,ok,,4,ok,,other,not_applicable,"no interrogative wh-word appears in the prompt, so there is no question word to report",,not_applicable,"the prompt has 0 distinct wh-word(s), so there is no second one",0,ok,,0,ok,,0,ok,,False,ok,,False,ok,,False,ok,,True,ok,,,not_applicable,"the prompt gives no command, so there is no task verb (a content verb inside a question does not count)",0,ok,,False,ok,,False,ok,,,not_applicable,the prompt does not state how many items it wants,6,ok,,3,ok,,13,ok,,4,ok,,0,ok,,2,ok,,0,ok,,1,ok,,26,ok,,0,ok,,0,ok,,0,ok,,False,ok,,False,ok,,False,ok,,True,ok,,True,ok,,1,ok,,17,ok,,0,ok,,0,ok,,0,ok,,21,ok,,0.368,ok,,False,ok,,0,ok,,none,not_applicable,the prompt contains no time expression at all,False,ok,,0,ok,,,not_applicable,"the prompt names no year, so there is no earliest year",,not_applicable,"the prompt names no year, so there is no latest year",,not_applicable,"the prompt names no year, so the window has no width; reporting 0 here would look like a single-year constraint",False,ok,,False,ok,,0,ok,,False,ok,,False,ok,,,not_applicable,the prompt is not phrased as a comparison,False,ok,,False,ok,,False,ok,,False,ok,,0,ok,,2,ok,,3,ok,,1,ok,,Coding,ok,,2.0,ok,,business,ok,,en,ok,,1.0,ok,,True,ok,,0.0,ok,,0,ok,,0,ok,,False,ok,,0,ok,,0.719,ok,,False,ok,,0,ok,,0.0,ok,,False,ok,,False,ok,,,not_applicable,the prompt does not ask for a particular output format,False,ok,,False,ok,,0.0,ok,,False,ok,,False,ok,,0.998,ok,,0,ok,,False,ok,,0,ok,,0,ok,,0,ok,,2,ok,,False,ok,,False,ok,,False,ok,,0.0,ok,,0.921,ok,,0.167,ok,,0.372,ok,,0.0,ok,,0.261,ok,,10.0,False,False,False,False,False,43,False,10,11.0,0.0,False
